obj,m,step,kind,N,tw,rho,rhom,w,hid,c,f,fw,fh
torus4,4,1.5,cont,1000,6.975756347838596,0.7410097742956043,0.7588738956822566,4.160765567189091,,,1.743939086959649,1.0401913917972727,
torus4,4,1.5,cont,3000,7.176936477180624,0.8822739194586897,0.8977177588356868,4.20548388659253,7.228986370143746,,1.794234119295156,1.0513709716481325,1.8072465925359364
torus4,4,1.5,cont,10000,7.686696226525364,1.0371424104248221,1.0524597978073222,4.11998133443612,,"[6.8135020039764385, 6.0738782639740165, 5.918335647202153]",1.921674056631341,1.02999533360903,
torus4,4,1.5,cont,30000,7.724956446548572,1.205985029002547,1.2205542733256682,4.013353999468441,,,1.931239111637143,1.0033384998671102,
torus4,4,1.5,cont,100000,7.8674602713307165,1.4099771318499488,1.4213623840156588,4.034693406469879,,,1.9668650678326791,1.0086733516174697,
torus4,4,1.5,cells,1000,7.116716721086286,0.8883669419822686,0.9115565813764577,4.139736368321039,,,1.7791791802715715,1.0349340920802597,
torus4,4,1.5,cells,3000,6.929139339774946,1.0565494160799618,1.0671745152026981,4.024663729734579,6.63172991316229,,1.7322848349437365,1.0061659324336447,1.6579324782905724
torus4,4,1.5,cells,10000,6.483362783399558,1.2625835036705328,1.274288782913695,3.9741493689861573,,"[7.021346592339739, 6.7940356958626795, 6.649213522318835]",1.6208406958498895,0.9935373422465393,
torus4,4,1.5,cells,30000,5.800638693971471,1.5187675619919894,1.5275522497581158,3.9741493689861573,,,1.4501596734928677,0.9935373422465393,
torus4,4,1.5,cells,100000,5.11851549479739,1.9112503939607999,1.900622126129807,3.9741493689861573,,,1.2796288736993475,0.9935373422465393,
torus8,8,5.0,cont,1000,20.79482861395171,1.0489802555722256,1.0513621411765874,9.203514123503354,,,2.599353576743964,1.1504392654379192,
torus8,8,5.0,cont,3000,21.214463606638414,1.1038178707960187,1.1074790159981547,8.77987485588654,20.938678640411666,,2.651807950829802,1.0974843569858175,2.6173348300514583
torus8,8,5.0,cont,10000,20.27074907438309,1.1763110364090341,1.1778885642829313,8.47307943876766,,"[19.63450628920715, 19.560229786268522, 17.420631764350862]",2.5338436342978863,1.0591349298459576,
torus8,8,5.0,cont,30000,19.538826625167697,1.248646566201209,1.2494277535140392,8.413774195871179,,,2.442353328145962,1.0517217744838974,
torus8,8,5.0,cells,1000,18.315822285936267,1.0669106998956674,1.06933145027675,9.160340452740819,,,2.2894777857420334,1.1450425565926023,
torus8,8,5.0,cells,3000,15.614418291737252,1.1362458618324263,1.1441421976378714,8.766494902024691,15.132956170900865,,1.9518022864671565,1.0958118627530864,1.8916195213626081
torus8,8,5.0,cells,10000,14.381521526632419,1.2239536554395922,1.234180928853806,8.512522636549496,,"[16.76677084963748, 18.781382905702483, 17.287760777155505]",1.7976901908290523,1.064065329568687,
torus8,8,5.0,cells,30000,12.928911728571274,1.3258565606414565,1.3372369453798165,8.512522636549496,,,1.6161139660714092,1.064065329568687,
sphere8,8,0.1,cont,1000,7.157833447615519,0.1270569609667244,0.13065820803027597,5.990401472833202,,,0.8947291809519399,0.7488001841041503,
sphere8,8,0.1,cont,3000,5.645138757417729,0.14956746976503724,0.1566978080157614,5.551278321945457,5.070476750073256,,0.7056423446772161,0.6939097902431821,0.633809593759157
sphere8,8,0.1,cont,10000,3.9477522787176413,0.18794594546230808,0.20143538191474075,3.8276135650576957,,"[6.362356470828066, 7.190695726542381, 6.8173322183576905]",0.49346903483970517,0.47845169563221196,
sphere8,8,0.1,cont,30000,2.9252164954203836,0.26181854621985856,0.2690512718582796,2.8833235294719612,,,0.36565206192754796,0.36041544118399516,
sphere8,8,0.1,cells,1000,9.474099286357355,0.7589894362399071,0.7626601412096795,6.741223872367227,,,1.1842624107946693,0.8426529840459034,
sphere8,8,0.1,cells,3000,8.935104956944151,0.8530117570038482,0.8551015279721923,5.591990200862387,8.7357687271362,,1.116888119618019,0.6989987751077984,1.091971090892025
sphere8,8,0.1,cells,10000,7.847117865206528,0.9900165328287425,0.9918442467192023,5.024967138931022,,"[8.375638701807038, 9.533633574234658, 8.705633151755721]",0.980889733150816,0.6281208923663778,
sphere8,8,0.1,cells,30000,7.080479273913905,1.1465683459834581,1.1494186832828457,5.024967138931022,,,0.8850599092392382,0.6281208923663778,
torus4,4,0.35,cont,1000,4.444415143568129,0.23677482563670474,0.24182597316800938,3.9502992127640444,,,1.1111037858920323,0.9875748031910111,
torus4,4,0.35,cont,3000,4.455924168697005,0.31929338789513684,0.32476606119632384,3.9743307954073352,4.448461455130076,,1.1139810421742513,0.9935826988518338,1.112115363782519
torus4,4,0.35,cont,10000,4.722808404549742,0.4070444484232446,0.4195007027539793,3.8855575612716926,,"[4.245702465307657, 4.312065583528728, 4.816024416246204]",1.1807021011374355,0.9713893903179232,
torus4,4,0.35,cont,30000,5.021246066169161,0.5178340001310875,0.5303042741074891,3.8470800241385916,,,1.2553115165422903,0.9617700060346479,
torus4,4,0.35,cont,100000,5.550296640739591,0.650896525238784,0.6660456393653068,3.872336258222848,,,1.3875741601848977,0.968084064555712,
torus4,4,0.35,cells,1000,6.107206895662226,0.7429994513905775,0.7411343273712483,4.059984646367888,,,1.5268017239155565,1.014996161591972,
torus4,4,0.35,cells,3000,6.185572065293733,0.8856542437920595,0.8870556759122488,3.8717061937403154,5.968179622274372,,1.5463930163234332,0.9679265484350789,1.492044905568593
torus4,4,0.35,cells,10000,5.300262210010506,1.0993775477369334,1.0939585653326418,4.061563940638318,,"[5.617638216720756, 5.5493333154298154, 5.62480989428747]",1.3250655525026265,1.0153909851595795,
torus4,4,0.35,cells,30000,4.45496066652957,1.381084769413355,1.3676945909493983,4.061563940638318,,,1.1137401666323925,1.0153909851595795,
torus4,4,0.35,cells,100000,4.052858174115845,1.828048035410696,1.8082256600298316,4.061563940638318,,,1.0132145435289612,1.0153909851595795,
torus8,8,0.1,cont,1000,7.575479114956822,0.10451036798024785,0.11031047402532838,7.895976649884703,,,0.9469348893696028,0.9869970812355878,
torus8,8,0.1,cont,3000,4.904178088274084,0.12444876173190356,0.1338681413426699,5.450684255942335,5.253476915473045,,0.6130222610342605,0.6813355319927918,0.6566846144341306
torus8,8,0.1,cont,10000,3.232459050254741,0.16445890627467433,0.17569764135508306,3.1995425377820648,,"[6.147045822141014, 9.350404627653829, 10.096835544604545]",0.4040573812818426,0.3999428172227581,
torus8,8,0.1,cont,30000,2.49720583297503,0.2562665648814013,0.25064896872883474,2.471740814174255,,,0.31215072912187874,0.3089676017717819,
torus8,8,0.1,cells,1000,10.754549038684504,0.753183008974495,0.757409490221412,7.332248427014721,,,1.344318629835563,0.9165310533768402,
torus8,8,0.1,cells,3000,9.474275699848908,0.8516693819033818,0.8477193767411757,5.393339224295827,9.30316021826263,,1.1842844624811135,0.6741674030369784,1.1628950272828287
torus8,8,0.1,cells,10000,8.72595116102871,0.9678711134558863,0.9639168249656738,4.467925955925183,,"[9.156753105303002, 12.659639680169011, 13.674409399809964]",1.0907438951285888,0.5584907444906478,
torus8,8,0.1,cells,30000,8.227473800273838,1.0992483882906883,1.1011622381330668,4.467925955925183,,,1.0284342250342298,0.5584907444906478,
sphere12,12,0.75,cont,1000,16.103842570790246,0.7301603102594063,0.7458633567166834,10.91042624037128,,,1.341986880899187,0.9092021866976067,
sphere12,12,0.75,cont,3000,17.977777288794538,0.7845659958484711,0.7970768975535057,10.9213105707701,17.948132838521612,,1.4981481073995448,0.9101092142308417,1.4956777365434677
sphere12,12,0.75,cont,10000,18.23967854123764,0.8326350926301695,0.8452400357435694,11.199882422145985,,"[17.135957578199683, 15.385257953356172, 12.765640399156487]",1.5199732117698035,0.933323535178832,
sphere12,12,0.75,cont,30000,19.42451995910269,0.8827963726744548,0.8954920079473837,11.507494249866681,,,1.6187099965918907,0.9589578541555568,
sphere12,12,0.75,cells,1000,16.250800528239267,0.8732888389365479,0.8942989897303044,11.038850582938993,,,1.3542333773532722,0.9199042152449161,
sphere12,12,0.75,cells,3000,13.82250045073162,0.9460882367213991,0.9683360927906925,11.148518953524267,13.107864927193905,,1.1518750375609683,0.9290432461270223,1.0923220772661588
sphere12,12,0.75,cells,10000,12.320051613404809,1.0364868048205005,1.0578194958726173,11.101368636811177,,"[14.95290284291961, 16.117639281467593, 14.182849657627996]",1.026670967783734,0.9251140530675981,
sphere12,12,0.75,cells,30000,10.933365669524354,1.1485530094968697,1.1641137654032923,11.101368636811177,,,0.9111138057936962,0.9251140530675981,
sphere12,12,3.0,cont,1000,18.687044622770948,0.9956507666401369,0.9929388132505022,10.389614259822945,,,1.5572537185642457,0.8658011883185788,
sphere12,12,3.0,cont,3000,19.793945148007694,1.055181806227244,1.055930264201013,11.603281569424043,19.553345078642685,,1.6494954290006412,0.9669401307853369,1.6294454232202238
sphere12,12,3.0,cont,10000,20.282004035978,1.116935041672177,1.1177310368722304,11.338367461680512,,"[18.954887516019717, 17.865355490224076, 15.211123486125022]",1.6901670029981668,0.9448639551400427,
sphere12,12,3.0,cont,30000,20.604545405399662,1.177416931806795,1.179058223107165,11.238824270779864,,,1.717045450449972,0.9365686892316553,
sphere12,12,3.0,cells,1000,16.305908111995315,1.0496045740325706,1.0469488706697383,11.494037190596522,,,1.3588256759996096,0.9578364325497102,
sphere12,12,3.0,cells,3000,17.062876712059285,1.1031301633623651,1.110573821064993,11.388460606921528,16.155385646669707,,1.4219063926716071,0.9490383839101274,1.3462821372224756
sphere12,12,3.0,cells,10000,14.328247080558144,1.190023717231438,1.2026254244902106,10.967592059342023,,"[16.309334244830964, 17.460737407228955, 15.295061374866018]",1.194020590046512,0.9139660049451686,
sphere12,12,3.0,cells,30000,12.364468797357878,1.2991815927264518,1.311146642674435,10.967592059342023,,,1.030372399779823,0.9139660049451686,
torus10,10,0.5,cont,1000,14.9366212082937,0.5068700176221119,0.511255343076474,11.848506822220669,,,1.4936621208293699,1.1848506822220668,
torus10,10,0.5,cont,3000,15.768492213039604,0.5399269776866968,0.5455828639875658,11.820295603716513,15.037649711217409,,1.5768492213039604,1.1820295603716513,1.503764971121741
torus10,10,0.5,cont,10000,15.603313513423673,0.5779483350745764,0.5858232254112382,11.071504611702538,,"[16.069391514338403, 15.800922310275057, 14.373568439695214]",1.5603313513423673,1.1071504611702538,
torus10,10,0.5,cont,30000,14.828881202281927,0.6222413841457677,0.6309155956677274,10.754433308380694,,,1.4828881202281927,1.0754433308380693,
torus10,10,0.5,cells,1000,16.635512759694745,0.8027194496098378,0.8150437442293511,13.518353170014668,,,1.6635512759694744,1.3518353170014668,
torus10,10,0.5,cells,3000,13.245071776605325,0.8683214983838315,0.8797894464658967,12.011867379644439,13.159860771896906,,1.3245071776605326,1.2011867379644439,1.3159860771896905
torus10,10,0.5,cells,10000,11.817286423018162,0.965845125547376,0.9721406321713644,11.862397965084917,,"[13.418400842677247, 18.99040196100215, 18.329586455358275]",1.1817286423018163,1.1862397965084917,
torus10,10,0.5,cells,30000,11.627357828755175,1.063530339352747,1.0692963791701073,11.862397965084917,,,1.1627357828755174,1.1862397965084917,
sphere4,4,0.35,cont,1000,4.10185384478366,0.21855012290321668,0.22239137038738405,4.028062335450463,,,1.025463461195915,1.0070155838626158,
sphere4,4,0.35,cont,3000,4.035939777331013,0.28383581185440016,0.29074703225805804,3.7886779394543026,4.082457115685653,,1.0089849443327532,0.9471694848635757,1.0206142789214132
sphere4,4,0.35,cont,10000,4.454982419694939,0.37166731753108745,0.3820741961315587,3.720922954172442,,"[4.100244658326661, 4.029734075291938, 3.859783053998592]",1.1137456049237346,0.9302307385431104,
sphere4,4,0.35,cont,30000,4.612267867558602,0.47404577534786707,0.4858033639201346,3.7165949494820474,,,1.1530669668896505,0.9291487373705118,
sphere4,4,0.35,cont,100000,5.121944833649185,0.6143334770218082,0.6243092462523073,3.7399936169643353,,,1.2804862084122963,0.9349984042410838,
sphere4,4,0.35,cells,1000,5.590078908994518,0.7363953567490977,0.7374770624840032,3.526276001413084,,,1.3975197272486295,0.881569000353271,
sphere4,4,0.35,cells,3000,5.850916020481674,0.8726212425052275,0.8852956304919259,3.977424085564663,5.677321885440996,,1.4627290051204185,0.9943560213911657,1.419330471360249
sphere4,4,0.35,cells,10000,5.265283185040905,1.0964912812378271,1.0954624072682924,3.7954521526232443,,"[5.433391494046922, 5.05847317512554, 4.332643506757305]",1.3163207962602264,0.9488630381558111,
sphere4,4,0.35,cells,30000,4.407844302633624,1.390420442373008,1.3819152298183872,3.7954521526232443,,,1.101961075658406,0.9488630381558111,
torus2,2,0.5,cont,1000,2.06104020668021,0.20149905776337992,0.19878205286177547,1.8867135602227798,,,1.030520103340105,0.9433567801113899,
torus2,2,0.5,cont,3000,2.406581076446161,0.3279061294501524,0.3278999794252239,2.0359264453440287,2.485483197105027,,1.2032905382230805,1.0179632226720143,1.2427415985525134
torus2,2,0.5,cont,10000,2.8722827872423093,0.5289039173322696,0.5272657996630776,1.9900357141849887,,"[2.308173354048967, 1.9742621294041114, 2.0260419896075]",1.4361413936211547,0.9950178570924944,
torus2,2,0.5,cont,30000,3.348600206391013,0.7436291526680663,0.7616464886344076,2.007402453087435,,,1.6743001031955065,1.0037012265437175,
torus2,2,0.5,cont,100000,3.789998935177751,1.0394475915578494,1.0701495641614625,2.010702443013377,,,1.8949994675888755,1.0053512215066884,
torus2,2,0.5,cells,1000,2.8763628355250646,0.5977978104948518,0.5974319160380197,1.887149043969477,,,1.4381814177625323,0.9435745219847385,
torus2,2,0.5,cells,3000,3.1547360484879223,0.8682543398629473,0.8810684112281294,1.971683930954869,2.91787081347584,,1.5773680242439612,0.9858419654774345,1.45893540673792
torus2,2,0.5,cells,10000,2.704234020275119,1.3012132849452454,1.2733360508612241,2.025964927817713,,"[2.69433153035736, 2.149700027800467, 2.0142050037502517]",1.3521170101375595,1.0129824639088565,
torus2,2,0.5,cells,30000,2.1058109213017557,2.0884779361160786,1.9718648555665366,2.025964927817713,,,1.0529054606508779,1.0129824639088565,
sphere8,8,0.5,cont,1000,9.107199151367231,0.5141047755277103,0.5265542709004483,7.453715458247685,,,1.138399893920904,0.9317144322809606,
sphere8,8,0.5,cont,3000,10.219969572197899,0.5732577562264423,0.5890084127922505,7.644922257967406,10.29193665448456,,1.2774961965247373,0.9556152822459257,1.28649208181057
sphere8,8,0.5,cont,10000,11.140228585840582,0.6371034494420384,0.6537757733374355,7.646998858276773,,"[10.05557702014105, 8.97753044694896, 7.718583529576611]",1.3925285732300727,0.9558748572845966,
sphere8,8,0.5,cont,30000,11.572849946265896,0.7039168696288316,0.7209827526029402,7.687050921885374,,,1.446606243283237,0.9608813652356718,
sphere8,8,0.5,cells,1000,11.318041679273685,0.8191729730716801,0.8221363988081407,7.092304679845423,,,1.4147552099092107,0.8865380849806779,
sphere8,8,0.5,cells,3000,10.681998617831718,0.8942601186867544,0.9152332443110185,7.781942653897251,10.123953863062244,,1.3352498272289648,0.9727428317371564,1.2654942328827805
sphere8,8,0.5,cells,10000,8.954886310006051,1.0187557313166007,1.0362031996769248,7.770913923064156,,"[9.998328303416947, 10.918997665002458, 9.314619640466393]",1.1193607887507564,0.9713642403830195,
sphere8,8,0.5,cells,30000,8.107148152802722,1.1687726300237289,1.1780829338939418,7.770913923064156,,,1.0133935191003403,0.9713642403830195,
sphere12,12,0.5,cont,1000,14.880378442064815,0.6017422707069152,0.6167391214306477,9.910171049000917,,,1.2400315368387347,0.8258475874167431,
sphere12,12,0.5,cont,3000,16.36080108885696,0.6508369427778291,0.6641749584420991,11.250854182124712,16.24390626415497,,1.3634000907380799,0.937571181843726,1.3536588553462474
sphere12,12,0.5,cont,10000,17.279372874401663,0.7019004687921928,0.7138253905417519,11.237579954585831,,"[16.056124171520178, 13.871816013118076, 11.61251123503449]",1.4399477395334719,0.936464996215486,
sphere12,12,0.5,cont,30000,17.439354624181135,0.7467671759879732,0.7604833331506836,11.311248315021302,,,1.4532795520150945,0.9426040262517752,
sphere12,12,0.5,cells,1000,15.40166909191822,0.8352249917260237,0.848242457253713,11.240446499307014,,,1.2834724243265183,0.9367038749422512,
sphere12,12,0.5,cells,3000,13.344396561417582,0.9032758327543013,0.9208334223105838,10.986865909176268,12.763938952873456,,1.1120330467847985,0.9155721590980224,1.0636615794061213
sphere12,12,0.5,cells,10000,11.151667559857732,0.9996582182607754,1.0172484833901458,10.950768976990547,,"[13.402317276083798, 15.43620494468423, 13.656173024634704]",0.9293056299881443,0.912564081415879,
sphere12,12,0.5,cells,30000,10.189902395330176,1.114428941215398,1.1272377224950434,10.950768976990547,,,0.8491585329441813,0.912564081415879,
torus8,8,0.5,cont,1000,11.522452822838263,0.4591322113995058,0.4662623139057075,8.392379316942206,,,1.4403066028547828,1.0490474146177757,
torus8,8,0.5,cont,3000,11.763681538669788,0.5093454523907026,0.5175108256900595,8.380774537664076,11.618141509855132,,1.4704601923337235,1.0475968172080095,1.4522676887318915
torus8,8,0.5,cont,10000,11.666565926549472,0.5655738721240008,0.5750539893416943,8.206659911334027,,"[11.323907337155765, 11.920251429638768, 11.47784237550123]",1.458320740818684,1.0258324889167534,
torus8,8,0.5,cont,30000,11.621896337896093,0.6207749722143926,0.6322520811034221,8.203162584913528,,,1.4527370422370116,1.025395323114191,
torus8,8,0.5,cells,1000,14.261292129996582,0.7961247357990956,0.8003195495987188,8.954272593605562,,,1.7826615162495727,1.1192840742006953,
torus8,8,0.5,cells,3000,11.403322350470514,0.8669218465331127,0.8792308102973724,9.040999199850447,11.290946142546833,,1.4254152938088143,1.1301248999813058,1.4113682678183541
torus8,8,0.5,cells,10000,10.524881970466689,0.9690933828809507,0.9790726353540321,8.689556304725299,,"[11.824288740458087, 15.13456650657176, 14.786000399782807]",1.3156102463083361,1.0861945380906624,
torus8,8,0.5,cells,30000,9.855299655884076,1.0836752803754663,1.0892560694417162,8.689556304725299,,,1.2319124569855096,1.0861945380906624,
torus6,6,0.35,cont,1000,7.671175327371714,0.30237505671154913,0.30919318448905353,6.478725666808021,,,1.278529221228619,1.0797876111346703,
torus6,6,0.35,cont,3000,6.9488029324250915,0.35356605691818277,0.36495195817949044,6.153693007026891,6.8630704727126695,,1.1581338220708486,1.0256155011711485,1.1438450787854448
torus6,6,0.35,cont,10000,7.029734074401321,0.4220996992638723,0.43364612230394917,5.857491625345521,,"[7.2182944276740315, 7.296799860189806, 8.094833989945553]",1.1716223457335535,0.9762486042242534,
torus6,6,0.35,cont,30000,6.795727256911866,0.4912246476061785,0.5069616269197466,5.509429315922602,,,1.132621209485311,0.9182382193204336,
torus6,6,0.35,cells,1000,10.131115204867193,0.7702218067980442,0.7712001670112042,6.452995599774099,,,1.6885192008111989,1.0754992666290166,
torus6,6,0.35,cells,3000,8.90363895946941,0.8618142361747034,0.866510732560052,6.402850958386584,8.577535801618426,,1.4839398265782349,1.0671418263977641,1.4295893002697377
torus6,6,0.35,cells,10000,7.980812985932184,0.9930485978910181,0.9972834382775845,6.075148470725724,,"[9.100909040287638, 10.155946715077238, 10.427017500369246]",1.330135497655364,1.012524745120954,
torus6,6,0.35,cells,30000,6.952811294151355,1.1600201477998588,1.1578814188779596,6.075148470725724,,,1.1588018823585593,1.012524745120954,
torus8,8,0.35,cont,1000,10.660969085042447,0.3426591914329875,0.3520006021463266,9.363992382614578,,,1.332621135630306,1.1704990478268222,
torus8,8,0.35,cont,3000,9.457160983915022,0.38034510305618785,0.39214923440249555,8.880623921605086,9.332809868383276,,1.1821451229893778,1.1100779902006357,1.1666012335479095
torus8,8,0.35,cont,10000,9.490558184479521,0.430510542210533,0.4435247395024551,8.282449019602831,,"[10.159111573377503, 10.95652556482538, 10.824354203236316]",1.1863197730599402,1.0353061274503539,
torus8,8,0.35,cont,30000,8.687172168372516,0.48215547438413087,0.4980427056601611,7.3106146665326435,,,1.0858965210465645,0.9138268333165804,
torus8,8,0.35,cells,1000,12.6036155107187,0.7887055687991313,0.7947809256636069,8.688337927474606,,,1.5754519388398376,1.0860422409343258,
torus8,8,0.35,cells,3000,10.390154105039333,0.8592649109690031,0.8704374672485629,8.590181827630534,10.286045996522642,,1.2987692631299166,1.0737727284538168,1.2857557495653302
torus8,8,0.35,cells,10000,9.962499873349884,0.9606154409860085,0.9661865978986185,8.35361821485343,,"[11.60671802617832, 14.803331960220238, 14.486697691678058]",1.2453124841687355,1.0442022768566788,
torus8,8,0.35,cells,30000,9.518828998142011,1.0782899496005125,1.0814513371850882,8.35361821485343,,,1.1898536247677514,1.0442022768566788,
sphere12,12,1.5,cont,1000,19.403043194518414,0.8919256956834033,0.8939715543629789,10.559925986539568,,,1.6169202662098678,0.8799938322116306,
sphere12,12,1.5,cont,3000,19.06592227537709,0.9470929221138148,0.9533035436213018,11.088375342228739,18.879176511976233,,1.5888268562814243,0.9240312785190615,1.5732647093313528
sphere12,12,1.5,cont,10000,19.66967261625818,1.0109360599942039,1.0184401637159495,11.203338399926965,,"[18.728656286048995, 17.05769756435822, 14.460292321876418]",1.6391393846881817,0.9336115333272471,
sphere12,12,1.5,cont,30000,20.211768538214876,1.0654753608479617,1.0732497824376586,11.423352749502751,,,1.6843140448512397,0.9519460624585626,
sphere12,12,1.5,cells,1000,15.850165294075703,0.9865149311171121,0.9876410037303652,10.18885369680879,,,1.320847107839642,0.8490711414007325,
sphere12,12,1.5,cells,3000,15.602051778689347,1.0385934813060156,1.0499635324237722,11.147011177160074,15.199621249880664,,1.3001709815574456,0.9289175980966728,1.266635104156722
sphere12,12,1.5,cells,10000,13.613721778868545,1.1262225038264875,1.141600872660975,11.291012067169696,,"[15.651857248974206, 16.984276117867573, 14.994678347986747]",1.134476814905712,0.9409176722641414,
sphere12,12,1.5,cells,30000,11.840094747382917,1.2281617249751144,1.2451058856753758,11.291012067169696,,,0.9866745622819098,0.9409176722641414,
sphere8,8,1.0,cont,1000,12.475295863545533,0.7594087039205129,0.7741615525742482,8.140493146358224,,,1.5594119829431916,1.017561643294778,
sphere8,8,1.0,cont,3000,12.623069890774115,0.8310589782121136,0.8494479930522879,7.5578926704900375,12.629085966183911,,1.5778837363467644,0.9447365838112547,1.578635745772989
sphere8,8,1.0,cont,10000,13.151275926956364,0.9078050997128653,0.9298880636998194,7.800824872785033,,"[12.091680677246725, 10.883301155161652, 9.150410724933328]",1.6439094908695455,0.9751031090981291,
sphere8,8,1.0,cont,30000,13.887045839518708,0.9900001807023149,1.0100392823613988,7.981280310074827,,,1.7358807299398384,0.9976600387593534,
sphere8,8,1.0,cells,1000,12.07828679954657,0.9000943635743782,0.9118964733743928,7.9359068206179995,,,1.5097858499433212,0.9919883525772499,
sphere8,8,1.0,cells,3000,11.370510823212031,0.9857920827818267,1.010254745274878,7.992477770436511,10.739390044321421,,1.421313852901504,0.9990597213045639,1.3424237555401777
sphere8,8,1.0,cells,10000,10.360168827427508,1.0977164634727847,1.1249802025263724,7.7696228369145155,,"[11.366763364792527, 11.678582199049831, 10.12782499379834]",1.2950211034284385,0.9712028546143144,
sphere8,8,1.0,cells,30000,9.254086726500507,1.2329017357892866,1.2592014266277547,7.7696228369145155,,,1.1567608408125634,0.9712028546143144,
torus2,2,0.1,cont,1000,1.6380044670757183,0.0658361349944295,0.05543269266134234,1.6847300980694009,,,0.8190022335378592,0.8423650490347004,
torus2,2,0.1,cont,3000,1.6679884649337469,0.1316269644162229,0.11173642475240432,1.6350369665396225,1.7453696399369678,,0.8339942324668734,0.8175184832698112,0.8726848199684839
torus2,2,0.1,cont,10000,1.9852537885248267,0.2610231307322745,0.22703628762239522,1.722091684498451,,"[1.6321781961757205, 1.494723977123853, 1.8994504662678076]",0.9926268942624134,0.8610458422492255,
torus2,2,0.1,cont,30000,2.354292111183514,0.43506353735109504,0.3877150801669635,1.818441018314202,,,1.177146055591757,0.909220509157101,
torus2,2,0.1,cont,100000,2.973484291801384,0.66531009290616,0.6399024083732823,1.93413720368681,,,1.486742145900692,0.967068601843405,
torus2,2,0.1,cells,1000,2.0676269076260887,0.5064842799022974,0.4805663347999495,1.5333071383869317,,,1.0338134538130443,0.7666535691934658,
torus2,2,0.1,cells,3000,2.661518456924299,0.8016031590565434,0.7905973782538313,1.6287943896416048,2.6302767065033565,,1.3307592284621494,0.8143971948208024,1.3151383532516783
torus2,2,0.1,cells,10000,2.490900964465904,1.2444815477650883,1.200801222850942,1.7216611984808163,,"[2.161963919707312, 1.4036788516234333, 1.8101503062064828]",1.245450482232952,0.8608305992404082,
torus6,6,5.0,cont,1000,15.122321723980686,1.161293294488014,1.161738638508411,6.146787986201593,,,2.520386953996781,1.0244646643669322,
torus6,6,5.0,cont,3000,14.414820119153594,1.2497461443389475,1.2478353718599455,6.3688200400156045,14.052369634911184,,2.4024700198589324,1.0614700066692675,2.3420616058185306
torus6,6,5.0,cont,10000,14.450036020721214,1.3515573534583212,1.3535580031379166,6.235808415004753,,"[14.923391084203267, 15.213899862480261, 14.075971765468497]",2.408339336786869,1.039301402500792,
torus6,6,5.0,cont,30000,14.07211577745665,1.45964829730924,1.4600232175977474,6.078902706883555,,,2.3453526295761082,1.013150451147259,
torus6,6,5.0,cells,1000,14.355872174787322,1.1574009845680495,1.1633551789746976,6.481385835197692,,,2.392645362464554,1.0802309725329486,
torus6,6,5.0,cells,3000,13.172281147306416,1.2579273554105797,1.2589826095895478,6.386598520424486,12.668745747229055,,2.195380191217736,1.0644330867374143,2.111457624538176
torus6,6,5.0,cells,10000,12.844863697783957,1.3766368231544137,1.381985139613877,6.366527854590742,,"[14.022679203225689, 14.937702261732042, 14.098071022306225]",2.140810616297326,1.0610879757651237,
torus6,6,5.0,cells,30000,11.48070558642146,1.5024053506220987,1.5156393840718412,6.366527854590742,,,1.9134509310702432,1.0610879757651237,
sphere8,8,1.5,cont,1000,13.254981161022126,0.8970551162481119,0.9078424514273497,7.3978589423143735,,,1.6568726451277658,0.9247323677892967,
sphere8,8,1.5,cont,3000,13.452280546839853,0.968630246771745,0.9862201523273803,7.404735001775704,13.460005596146555,,1.6815350683549817,0.925591875221963,1.6825006995183194
sphere8,8,1.5,cont,10000,14.161973414015026,1.0596025814750922,1.0701546376912527,7.868546372807915,,"[13.159151116097592, 11.838641878308541, 10.169687458433]",1.7702466767518783,0.9835682966009893,
sphere8,8,1.5,cont,30000,14.479425648118468,1.1416785353329453,1.157586655386926,7.81978755293632,,,1.8099282060148085,0.97747344411704,
sphere8,8,1.5,cells,1000,12.588260312642982,0.9762653852729547,0.9923873092148374,7.735976985486689,,,1.5735325390803727,0.9669971231858361,
sphere8,8,1.5,cells,3000,12.304264578288835,1.0664449846852753,1.0874968675178178,7.625091609146235,11.69043319853174,,1.5380330722861044,0.9531364511432794,1.4613041498164674
sphere8,8,1.5,cells,10000,11.385853331030914,1.1783412129110293,1.2011963833701533,7.865895607346079,,"[12.049084702915136, 12.119781173569386, 10.619037412481468]",1.4232316663788642,0.9832369509182599,
sphere8,8,1.5,cells,30000,10.035735664871915,1.3087757989971696,1.3364137507529579,7.865895607346079,,,1.2544669581089893,0.9832369509182599,
sphere4,4,1.5,cont,1000,6.140751682820037,0.6689022316165594,0.7041218153917821,3.990260015087929,,,1.5351879207050092,0.9975650037719822,
sphere4,4,1.5,cont,3000,6.467031640918856,0.809519640177479,0.8375334581981231,4.152687858215712,6.5004453220836,,1.616757910229714,1.038171964553928,1.6251113305209
sphere4,4,1.5,cont,10000,7.140848350835068,0.9692748531537145,0.9974469090521862,4.0281556339895825,,"[6.236641030351212, 5.3397809261354, 4.374791281352035]",1.785212087708767,1.0070389084973956,
sphere4,4,1.5,cont,30000,7.3875383419094955,1.1244842852808488,1.1551578518036327,4.010078942174729,,,1.8468845854773739,1.0025197355436823,
sphere4,4,1.5,cont,100000,7.641134092645886,1.3206530408160908,1.3525385480815917,4.005970549783923,,,1.9102835231614714,1.0014926374459807,
sphere4,4,1.5,cells,1000,7.517647115878759,0.8746908080717768,0.8856113101789777,4.129560582031157,,,1.8794117789696898,1.0323901455077893,
sphere4,4,1.5,cells,3000,6.320769475934074,1.0563901902316297,1.0736210483834145,3.9868450790350978,6.0935011767761695,,1.5801923689835184,0.9967112697587744,1.5233752941940424
sphere4,4,1.5,cells,10000,6.048955309035932,1.2737191736128857,1.2959276182267117,4.042545641711184,,"[6.437274528676964, 6.004249135665312, 4.837379125216889]",1.512238827258983,1.010636410427796,
sphere4,4,1.5,cells,30000,5.306168775933874,1.550823809333459,1.5730820521756497,4.042545641711184,,,1.3265421939834685,1.010636410427796,
sphere4,4,1.5,cells,100000,4.724025181808331,1.9925374991970144,1.99042333009944,4.042545641711184,,,1.1810062954520828,1.010636410427796,
torus6,6,1.0,cont,1000,10.344689703726331,0.6801877442223883,0.687474779685824,6.329408473652108,,,1.7241149506210551,1.0549014122753513,
torus6,6,1.0,cont,3000,10.894972116405883,0.7548623666331346,0.7695242729275092,6.715822159694269,10.750431891430749,,1.8158286860676471,1.119303693282378,1.7917386485717914
torus6,6,1.0,cont,10000,11.204611736452556,0.8460458694232481,0.8552151454647192,6.3173390498540405,,"[9.803085482865633, 9.97004397267384, 9.971045091769717]",1.8674352894087594,1.05288984164234,
torus6,6,1.0,cont,30000,11.163448718929905,0.9432315267363509,0.9478926512186197,6.1155826647173885,,,1.8605747864883175,1.019263777452898,
torus6,6,1.0,cells,1000,10.964062248893608,0.860852489548051,0.8628327674424985,6.721826230591579,,,1.8273437081489348,1.1203043717652632,
torus6,6,1.0,cells,3000,10.673899246727448,0.933633439870521,0.9473302225557027,6.34730401287569,10.294626457640977,,1.778983207787908,1.0578840021459484,1.7157710762734961
torus6,6,1.0,cells,10000,9.36015427775158,1.0585234122738882,1.0699566338577573,6.170007135406168,,"[10.303634997269722, 11.859583430787936, 11.557771562589044]",1.5600257129585966,1.0283345225676948,
torus6,6,1.0,cells,30000,8.35350101732363,1.1967293020917746,1.2105740106034146,6.170007135406168,,,1.3922501695539384,1.0283345225676948,
torus4,4,0.75,cont,1000,5.14494456710903,0.48019414651177494,0.4907637431771226,4.075244767185231,,,1.2862361417772574,1.0188111917963079,
torus4,4,0.75,cont,3000,5.8324531332537966,0.5623411395701835,0.5861007269978229,3.9667687089625163,5.869174123373945,,1.4581132833134491,0.9916921772406291,1.4672935308434862
torus4,4,0.75,cont,10000,6.234596684155134,0.6971694287255562,0.7176412311378423,4.021479975978925,,"[5.384507570957173, 4.83379943471472, 5.080663191719724]",1.5586491710387835,1.0053699939947311,
torus4,4,0.75,cont,30000,6.832450595578668,0.8281957719254512,0.8498237900138969,4.029265662233006,,,1.708112648894667,1.0073164155582515,
torus4,4,0.75,cont,100000,7.2584200739309646,0.9843688708895241,1.007701351170808,3.9890379144097134,,,1.8146050184827411,0.9972594786024284,
torus4,4,0.75,cells,1000,5.896742438097003,0.805173819901571,0.8051009034011845,4.0632588554475015,,,1.4741856095242507,1.0158147138618754,
torus4,4,0.75,cells,3000,6.174220728199495,0.940995694459127,0.9480505468210789,4.203995074771636,5.871575983975704,,1.5435551820498739,1.050998768692909,1.467893995993926
torus4,4,0.75,cells,10000,5.662531683673764,1.1498863664592383,1.153182662636037,4.087483255457864,,"[5.959663308548609, 6.045051868546268, 5.902932043497858]",1.415632920918441,1.021870813864466,
torus4,4,0.75,cells,30000,4.782882793307821,1.4381126954440646,1.432350150063396,4.087483255457864,,,1.1957206983269553,1.021870813864466,
torus4,4,0.75,cells,100000,4.301654001572848,1.8959071321051775,1.8586433735492731,4.087483255457864,,,1.075413500393212,1.021870813864466,
torus12,12,0.2,cont,1000,15.381340329730403,0.2402738545937856,0.24454023125967167,14.94917100417939,,,1.2817783608108668,1.2457642503482826,
torus12,12,0.2,cont,3000,14.431102586142849,0.2557121745020008,0.26432085184748677,12.992990650345174,14.02490267387194,,1.2025918821785708,1.082749220862098,1.1687418894893284
torus12,12,0.2,cont,10000,10.078448127903437,0.2825038108693648,0.2975524187824708,9.846147874417655,,"[15.057100433861702, 16.017331987974103, 14.543116188383465]",0.8398706773252864,0.8205123228681379,
torus12,12,0.2,cont,30000,5.451578080554872,0.31672709358205836,0.3431560662698685,5.505558992768054,,,0.4542981733795726,0.4587965827306712,
torus12,12,0.2,cells,1000,15.881263039005503,0.7797284924767666,0.7950181969152779,13.588177307565513,,,1.3234385865837919,1.1323481089637928,
torus12,12,0.2,cells,3000,12.495145948493814,0.8550044632553311,0.862021209617154,13.49557023943505,12.721162034624856,,1.0412621623744844,1.1246308532862541,1.060096836218738
torus12,12,0.2,cells,10000,11.552876085815289,0.9526971671126772,0.9544970810760445,11.93732932738619,,"[12.171094082848349, 20.902396275198647, 20.691742760368598]",0.9627396738179407,0.9947774439488491,
torus12,12,0.2,cells,30000,12.724126840802434,1.0417990336134784,1.0422810762640489,11.93732932738619,,,1.060343903400203,0.9947774439488491,
torus4,4,0.5,cont,1000,4.590556858183973,0.3378819278161966,0.34362638393294154,3.972418502410091,,,1.1476392145459933,0.9931046256025228,
torus4,4,0.5,cont,3000,4.82392148839445,0.42644143809250623,0.4356909950083135,3.853018834522555,4.864756178842674,,1.2059803720986124,0.9632547086306388,1.2161890447106685
torus4,4,0.5,cont,10000,5.455580661884885,0.536772937614076,0.5528260160133563,3.9417030707266174,,"[4.860219053527569, 4.477600872473282, 4.911426148964518]",1.3638951654712212,0.9854257676816544,
torus4,4,0.5,cont,30000,6.023365115630162,0.6448419454322388,0.6650314709946444,4.016470851659095,,,1.5058412789075406,1.0041177129147738,
torus4,4,0.5,cont,100000,6.532099404549224,0.7870919031118154,0.8091237221212508,3.97367857242133,,,1.633024851137306,0.9934196431053325,
torus4,4,0.5,cells,1000,6.334117895450072,0.764474290744556,0.7663105940918372,4.168140630077888,,,1.583529473862518,1.042035157519472,
torus4,4,0.5,cells,3000,6.129532437805081,0.9035224209167989,0.9098570290181229,4.061036675625156,5.908373594882871,,1.5323831094512703,1.015259168906289,1.4770933987207178
torus4,4,0.5,cells,10000,5.305470586290489,1.1170043098504385,1.1195088110277782,3.8890328369709466,,"[5.764722024873378, 5.680446382018238, 5.738930206012842]",1.3263676465726222,0.9722582092427366,
torus4,4,0.5,cells,30000,4.642730525454316,1.3933054158424962,1.3884241341416583,3.8890328369709466,,,1.160682631363579,0.9722582092427366,
torus4,4,0.5,cells,100000,4.091260509200185,1.8529375381983306,1.8294648405417648,3.8890328369709466,,,1.0228151273000463,0.9722582092427366,
sphere12,12,5.0,cont,1000,18.85787063856753,1.0269734559889079,1.032008808041024,10.33440616148037,,,1.5714892198806274,0.8612005134566975,
sphere12,12,5.0,cont,3000,20.185944352896286,1.1002627936940463,1.095056823718447,10.859034429814047,19.850477008354808,,1.6821620294080237,0.9049195358178372,1.6542064173629007
sphere12,12,5.0,cont,10000,20.59778829268088,1.1650816664424812,1.1626296708324002,11.235152362821328,,"[19.982517388780664, 17.96162968397849, 15.37078146292615]",1.7164823577234067,0.9362626969017773,
sphere12,12,5.0,cont,30000,20.680605623824757,1.2283849893210712,1.228329219613366,11.249849564678847,,,1.7233838019853964,0.9374874637232372,
sphere12,12,5.0,cells,1000,16.568859123160625,1.0654898052084787,1.071186975937844,11.952029798517081,,,1.3807382602633853,0.9960024832097568,
sphere12,12,5.0,cells,3000,16.436595486579517,1.1386685682995112,1.1429567105878435,11.508453051380835,15.689168689235622,,1.3697162905482931,0.9590377542817362,1.3074307241029686
sphere12,12,5.0,cells,10000,14.547557877949492,1.219170920997224,1.2304453806307571,11.437409662018101,,"[16.946519276708912, 17.64469346712969, 15.371472535459029]",1.2122964898291244,0.9531174718348417,
sphere12,12,5.0,cells,30000,12.461456065358597,1.3299964196057656,1.3399348175467147,11.437409662018101,,,1.0384546721132164,0.9531174718348417,
sphere4,4,2.0,cont,1000,6.266432032010203,0.8197429357861369,0.8513910243910613,4.113443387154637,,,1.5666080080025508,1.0283608467886594,
sphere4,4,2.0,cont,3000,7.401592437257223,0.9359176337569551,0.9672745189879429,4.120455192430771,7.341225931302257,,1.8503981093143058,1.0301137981076927,1.8353064828255643
sphere4,4,2.0,cont,10000,7.40970129016469,1.1180687073022477,1.1522346616543218,4.032677144743797,,"[6.669076999924816, 5.757105214164874, 4.706801583403861]",1.8524253225411724,1.0081692861859493,
sphere4,4,2.0,cont,30000,7.742333555163017,1.2904640587240255,1.325639406533803,4.001482271498168,,,1.9355833887907543,1.000370567874542,
sphere4,4,2.0,cont,100000,7.804302780524364,1.518534421586104,1.5536024564787017,3.9843344609283666,,,1.951075695131091,0.9960836152320917,
sphere4,4,2.0,cells,1000,6.67111070826417,0.9594025264197888,0.9891346416505153,3.7499632210810225,,,1.6677776770660424,0.9374908052702556,
sphere4,4,2.0,cells,3000,6.703571975204706,1.117810692801783,1.1434431928234086,3.9356986735430266,6.724165145439677,,1.6758929938011764,0.9839246683857567,1.6810412863599193
sphere4,4,2.0,cells,10000,6.294629154279266,1.338873843241806,1.375700925767835,4.060911491903134,,"[6.344238895913313, 6.249540309819175, 5.105337340866813]",1.5736572885698166,1.0152278729757835,
sphere4,4,2.0,cells,30000,5.777024571781546,1.616935717682983,1.6452209331428664,4.060911491903134,,,1.4442561429453864,1.0152278729757835,
sphere4,4,2.0,cells,100000,5.103766752450265,2.02818875071628,2.0389376508955803,4.060911491903134,,,1.2759416881125663,1.0152278729757835,
torus12,12,2.0,cont,1000,29.088789108941327,0.9496329246253118,0.9509819143902795,13.979261447038347,,,2.424065759078444,1.1649384539198622,
torus12,12,2.0,cont,3000,30.412116714851408,0.9896690472678334,0.9877519902065267,14.042273015661408,30.180649856844607,,2.5343430595709506,1.170189417971784,2.5150541547370504
torus12,12,2.0,cont,10000,29.690062374357943,1.0289444981892775,1.030252248470688,14.460001437575865,,"[28.27276559658296, 26.88521103423179, 23.013141651016902]",2.4741718645298287,1.2050001197979887,
torus12,12,2.0,cont,30000,30.215432719324912,1.0701604618284684,1.0706638782201836,13.923455898985729,,,2.5179527266104094,1.160287991582144,
torus12,12,2.0,cells,1000,21.491560558675502,0.9612884519079778,0.9696213611496285,15.442266620786844,,,1.7909633798896252,1.286855551732237,
torus12,12,2.0,cells,3000,16.660281722555347,1.0260789291264287,1.0377861423458217,14.168422695472206,16.57983186773339,,1.3883568102129455,1.1807018912893505,1.381652655644449
torus12,12,2.0,cells,10000,13.634362879334667,1.122381637378362,1.127677614952212,14.304688576728486,,"[16.58808948557861, 24.489966733302236, 22.69889281412621]",1.1361969066112223,1.1920573813940405,
torus12,12,2.0,cells,30000,13.995094927393806,1.2145970757741678,1.2184393555453088,14.304688576728486,,,1.1662579106161506,1.1920573813940405,
torus10,10,0.2,cont,1000,12.465595064436618,0.22607161261932093,0.23083922601294926,11.444470152398436,,,1.2465595064436619,1.1444470152398436,
torus10,10,0.2,cont,3000,10.941143311412326,0.2455515513399145,0.2537059465144035,10.53306283019157,10.045705065340734,,1.0941143311412325,1.053306283019157,1.0045705065340733
torus10,10,0.2,cont,10000,8.146681934348857,0.27563626411833236,0.2906797303378552,8.01928844763444,,"[11.375482897882767, 13.096422356718858, 12.591084116140793]",0.8146681934348857,0.801928844763444,
torus10,10,0.2,cont,30000,5.205502092815389,0.3167023497468637,0.3410767746500625,5.240729355895473,,,0.520550209281539,0.5240729355895473,
torus10,10,0.2,cells,1000,14.516970297068802,0.7776284672624876,0.7896273194433469,11.691598375018824,,,1.4516970297068803,1.1691598375018823,
torus10,10,0.2,cells,3000,11.86850488134635,0.850976722107086,0.8551000767153205,10.52217868712059,12.00507088601225,,1.1868504881346351,1.052217868712059,1.200507088601225
torus10,10,0.2,cells,10000,10.930841404139223,0.9496278532500706,0.9515306209979006,9.602334909372745,,"[11.583191684322376, 17.76392115554321, 17.625319281780214]",1.0930841404139222,0.9602334909372745,
torus10,10,0.2,cells,30000,11.26864301902339,1.0496349299366978,1.0506592092919358,9.602334909372745,,,1.126864301902339,0.9602334909372745,
sphere4,4,1.0,cont,1000,5.206871747616248,0.5144023183775921,0.5305558946007035,4.227118020127559,,,1.301717936904062,1.0567795050318898,
sphere4,4,1.0,cont,3000,5.734352499918507,0.6336446923067955,0.656976913118791,4.0543938330347835,5.882332065940261,,1.4335881249796267,1.0135984582586959,1.4705830164850653
sphere4,4,1.0,cont,10000,6.528782116636412,0.7715624515013606,0.7899423624451102,3.9531260857349855,,"[5.765132736204481, 4.685360669648801, 4.078943075562896]",1.632195529159103,0.9882815214337464,
sphere4,4,1.0,cont,30000,6.945946092214099,0.9027770311910396,0.9303932872612523,3.9614660652207605,,,1.7364865230535247,0.9903665163051901,
sphere4,4,1.0,cont,100000,7.366824639536667,1.0707712933844302,1.0994768209369883,4.014229636036226,,,1.8417061598841669,1.0035574090090564,
sphere4,4,1.0,cells,1000,6.3054316392390275,0.8180150079970532,0.8197504019703056,3.7412579724026265,,,1.5763579098097569,0.9353144931006566,
sphere4,4,1.0,cells,3000,6.217269596025084,0.9722034949817435,0.981159178126304,3.922751091838947,5.987958442480274,,1.554317399006271,0.9806877729597367,1.4969896106200684
sphere4,4,1.0,cells,10000,5.598300833497448,1.1956356894298341,1.2058698459384667,3.944943012468593,,"[5.93609728091603, 5.641693019734455, 4.586187456339466]",1.399575208374362,0.9862357531171483,
sphere4,4,1.0,cells,30000,4.920349227263572,1.4881117348494446,1.4885887992043942,3.944943012468593,,,1.230087306815893,0.9862357531171483,
sphere4,4,1.0,cells,100000,4.332406224662813,1.9518939090403749,1.9346597546877062,3.944943012468593,,,1.0831015561657034,0.9862357531171483,
sphere8,8,5.0,cont,1000,13.057360723472499,1.1336153116458036,1.1396778663990883,7.787493283306627,,,1.6321700904340624,0.9734366604133283,
sphere8,8,5.0,cont,3000,14.531876042839139,1.224356329273518,1.2257619136136666,7.699103532871082,14.410321376590808,,1.8164845053548924,0.9623879416088853,1.801290172073851
sphere8,8,5.0,cont,10000,14.325592978653015,1.3356875306506313,1.3347229789111266,7.553853009677675,,"[14.067240620160932, 13.175670086159109, 11.564248507351923]",1.7906991223316269,0.9442316262097094,
sphere8,8,5.0,cont,30000,14.675902463477195,1.4334985885120046,1.4342458985883595,7.7362015166629785,,,1.8344878079346494,0.9670251895828723,
sphere8,8,5.0,cells,1000,14.003269885290711,1.1461062997380975,1.1512193273883733,7.5607906230622755,,,1.750408735661339,0.9450988278827844,
sphere8,8,5.0,cells,3000,12.989150159802044,1.2516470008499108,1.2616526356822013,7.636060556230968,12.698037251126655,,1.6236437699752555,0.954507569528871,1.5872546563908319
sphere8,8,5.0,cells,10000,12.372147429040954,1.3830229972038206,1.3909462712076042,7.664251939664681,,"[13.275612150698636, 13.119417542758738, 11.62111566271036]",1.5465184286301192,0.9580314924580852,
sphere8,8,5.0,cells,30000,11.411539967769828,1.5065216348902903,1.522780313463481,7.664251939664681,,,1.4264424959712285,0.9580314924580852,
torus2,2,0.35,cont,1000,2.054568888683201,0.15027703580803287,0.1476167329630318,1.9135777935247091,,,1.0272844443416005,0.9567888967623546,
torus2,2,0.35,cont,3000,2.1683729389902267,0.25823342488821915,0.24850848934486028,1.9036835861933923,2.2049451867632825,,1.0841864694951133,0.9518417930966961,1.1024725933816413
torus2,2,0.35,cont,10000,2.5613036325656475,0.4255549575723684,0.4138081004485101,1.9784365416339664,,"[2.0624631294060904, 1.9124496335084513, 1.9915982600948308]",1.2806518162828238,0.9892182708169832,
torus2,2,0.35,cont,30000,3.064974744252509,0.6285267167080648,0.6271818703084686,1.9917463402325541,,,1.5324873721262544,0.9958731701162771,
torus2,2,0.35,cont,100000,3.571049119494271,0.8889231218413495,0.9059950148521284,2.0011913067814713,,,1.7855245597471354,1.0005956533907356,
torus2,2,0.35,cells,1000,2.6187168717035347,0.6004982415901383,0.6013145492877766,1.9221434366440164,,,1.3093584358517674,0.9610717183220082,
torus2,2,0.35,cells,3000,3.28492903410142,0.8404900897268558,0.8481794707543326,1.9795700211972451,3.158619816501634,,1.64246451705071,0.9897850105986226,1.579309908250817
torus2,2,0.35,cells,10000,2.7220135706268684,1.2467060176402827,1.2294399534764062,1.953840445055102,,"[2.4585695360178597, 2.0241703718520037, 1.9948231628103286]",1.3610067853134342,0.976920222527551,
torus2,2,0.35,cells,30000,2.0024216386197637,2.025022501149381,1.9174669543559295,1.953840445055102,,,1.0012108193098819,0.976920222527551,
sphere4,4,3.0,cont,1000,7.424809421838757,0.9984090774466529,1.021462642437037,3.802057065342652,,,1.8562023554596891,0.950514266335663,
sphere4,4,3.0,cont,3000,7.508432787830964,1.1605673294259782,1.1795284460554591,3.9042622806098066,7.570145086624269,,1.877108196957741,0.9760655701524517,1.8925362716560672
sphere4,4,3.0,cont,10000,7.906287965047466,1.3528322158975707,1.386733359514525,3.9462564431284326,,"[6.984512622387847, 6.268117842778829, 5.281838818212006]",1.9765719912618664,0.9865641107821082,
sphere4,4,3.0,cont,30000,7.8949888082406945,1.553420441699757,1.5913916620360158,3.9677387155100106,,,1.9737472020601736,0.9919346788775026,
sphere4,4,3.0,cont,100000,7.953930818410453,1.815336419508496,1.851944596418417,4.00894579967366,,,1.9884827046026132,1.002236449918415,
sphere4,4,3.0,cells,1000,7.1858315430948245,1.0858029699319192,1.1081912616527692,3.8059096836769797,,,1.7964578857737061,0.9514774209192449,
sphere4,4,3.0,cells,3000,7.337549099728154,1.2448211804916656,1.2848871354714535,4.027096879734466,7.4145370986640255,,1.8343872749320385,1.0067742199336165,1.8536342746660064
sphere4,4,3.0,cells,10000,7.007706578505876,1.4765661565102066,1.5186433270469946,3.8648001744370224,,"[6.672657736015408, 6.567623011206486, 5.60743334730302]",1.751926644626469,0.9662000436092556,
sphere4,4,3.0,cells,30000,6.4668209155126055,1.7391936857805057,1.7829950265885655,3.8648001744370224,,,1.6167052288781514,0.9662000436092556,
sphere4,4,3.0,cells,100000,5.722399066252591,2.1307560557067258,2.169660157405814,3.8648001744370224,,,1.4305997665631478,0.9662000436092556,
torus12,12,0.5,cont,1000,19.954424850839295,0.5251075626347911,0.5303789911823514,14.910777803817286,,,1.6628687375699414,1.2425648169847738,
torus12,12,0.5,cont,3000,20.45902538508785,0.5588699548438092,0.5640993353082574,14.135244543577649,19.726126526260945,,1.704918782090654,1.1779370452981375,1.643843877188412
torus12,12,0.5,cont,10000,19.668634051698398,0.5923642986815741,0.5985433993548586,13.799615039865847,,"[20.89027925275456, 19.314573760175055, 17.10012779335694]",1.6390528376415332,1.1499679199888206,
torus12,12,0.5,cont,30000,18.84617367496611,0.6273846523682108,0.6344296483663312,13.477974582646429,,,1.5705144729138425,1.123164548553869,
torus12,12,0.5,cells,1000,16.144314953281693,0.8150648379828666,0.8293379792704337,14.757195035754306,,,1.3453595794401412,1.2297662529795255,
torus12,12,0.5,cells,3000,13.191155805530702,0.8735517819904135,0.8866804126820846,14.9027114793019,13.288639956955487,,1.0992629837942252,1.2418926232751584,1.1073866630796239
torus12,12,0.5,cells,10000,12.077529028304658,0.9723482452975343,0.9765020036841018,14.742251094942597,,"[13.034955931991702, 22.136670462848155, 21.3025407123954]",1.0064607523587215,1.2285209245785498,
torus12,12,0.5,cells,30000,13.11388084454229,1.0603249607762555,1.0638707284057194,14.742251094942597,,,1.0928234037118576,1.2285209245785498,
torus12,12,5.0,cont,1000,27.747228986522074,0.9618433832276341,0.9597669190418066,15.871268119263332,,,2.312269082210173,1.3226056766052776,
torus12,12,5.0,cont,3000,28.66383430990121,0.9915388937919463,0.9905777977734798,14.802227698563044,28.04958686733666,,2.388652859158434,1.2335189748802537,2.337465572278055
torus12,12,5.0,cont,10000,29.21742455552836,1.0339330680008543,1.0359664639277395,14.28082954260956,,"[28.908213115601832, 26.81710508814463, 22.939429289761833]",2.4347853796273635,1.1900691285507967,
torus12,12,5.0,cont,30000,29.478040708104597,1.0746922669540666,1.0746953113744269,13.820103417210783,,,2.4565033923420496,1.1516752847675653,
torus12,12,5.0,cells,1000,18.961972199428992,0.9687588786055911,0.9790612593847375,14.802616683624883,,,1.580164349952416,1.2335513903020736,
torus12,12,5.0,cells,3000,16.660563848994236,1.02758115938342,1.0411886132815884,14.78391750173579,16.37024136025366,,1.3883803207495198,1.2319931251446492,1.3641867800211385
torus12,12,5.0,cells,10000,14.252514187344003,1.1188081196050341,1.1261672836270866,14.40532788861607,,"[16.978004331572738, 24.278600758021042, 22.81551152201053]",1.1877095156120003,1.2004439907180058,
torus12,12,5.0,cells,30000,14.09315456430746,1.2170943923231805,1.220103358476121,14.40532788861607,,,1.1744295470256216,1.2004439907180058,
torus6,6,3.0,cont,1000,14.961025558908997,1.1142827858450846,1.1126987058701319,6.175420986650529,,,2.4935042598181663,1.0292368311084215,
torus6,6,3.0,cont,3000,14.565723098823634,1.1999295428750436,1.1999412811870436,6.478783305828622,14.380867282124708,,2.4276205164706055,1.0797972176381037,2.3968112136874513
torus6,6,3.0,cont,10000,14.692220997926507,1.2979594655637536,1.2998299369156625,6.098658452172167,,"[14.576643795123237, 15.082276400877472, 14.032751244817735]",2.448703499654418,1.0164430753620277,
torus6,6,3.0,cont,30000,13.805187190764421,1.4070792823698397,1.4088678991547936,6.152951192667914,,,2.3008645317940704,1.0254918654446523,
torus6,6,3.0,cells,1000,14.466576026068703,1.122011522315315,1.127617133765729,6.311807245626295,,,2.4110960043447838,1.0519678742710492,
torus6,6,3.0,cells,3000,13.208679612670533,1.2162561176627078,1.2219426435399003,6.224854841136514,12.644689652688799,,2.2014466021117554,1.0374758068560856,2.107448275448133
torus6,6,3.0,cells,10000,12.641624399612796,1.3356741953428408,1.3407101119573965,6.276130881188112,,"[13.591120774525855, 14.714733848826015, 14.03289812184452]",2.106937399935466,1.046021813531352,
torus6,6,3.0,cells,30000,11.284611082470699,1.4611531728494889,1.4734983313419345,6.276130881188112,,,1.8807685137451164,1.046021813531352,
sphere8,8,3.0,cont,1000,13.783079156126908,1.0571849901571542,1.0662846575732952,7.3307771495673215,,,1.7228848945158635,0.9163471436959152,
sphere8,8,3.0,cont,3000,14.530798866157946,1.1394930433031902,1.1452215788013798,7.694452822965318,14.384858413562998,,1.8163498582697433,0.9618066028706648,1.7981073016953748
sphere8,8,3.0,cont,10000,14.32759546545915,1.2412639152199108,1.2496685003575543,7.982025435248979,,"[13.947938367698983, 12.9085010896803, 11.230485370488042]",1.7909494331823939,0.9977531794061224,
sphere8,8,3.0,cont,30000,14.587465538638247,1.3408727589508993,1.345774225130999,7.91734419957637,,,1.8234331923297808,0.9896680249470462,
sphere8,8,3.0,cells,1000,13.35873781469067,1.0994665393747247,1.1048555172032606,8.080603896037776,,,1.6698422268363338,1.010075487004722,
sphere8,8,3.0,cells,3000,12.89197299882867,1.1980929867885042,1.207730523731602,7.835095603616635,12.652738391167624,,1.6114966248535838,0.9793869504520794,1.581592298895953
sphere8,8,3.0,cells,10000,12.176462921980928,1.3092427411350647,1.3256547601944895,7.773431981467519,,"[13.21962848434213, 12.804221824575318, 11.426144398393983]",1.522057865247616,0.9716789976834399,
sphere8,8,3.0,cells,30000,11.019068078125548,1.4362519949559318,1.45695520413114,7.773431981467519,,,1.3773835097656935,0.9716789976834399,
torus12,12,3.0,cont,1000,28.69659499694747,0.9583474709144213,0.9577406217974685,14.808445687567815,,,2.3913829164122893,1.2340371406306512,
torus12,12,3.0,cont,3000,28.94151192198821,0.9936727263937093,0.9915863655657773,14.756475834419216,28.474900852515084,,2.411792660165684,1.2297063195349347,2.372908404376257
torus12,12,3.0,cont,10000,29.05642813409528,1.0353966152947052,1.0359634601893946,14.539575369235248,,"[28.33947612466378, 27.131457692474715, 22.961058144251233]",2.421369011174607,1.211631280769604,
torus12,12,3.0,cont,30000,29.587956994460793,1.074576581907929,1.074592021876723,13.966141590167123,,,2.4656630828717327,1.163845132513927,
torus12,12,3.0,cells,1000,21.065027392233144,0.9643965363052359,0.9735956662994903,15.832869095533455,,,1.755418949352762,1.3194057579611214,
torus12,12,3.0,cells,3000,16.25974707113058,1.0288232698738986,1.0416532222068562,15.85156619955766,15.993342711116352,,1.354978922594215,1.3209638499631382,1.332778559259696
torus12,12,3.0,cells,10000,13.872827408328927,1.1238183678715397,1.1304813441520822,15.393986124537957,,"[17.534928838516187, 24.598302078030468, 22.79541934967668]",1.1560689506940773,1.2828321770448297,
torus12,12,3.0,cells,30000,14.173907388900908,1.21477092492379,1.2195354504874623,15.393986124537957,,,1.1811589490750756,1.2828321770448297,
torus6,6,0.2,cont,1000,6.174341525616257,0.1803515720226976,0.1855025033114437,5.535127303950502,,,1.029056920936043,0.9225212173250837,
torus6,6,0.2,cont,3000,5.7353365116268025,0.21628416993777122,0.224196071853734,5.606538735983515,5.454751575194457,,0.9558894186044671,0.9344231226639191,0.9091252625324096
torus6,6,0.2,cont,10000,5.200391167505489,0.2676623072404268,0.27861666930450574,4.872340622039278,,"[5.876997930692401, 6.850317288413351, 7.870558811766607]",0.8667318612509148,0.8120567703398797,
torus6,6,0.2,cont,30000,4.30055289931204,0.332384999572186,0.3477350882442455,4.062835965834114,,,0.7167588165520066,0.677139327639019,
torus6,6,0.2,cells,1000,9.134036207692764,0.757992022770941,0.7549961428440989,5.943301384899133,,,1.522339367948794,0.9905502308165222,
torus6,6,0.2,cells,3000,8.474756118278801,0.8528645118755084,0.8574446670774795,5.581474718335085,8.001661562427339,,1.4124593530464669,0.9302457863891808,1.3336102604045565
torus6,6,0.2,cells,10000,7.582346817570926,0.9806240814850667,0.9872261342166152,5.28476433872833,,"[8.054405798117543, 9.603064522136393, 10.119221416223608]",1.2637244695951544,0.8807940564547216,
torus6,6,0.2,cells,30000,6.6581722223133495,1.1570132487714346,1.1537210047867088,5.28476433872833,,,1.1096953703855583,0.8807940564547216,
torus4,4,0.1,cont,1000,3.2221180792599924,0.08026341311056336,0.08309846681958852,3.339880640597211,,,0.8055295198149981,0.8349701601493027,
torus4,4,0.1,cont,3000,2.828647879262496,0.11538571366702573,0.11818936506039672,2.868929128521136,2.824475322143166,,0.707161969815624,0.717232282130284,0.7061188305357915
torus4,4,0.1,cont,10000,2.52655861732871,0.18459725135077448,0.18107847233600025,2.4465111830290236,,"[2.884044790342415, 3.638881363531659, 4.610988083505792]",0.6316396543321775,0.6116277957572559,
torus4,4,0.1,cont,30000,2.506740166616705,0.2919685253400201,0.27633162092026586,2.349728605382715,,,0.6266850416541763,0.5874321513456787,
torus4,4,0.1,cont,100000,2.819371491753893,0.47801163781187045,0.44476678180921464,2.4593571114859327,,,0.7048428729384733,0.6148392778714832,
torus4,4,0.1,cells,1000,4.703502558342452,0.6675592740605744,0.6864123481078752,3.0969158463247983,,,1.175875639585613,0.7742289615811996,
torus4,4,0.1,cells,3000,4.856589877343871,0.8515396173565648,0.8579358673123327,2.8321712366257352,4.545941451208531,,1.2141474693359677,0.7080428091564338,1.1364853628021327
torus4,4,0.1,cells,10000,4.482739590156021,1.0975941187808091,1.09667855723021,2.6234405121035493,,"[4.179528086367778, 4.272556020521389, 4.939757147758113]",1.1206848975390054,0.6558601280258873,
torus4,4,0.1,cells,30000,3.3694353882673713,1.4679136987998527,1.4339299475667127,2.6234405121035493,,,0.8423588470668428,0.6558601280258873,
torus10,10,1.0,cont,1000,21.44813379000561,0.7866228082860941,0.788409902080224,11.842113285508544,,,2.144813379000561,1.1842113285508544,
torus10,10,1.0,cont,3000,22.530050028102213,0.8233753431224,0.8242899216797243,12.224376629294163,22.261603706360596,,2.2530050028102213,1.2224376629294162,2.2261603706360598
torus10,10,1.0,cont,10000,22.802322745167253,0.8703840978103723,0.8717909919402526,11.338103000863748,,"[22.578519681818797, 20.973670708055987, 18.327595723175925]",2.280232274516725,1.1338103000863748,
torus10,10,1.0,cont,30000,22.81240414965,0.9126220632874218,0.9152396325593928,11.012099660542479,,,2.281240414965,1.1012099660542478,
torus10,10,1.0,cells,1000,18.93243383904586,0.901685957351732,0.9072880666612718,12.618909260735666,,,1.893243383904586,1.2618909260735667,
torus10,10,1.0,cells,3000,16.1511597295454,0.948973151760655,0.9618216888281452,11.581293927643735,15.551905752604464,,1.6151159729545401,1.1581293927643734,1.5551905752604465
torus10,10,1.0,cells,10000,13.189075162879691,1.0378087641287606,1.0492117256229656,11.392083531437777,,"[16.102944626604675, 20.874388954074252, 19.511404147719055]",1.318907516287969,1.1392083531437778,
torus10,10,1.0,cells,30000,12.711033792067704,1.13364984546509,1.1390449733452188,11.392083531437777,,,1.2711033792067705,1.1392083531437778,
torus12,12,1.0,cont,1000,27.11080967230028,0.7997414322767179,0.8062121179084251,15.62141959018151,,,2.2592341393583566,1.3017849658484593,
torus12,12,1.0,cont,3000,27.680480950882856,0.8367806135549491,0.8381274124295793,14.436408555652148,26.961273434993068,,2.306706745906905,1.2030340463043456,2.2467727862494224
torus12,12,1.0,cont,10000,28.332045087644016,0.8814193774052189,0.8803713680133329,14.633837560472557,,"[27.184960035916372, 25.61319007608312, 21.668721832465845]",2.361003757303668,1.2194864633727132,
torus12,12,1.0,cont,30000,28.351074544044515,0.9128913773867529,0.9132013471289027,14.09530162530461,,,2.362589545337043,1.1746084687753842,
torus12,12,1.0,cells,1000,17.645328126063994,0.899133408725882,0.9130817593206788,12.789818680921377,,,1.470444010505333,1.0658182234101148,
torus12,12,1.0,cells,3000,15.589166223000431,0.9563902692401772,0.9660609240837006,14.302021665506079,15.288253373809908,,1.299097185250036,1.1918351387921733,1.2740211144841591
torus12,12,1.0,cells,10000,13.68398006728995,1.0478506564774768,1.053020515517639,14.631653599906594,,"[16.593920099119742, 23.669275925124087, 22.436663599974672]",1.1403316722741625,1.2193044666588828,
torus12,12,1.0,cells,30000,13.77332555802998,1.1352046112626994,1.140958072413159,14.631653599906594,,,1.1477771298358317,1.2193044666588828,
torus2,2,0.2,cont,1000,1.9442589459911257,0.0947268355156369,0.0895438662556184,1.80326652434472,,,0.9721294729955628,0.90163326217236,
torus2,2,0.2,cont,3000,1.9974633492814466,0.18206235210475566,0.1638735911285576,1.8553196949786563,2.0201974317895477,,0.9987316746407233,0.9276598474893282,1.0100987158947738
torus2,2,0.2,cont,10000,2.2188393625031555,0.31889951358745205,0.28964293945408814,1.9206083191371888,,"[1.907391997469669, 1.7690293105769308, 1.940234680011675]",1.1094196812515777,0.9603041595685944,
torus2,2,0.2,cont,30000,2.62613769807751,0.5024699165763258,0.4724760516417756,1.932593397855534,,,1.313068849038755,0.966296698927767,
torus2,2,0.2,cont,100000,3.248613240889325,0.7440390830450181,0.7334628464477538,1.9737510832759309,,,1.6243066204446626,0.9868755416379654,
torus2,2,0.2,cells,1000,2.4140619698983614,0.5683674620291264,0.5709164587814667,1.834633003965661,,,1.2070309849491807,0.9173165019828305,
torus2,2,0.2,cells,3000,2.988945420693432,0.8293753676241531,0.8357174517093516,1.9768479179448266,2.8664581516962864,,1.494472710346716,0.9884239589724133,1.4332290758481432
torus2,2,0.2,cells,10000,2.74959776647044,1.2425018504269676,1.2091464374827983,1.9382261769216138,,"[2.303741433493396, 1.8611768914546865, 1.9246412862957871]",1.37479888323522,0.9691130884608069,
torus10,10,2.0,cont,1000,23.30760247591489,0.9761579338256631,0.9810952349542664,11.817994876875236,,,2.3307602475914893,1.1817994876875235,
torus10,10,2.0,cont,3000,24.525925652019662,1.0251460195265603,1.025395979250642,11.645430184439112,23.97824082815847,,2.4525925652019662,1.1645430184439112,2.397824082815847
torus10,10,2.0,cont,10000,25.018957452723406,1.0780957160266689,1.0772976367511238,11.295336106330302,,"[23.871845127879215, 23.58921108977015, 20.307077347134037]",2.5018957452723405,1.1295336106330303,
torus10,10,2.0,cont,30000,25.11038601537041,1.124713767225942,1.1241547469891042,11.049666098818342,,,2.5110386015370407,1.1049666098818343,
torus10,10,2.0,cells,1000,20.226780956759963,1.0039587995783583,1.0099017157535697,12.716391419601088,,,2.0226780956759964,1.2716391419601087,
torus10,10,2.0,cells,3000,16.1217635291273,1.0632679547959414,1.0717309622777786,12.015096027700576,15.846530565523327,,1.61217635291273,1.2015096027700576,1.5846530565523327
torus10,10,2.0,cells,10000,14.572664210898967,1.1420100805623508,1.1522925562068156,11.51951811895,,"[18.61786249825832, 21.797164195448044, 20.124305328858416]",1.4572664210898967,1.151951811895,
torus10,10,2.0,cells,30000,13.337904945749404,1.2425346011693565,1.2498686845615865,11.51951811895,,,1.3337904945749404,1.151951811895,
torus12,12,1.5,cont,1000,27.532366301615472,0.9280995617533979,0.9250901378109799,15.519771689966548,,,2.294363858467956,1.2933143074972124,
torus12,12,1.5,cont,3000,28.503481244211656,0.9577643833020721,0.9591914823422255,14.844049399536596,27.79810793565415,,2.375290103684305,1.2370041166280497,2.316508994637846
torus12,12,1.5,cont,10000,28.73970857311189,0.998592241548963,0.999373693506453,14.361744399752192,,"[29.318419315651198, 26.95332270007522, 22.935251127591382]",2.394975714425991,1.1968120333126826,
torus12,12,1.5,cont,30000,29.69011685037673,1.0366559285206998,1.0376629351171314,13.931400732695593,,,2.4741764041980607,1.1609500610579662,
torus12,12,1.5,cells,1000,19.450521222179088,0.9482931387769447,0.9649343601583011,14.812385414117285,,,1.620876768514924,1.2343654511764404,
torus12,12,1.5,cells,3000,16.390072690003638,1.010452631986751,1.0211272473208777,14.60632385415539,16.337159785819605,,1.3658393908336366,1.2171936545129491,1.3614299821516338
torus12,12,1.5,cells,10000,14.218796363868037,1.0996646345262695,1.1061544327464632,14.680304174980213,,"[17.411315256151642, 24.23865469263208, 22.721653814037282]",1.184899696989003,1.223358681248351,
torus12,12,1.5,cells,30000,13.96708505114578,1.198418626092131,1.2009678538058388,14.680304174980213,,,1.1639237542621483,1.223358681248351,
torus2,2,5.0,cont,1000,3.509316420655879,1.0185533967524576,1.0720268962777617,1.8119396532666232,,,1.7546582103279396,0.9059698266333116,
torus2,2,5.0,cont,3000,3.9502798055469945,1.329239404601497,1.3801763575823995,1.9755707607600084,3.9966128026995364,,1.9751399027734973,0.9877853803800042,1.9983064013497682
torus2,2,5.0,cont,10000,3.9655416756044035,1.846089442890384,1.8768751219020312,1.968634733747057,,"[3.8829496092310496, 3.1246439781986357, 2.3616222719426943]",1.9827708378022018,0.9843173668735286,
torus2,2,5.0,cont,30000,4.028150184959708,2.423458547468088,2.468058089304684,2.0116669642615923,,,2.014075092479854,1.0058334821307962,
torus2,2,5.0,cont,100000,4.037040118396604,3.2710387025378633,3.3028109693317256,1.9815089093812428,,,2.018520059198302,0.9907544546906214,
torus2,2,5.0,cells,1000,3.4421277090781985,1.2093285146170454,1.2173942195747098,1.992514498429127,,,1.7210638545390993,0.9962572492145635,
torus2,2,5.0,cells,3000,3.7719204490773897,1.6058072363246587,1.604977079109183,2.002010647611419,3.733541088579033,,1.8859602245386948,1.0010053238057095,1.8667705442895166
torus2,2,5.0,cells,10000,3.7566852118372607,2.204119671196708,2.2092105307901426,1.9727479447858838,,"[3.7640445234840967, 3.2841285965921068, 2.482757912529971]",1.8783426059186303,0.9863739723929419,
torus2,2,5.0,cells,30000,3.3200252160499324,3.0284647152337265,3.012076557308726,1.9727479447858838,,,1.6600126080249662,0.9863739723929419,
torus2,2,5.0,cells,100000,2.8682840718807063,4.529578798372102,4.3862926564674325,1.9727479447858838,,,1.4341420359403532,0.9863739723929419,
sphere4,4,0.2,cont,1000,3.8900662647877193,0.12906504423076254,0.1328151006166992,3.601715312133153,,,0.9725165661969298,0.9004288280332883,
sphere4,4,0.2,cont,3000,3.6576939259060612,0.17641351087341137,0.18010494012672576,3.517005526212202,3.579116568936152,,0.9144234814765153,0.8792513815530505,0.894779142234038
sphere4,4,0.2,cont,10000,3.3631288877169445,0.24772205073095677,0.25242514756794876,3.2322104745331224,,"[3.543349497197241, 3.8005420851649556, 3.7849198043191037]",0.8407822219292361,0.8080526186332806,
sphere4,4,0.2,cont,30000,3.357766313093181,0.34443393488109125,0.34441307041860497,2.995109487295763,,,0.8394415782732952,0.7487773718239408,
sphere4,4,0.2,cont,100000,3.465236184391462,0.506511461071375,0.49354314710046765,2.9576236834897176,,,0.8663090460978655,0.7394059208724294,
sphere4,4,0.2,cells,1000,5.2288474653479255,0.7264025770773669,0.7211222731277979,3.454399433581844,,,1.3072118663369814,0.863599858395461,
sphere4,4,0.2,cells,3000,5.746952681298249,0.8659673236231323,0.8623378901873414,3.6884117351772083,5.543394862062209,,1.4367381703245623,0.9221029337943021,1.3858487155155523
sphere4,4,0.2,cells,10000,4.9185759253851895,1.088611390312055,1.0929946604387506,3.3921304428810557,,"[4.8032516364748865, 4.642189884143449, 4.1893552208548686]",1.2296439813462974,0.8480326107202639,
sphere4,4,0.2,cells,30000,4.19974455591783,1.3910511943185935,1.37483483862513,3.3921304428810557,,,1.0499361389794575,0.8480326107202639,
torus8,8,3.0,cont,1000,20.42118431841099,1.0549350452465875,1.0507855652600615,9.870979710236604,,,2.552648039801374,1.2338724637795755,
torus8,8,3.0,cont,3000,19.76663264692778,1.1146287890575017,1.1126320916799604,8.744216214169203,19.552625041146655,,2.4708290808659723,1.0930270267711504,2.444078130143332
torus8,8,3.0,cont,10000,19.83225556492494,1.1762260193813099,1.1749844595927206,8.676400480358975,,"[19.701322133510388, 19.536179497246227, 17.396698549816392]",2.4790319456156173,1.0845500600448719,
torus8,8,3.0,cont,30000,19.428095481188585,1.2441889387184872,1.2455995031898228,8.461248491009842,,,2.428511935148573,1.0576560613762302,
torus8,8,3.0,cells,1000,17.872894689839733,1.059674091107871,1.065309410468813,8.795569643964125,,,2.2341118362299666,1.0994462054955156,
torus8,8,3.0,cells,3000,16.236115815257783,1.1317650010462672,1.1375562540733728,8.886230063201507,15.661903642229802,,2.029514476907223,1.1107787579001884,1.9577379552787253
torus8,8,3.0,cells,10000,13.952191099591738,1.2190239771746663,1.230765634829487,8.72605898698746,,"[16.780356585226492, 18.833378315578575, 17.36969913404263]",1.7440238874489673,1.0907573733734326,
torus8,8,3.0,cells,30000,12.739481631657764,1.3244883898315287,1.3352590812459257,8.72605898698746,,,1.5924352039572205,1.0907573733734326,
sphere12,12,2.0,cont,1000,19.021763824804108,0.9416351761262648,0.9470205921742346,10.526525921671608,,,1.5851469854003424,0.877210493472634,
sphere12,12,2.0,cont,3000,19.250020461443196,0.9998393168661657,1.0006539327745048,10.882198415770695,19.029878110382484,,1.604168371786933,0.9068498679808913,1.585823175865207
sphere12,12,2.0,cont,10000,20.027905680824095,1.0629721957608156,1.0682642678696603,11.42228020609897,,"[18.528238047715636, 17.54977944312237, 14.828230771228732]",1.6689921400686745,0.9518566838415808,
sphere12,12,2.0,cont,30000,20.16252146957587,1.1222258989998284,1.1277793600867794,11.407245499978513,,,1.680210122464656,0.9506037916648761,
sphere12,12,2.0,cells,1000,17.744442090381398,0.9913636377184859,1.0030131642577977,10.733111748306666,,,1.4787035075317831,0.8944259790255554,
sphere12,12,2.0,cells,3000,16.2859200586119,1.0694497834356866,1.0743757074632654,10.923920838043948,15.988213706713143,,1.357160004884325,0.9103267365036624,1.3323511422260952
sphere12,12,2.0,cells,10000,14.082732636410352,1.1563281482482894,1.1717635661931898,11.190263024731268,,"[16.832586114574585, 17.243852608353677, 15.124841829561626]",1.173561053034196,0.9325219187276056,
sphere12,12,2.0,cells,30000,12.24845674386655,1.2568263227107805,1.2732561825322013,11.190263024731268,,,1.0207047286555457,0.9325219187276056,
torus8,8,0.75,cont,1000,14.513424943845857,0.6195317973129141,0.6297948596182992,8.869939946907468,,,1.8141781179807321,1.1087424933634336,
torus8,8,0.75,cont,3000,14.615978565063878,0.6658103910721971,0.6763457112818234,8.86035220117156,14.598805228200499,,1.8269973206329848,1.107544025146445,1.8248506535250624
torus8,8,0.75,cont,10000,14.452859233810381,0.7355962589951102,0.7412325262873788,8.36984019923578,,"[13.980622269366762, 13.864869890077433, 12.881906294400242]",1.8066074042262976,1.0462300249044725,
torus8,8,0.75,cont,30000,14.590565377889092,0.7941823820498641,0.799102157955224,8.472435515383816,,,1.8238206722361365,1.059054439422977,
torus8,8,0.75,cells,1000,15.35918784333739,0.8367385707599936,0.84006773317815,9.844405006920383,,,1.9198984804171737,1.2305506258650478,
torus8,8,0.75,cells,3000,12.93256769814583,0.8915410342105762,0.9055232817603469,9.180485991572956,12.642475827466338,,1.6165709622682287,1.1475607489466195,1.5803094784332923
torus8,8,0.75,cells,10000,11.416392783542843,0.9941218912920329,1.00654143398378,8.899884854343375,,"[12.696658986743326, 16.11116989963258, 15.371200482186447]",1.4270490979428554,1.1124856067929219,
torus8,8,0.75,cells,30000,10.410893822397988,1.1025017832642778,1.113609267879577,8.899884854343375,,,1.3013617277997485,1.1124856067929219,
torus10,10,3.0,cont,1000,25.050932229522378,0.9950005733324886,0.990930752972303,12.776888194292006,,,2.5050932229522376,1.2776888194292007,
torus10,10,3.0,cont,3000,24.859468037784755,1.0391597077488957,1.036779377609192,12.090023649465355,24.25698098511068,,2.4859468037784755,1.2090023649465356,2.425698098511068
torus10,10,3.0,cont,10000,25.48804398308405,1.0898201331573867,1.088263394769753,11.335234913372933,,"[24.737536461318673, 23.393885219471986, 20.273898103014286]",2.548804398308405,1.1335234913372934,
torus10,10,3.0,cont,30000,24.898825202882634,1.1394549251425083,1.1406100441971991,10.992220908932662,,,2.4898825202882633,1.0992220908932662,
torus10,10,3.0,cells,1000,19.652102433763172,0.9983350928076437,1.006692228111644,13.487302899716939,,,1.9652102433763172,1.348730289971694,
torus10,10,3.0,cells,3000,17.255507775261755,1.0617441825269944,1.0736925050335444,11.999121575276563,16.55889282491325,,1.7255507775261756,1.1999121575276563,1.6558892824913252
torus10,10,3.0,cells,10000,14.788112586724722,1.1536750647200285,1.1619475041293603,11.825063752392452,,"[17.962533707865294, 21.774115060719282, 20.12400242341981]",1.4788112586724722,1.1825063752392453,
torus10,10,3.0,cells,30000,13.444940739174315,1.252048593915919,1.2601867919236822,11.825063752392452,,,1.3444940739174316,1.1825063752392453,
torus12,12,0.75,cont,1000,24.825867282421427,0.6980324022498589,0.7035277948760296,14.89451626055949,,,2.068822273535119,1.2412096883799575,
torus12,12,0.75,cont,3000,24.824152865622906,0.7201174158849162,0.7252972840976629,14.672843898630669,24.732755517569515,,2.0686794054685755,1.2227369915525557,2.0610629597974595
torus12,12,0.75,cont,10000,25.26100159786898,0.7620834866205541,0.7631523151827828,14.946282352808536,,"[25.003617240892147, 22.78941922196298, 19.742152369179614]",2.1050834664890816,1.2455235294007114,
torus12,12,0.75,cont,30000,25.58333828251242,0.7954560270269491,0.7971943239067361,13.932584114317946,,,2.131944856876035,1.1610486761931622,
torus12,12,0.75,cells,1000,18.06851318638884,0.8527039028849562,0.8627280326647776,15.14709467751407,,,1.50570943219907,1.2622578897928391,
torus12,12,0.75,cells,3000,14.163817616881596,0.9193908531729678,0.9306637496434587,15.347797120177113,13.813883094338223,,1.180318134740133,1.2789830933480928,1.1511569245281852
torus12,12,0.75,cells,10000,12.840212048255772,1.007544107115879,1.0124906006589005,14.797317239740753,,"[14.92905496910796, 23.524873216829157, 21.96932719889018]",1.070017670687981,1.2331097699783962,
torus12,12,0.75,cells,30000,13.421309835221393,1.0952942825917673,1.0992530520035648,14.797317239740753,,,1.1184424862684494,1.2331097699783962,
torus10,10,0.75,cont,1000,19.2876254345249,0.6656520104464346,0.6713703115825834,12.195955840336103,,,1.9287625434524902,1.2195955840336103,
torus10,10,0.75,cont,3000,19.47308413199612,0.707365229968173,0.7072368410891906,12.057015640954347,19.33597413006805,,1.9473084131996121,1.2057015640954347,1.933597413006805
torus10,10,0.75,cont,10000,19.738340734052574,0.7464732078702592,0.7514025646448972,11.601191905641107,,"[18.968506867917764, 18.49542855058679, 16.442178356917523]",1.9738340734052575,1.1601191905641106,
torus10,10,0.75,cont,30000,19.6202349669423,0.7924982097112154,0.7964953064730818,11.022661173622884,,,1.9620234966942298,1.1022661173622885,
torus10,10,0.75,cells,1000,16.189437718124562,0.8535546432636338,0.8618585805064576,12.541413374501172,,,1.6189437718124562,1.2541413374501171,
torus10,10,0.75,cells,3000,14.105738692709835,0.9048627411801697,0.9176711431036191,11.957973476544941,13.749294907974011,,1.4105738692709835,1.195797347654494,1.3749294907974012
torus10,10,0.75,cells,10000,12.403102882780253,0.9956272985379977,1.0046778678039219,11.71806164458764,,"[14.581525751051757, 20.008604350623195, 19.00922686160565]",1.2403102882780253,1.171806164458764,
torus10,10,0.75,cells,30000,12.218580109998816,1.0931336969336165,1.0997765045608716,11.71806164458764,,,1.2218580109998816,1.171806164458764,
sphere8,8,2.0,cont,1000,13.601097680558052,0.9613181947913492,0.9736079023696654,7.860503102018732,,,1.7001372100697565,0.9825628877523415,
sphere8,8,2.0,cont,3000,14.19010704855133,1.04264010023114,1.0554909120830922,7.7411388509409615,13.901230818942118,,1.7737633810689162,0.9676423563676202,1.7376538523677647
sphere8,8,2.0,cont,10000,14.346259165773256,1.1472765908435256,1.1583221781033237,7.7824514392006865,,"[13.933862040500218, 12.312493491385435, 10.709585641752708]",1.793282395721657,0.9728064299000858,
sphere8,8,2.0,cont,30000,14.718084101099475,1.2345363803310274,1.2474220626412247,7.853456162281895,,,1.8397605126374343,0.9816820202852369,
sphere8,8,2.0,cells,1000,12.691112840054364,1.0287761735184615,1.0437832593395837,7.5895634186832766,,,1.5863891050067955,0.9486954273354096,
sphere8,8,2.0,cells,3000,12.87512495663824,1.1234462216040597,1.1391164285753674,8.001627716347741,12.581431563951703,,1.60939061957978,1.0002034645434676,1.572678945493963
sphere8,8,2.0,cells,10000,11.725310363430685,1.23551809448171,1.2606142307669876,7.886612603680459,,"[12.196302391947253, 12.424122645349128, 11.015042895007523]",1.4656637954288356,0.9858265754600574,
sphere8,8,2.0,cells,30000,10.580951498936235,1.3566671615447223,1.385431158392734,7.886612603680459,,,1.3226189373670294,0.9858265754600574,
torus6,6,2.0,cont,1000,13.250686653516533,0.9792926048633188,0.9831847060121716,6.5713953222942045,,,2.2084477755860887,1.0952325537157008,
torus6,6,2.0,cont,3000,13.692929950500528,1.0598884524834389,1.064897546454055,6.244847493498986,13.298436866649979,,2.282154991750088,1.0408079155831642,2.216406144441663
torus6,6,2.0,cont,10000,13.681889457675778,1.1584776065721183,1.1540352081189724,6.1392724061196935,,"[13.9593884988284, 13.950664589952025, 13.165042481909651]",2.28031490961263,1.0232120676866157,
torus6,6,2.0,cont,30000,13.284897666129515,1.2522377647041356,1.2499730671447138,6.174856502572319,,,2.2141496110215857,1.0291427504287198,
torus6,6,2.0,cells,1000,13.677930436305589,1.0274517480318157,1.0270401281782628,6.0280934431937405,,,2.279655072717598,1.0046822405322902,
torus6,6,2.0,cells,3000,13.362757045153982,1.101491416070962,1.1059162994879759,6.397587295627128,12.933678780081623,,2.2271261741923305,1.066264549271188,2.1556131300136037
torus6,6,2.0,cells,10000,12.001502776095931,1.2124157401745874,1.2219576433245876,6.102513567150271,,"[13.051462787884235, 14.159509592907417, 13.546392349356204]",2.000250462682655,1.0170855945250452,
torus6,6,2.0,cells,30000,10.809223897054785,1.3365354743502953,1.3483002005532998,6.102513567150271,,,1.8015373161757975,1.0170855945250452,
torus2,2,2.0,cont,1000,2.8520558142743315,0.602865857352797,0.6121668466921688,2.0694193072136366,,,1.4260279071371658,1.0347096536068183,
torus2,2,2.0,cont,3000,3.573805072385271,0.8255466419818445,0.8563284210132728,2.0045747710036625,3.5802192017025014,,1.7869025361926354,1.0022873855018313,1.7901096008512507
torus2,2,2.0,cont,10000,3.8443026230913584,1.142526095830715,1.1891026854639937,1.9824030977470641,,"[3.3714010748971956, 2.4377053836227134, 2.1075627421740624]",1.9221513115456792,0.9912015488735321,
torus2,2,2.0,cont,30000,3.9287597028529038,1.5274870870066006,1.5754573473866962,2.0258198105423864,,,1.9643798514264519,1.0129099052711932,
torus2,2,2.0,cont,100000,4.022111292664146,2.068071332040984,2.117375487184951,1.9973055821388688,,,2.011055646332073,0.9986527910694344,
torus2,2,2.0,cells,1000,3.0536257889761225,0.8737685181277772,0.8602279895475277,2.0792404502331405,,,1.5268128944880612,1.0396202251165703,
torus2,2,2.0,cells,3000,3.375202815905741,1.218056969684205,1.1864739056840332,2.0280239523277075,3.2908981752779747,,1.6876014079528705,1.0140119761638537,1.6454490876389873
torus2,2,2.0,cells,10000,3.1048703985830675,1.7271500442265806,1.7037562203209002,2.0573859364598026,,"[3.1937876945506534, 2.7014676101894337, 2.158058885259819]",1.5524351992915337,1.0286929682299013,
torus2,2,2.0,cells,30000,2.729406736322174,2.601449717472678,2.4783586481088253,2.0573859364598026,,,1.364703368161087,1.0286929682299013,
torus2,2,2.0,cells,100000,2.346871816417513,4.263330829959397,3.887022033946985,2.0573859364598026,,,1.1734359082087564,1.0286929682299013,
sphere8,8,0.2,cont,1000,8.150527094552432,0.24218842717892408,0.24747903799612303,7.743572745904052,,,1.018815886819054,0.9679465932380065,
sphere8,8,0.2,cont,3000,7.773864263125154,0.2774653907157838,0.2854388098181035,7.1615078653519,7.43838348587,,0.9717330328906443,0.8951884831689875,0.92979793573375
sphere8,8,0.2,cont,10000,7.248246816349465,0.3237136645693311,0.33728491436065644,6.5635069646850015,,"[7.792592030458542, 7.695126511447997, 6.9921918271407915]",0.9060308520436832,0.8204383705856252,
sphere8,8,0.2,cont,30000,6.204498451327066,0.3776799432969457,0.39672625296539527,5.694167988618338,,,0.7755623064158832,0.7117709985772922,
sphere8,8,0.2,cells,1000,10.763450712057097,0.7747736400884004,0.7759133937187289,7.035710721564223,,,1.345431339007137,0.8794638401955279,
sphere8,8,0.2,cells,3000,9.415592197446301,0.8551347432637414,0.8688231734686117,7.254832148269285,9.174291216500796,,1.1769490246807877,0.9068540185336607,1.1467864020625995
sphere8,8,0.2,cells,10000,8.254371872814742,0.9834722218288939,0.9952305244797438,7.102663432630562,,"[9.037052842128272, 9.993452028979187, 8.931634951945536]",1.0317964841018428,0.8878329290788203,
sphere8,8,0.2,cells,30000,7.577709184287269,1.1365268744932182,1.1406853913345543,7.102663432630562,,,0.9472136480359086,0.8878329290788203,
torus2,2,1.5,cont,1000,2.844241188096753,0.4646885279770177,0.47321595587053483,1.9454585992026276,,,1.4221205940483765,0.9727292996013138,
torus2,2,1.5,cont,3000,3.236942284271035,0.6898630064827548,0.7196913601940798,2.0543601840069754,3.264890792027974,,1.6184711421355176,1.0271800920034877,1.632445396013987
torus2,2,1.5,cont,10000,3.6818074950311948,0.9872861338357451,1.026435186922055,2.003441322201121,,"[3.1540438246033804, 2.253335193187746, 2.0810560208640068]",1.8409037475155974,1.0017206611005605,
torus2,2,1.5,cont,30000,3.904031071276305,1.311479237439632,1.3626139905277275,2.0094657403671308,,,1.9520155356381526,1.0047328701835654,
torus2,2,1.5,cont,100000,3.9910640826360932,1.7927001132382892,1.8384956945231758,1.9927149368761798,,,1.9955320413180466,0.9963574684380899,
torus2,2,1.5,cells,1000,3.2935319332364443,0.7921816227878999,0.7741513614245897,2.0141113562535216,,,1.6467659666182222,1.0070556781267608,
torus2,2,1.5,cells,3000,3.2082737885914066,1.1235838295100753,1.0853042865013787,1.9855247485698688,3.094892866995246,,1.6041368942957033,0.9927623742849344,1.547446433497623
torus2,2,1.5,cells,10000,2.942946040620079,1.6506687324264013,1.5900814631140232,2.0204402793900216,,"[3.070294781057876, 2.479641539196721, 2.1144144988442077]",1.4714730203100395,1.0102201396950108,
torus2,2,1.5,cells,30000,2.499910246884733,2.5179371743310286,2.364429789774351,2.0204402793900216,,,1.2499551234423665,1.0102201396950108,
torus10,10,0.1,cont,1000,9.892048354308423,0.1149528509528706,0.12102042401441765,10.699764394091792,,,0.9892048354308424,1.0699764394091793,
torus10,10,0.1,cont,3000,6.478627456304244,0.13046810059786074,0.14008280453514269,7.04700698570052,7.575981187169202,,0.6478627456304243,0.704700698570052,0.7575981187169203
torus10,10,0.1,cont,10000,3.4093323702361005,0.16313703120700832,0.17800756839736223,3.4629206994677437,,"[7.857251166715088, 12.17910041088081, 12.255404717556615]",0.34093323702361006,0.34629206994677436,
torus10,10,0.1,cont,30000,2.54701889360821,0.25128723718701523,0.24737418453277868,2.5392048041588766,,,0.254701889360821,0.25392048041588766,
torus10,10,0.1,cells,1000,13.00324612272918,0.7714540137626028,0.7792283180971852,10.086283014989045,,,1.300324612272918,1.0086283014989044,
torus10,10,0.1,cells,3000,10.898421821633953,0.8561420962958519,0.8531216115336578,6.651719045130794,10.913155624522801,,1.0898421821633952,0.6651719045130794,1.0913155624522801
torus10,10,0.1,cells,10000,10.259899620403115,0.9602643829751926,0.9558394413688088,4.9972761860852355,,"[10.62671060653846, 16.768705153746556, 17.210157555277092]",1.0259899620403115,0.49972761860852355,
torus10,10,0.1,cells,30000,10.607662358484783,1.0635649149057007,1.0631781708984938,4.9972761860852355,,,1.0607662358484782,0.49972761860852355,
torus6,6,0.1,cont,1000,5.294027002363255,0.09212732431561792,0.09676838408447015,5.2475895035361955,,,0.8823378337272092,0.8745982505893659,
torus6,6,0.1,cont,3000,3.8548336898501883,0.11960357604635176,0.12629157173142344,3.8712362202409114,3.738039470124825,,0.642472281641698,0.6452060367068185,0.6230065783541375
torus6,6,0.1,cont,10000,2.904091678378489,0.17106790505165204,0.17660275219716848,2.9799459223485028,,"[4.40831641020687, 6.255159312432753, 7.725167243474103]",0.48401527972974817,0.49665765372475046,
torus6,6,0.1,cont,30000,2.507805874157135,0.2649041409383866,0.25686552111344907,2.4554926247974556,,,0.4179676456928558,0.40924877079957594,
torus6,6,0.1,cells,1000,8.190489416143963,0.7335349656931429,0.7366096290069408,5.356657001955788,,,1.3650815693573273,0.8927761669926313,
torus6,6,0.1,cells,3000,7.665493614717131,0.8513819705923166,0.8511310934437846,3.9832732009458742,7.116710119825232,,1.2775822691195218,0.6638788668243124,1.1861183533042052
torus6,6,0.1,cells,10000,6.588048999573788,1.0081477481711627,1.0030548144268256,3.490722664455485,,"[6.893465233917862, 8.055066666017783, 9.575711582104542]",1.0980081665956314,0.5817871107425808,
torus6,6,0.1,cells,30000,5.662629464166246,1.2013377695003802,1.1996340117526854,3.490722664455485,,,0.943771577361041,0.5817871107425808,
torus4,4,5.0,cont,1000,8.893314902694112,1.3088646908656012,1.2953610570912617,4.055080022317802,,,2.223328725673528,1.0137700055794505,
torus4,4,5.0,cont,3000,8.798195605181675,1.4657383743896049,1.4673422548284065,4.119710468794074,8.772813977519984,,2.199548901295419,1.0299276171985186,2.193203494379996
torus4,4,5.0,cont,10000,8.747559537195503,1.6799025249250772,1.6704478128650404,4.045555358146759,,"[8.412416935538177, 9.812946309579354, 9.939378470147224]",2.1868898842988758,1.0113888395366897,
torus4,4,5.0,cont,30000,8.475107905717248,1.9157182684175689,1.9032752366161876,4.042269523015078,,,2.118776976429312,1.0105673807537694,
torus4,4,5.0,cont,100000,8.343190342311466,2.215014849129185,2.198121290909697,3.9970775912667658,,,2.0857975855778665,0.9992693978166914,
torus4,4,5.0,cells,1000,8.86490129380163,1.311592617354536,1.3078281440472195,4.2289090961011455,,,2.2162253234504075,1.0572272740252864,
torus4,4,5.0,cells,3000,8.635185189178374,1.4674384280031463,1.4708806477116183,4.173055310120834,8.380537458174445,,2.1587962972945935,1.0432638275302084,2.095134364543611
torus4,4,5.0,cells,10000,8.286272700319943,1.6929374503743255,1.6905968318165574,4.089193514682395,,"[8.609037703722167, 9.810765782726417, 9.989902527386093]",2.0715681750799857,1.0222983786705988,
torus4,4,5.0,cells,30000,7.845517350097359,1.9456449111555494,1.9438098598098619,4.089193514682395,,,1.9613793375243398,1.0222983786705988,
torus4,4,5.0,cells,100000,7.211332705668864,2.2790776240676927,2.284206006147134,4.089193514682395,,,1.802833176417216,1.0222983786705988,
sphere4,4,0.5,cont,1000,4.555960803865703,0.29269464173195525,0.30553132112418446,3.5275482396800277,,,1.1389902009664257,0.8818870599200069,
sphere4,4,0.5,cont,3000,4.630715873797485,0.3811787290311728,0.3903834807282536,3.9823908238108854,4.658797161687442,,1.1576789684493713,0.9955977059527213,1.1646992904218605
sphere4,4,0.5,cont,10000,5.090462387283376,0.4872520737163736,0.499241672588284,4.043687857161696,,"[4.715213784356293, 4.118610807449574, 3.882657614467623]",1.272615596820844,1.010921964290424,
sphere4,4,0.5,cont,30000,5.5523312861358445,0.5974442430832992,0.6150672473832003,3.940857799733868,,,1.3880828215339611,0.985214449933467,
sphere4,4,0.5,cont,100000,6.223306186249479,0.733359355293619,0.7545250685398975,3.9600949807520682,,,1.5558265465623697,0.9900237451880171,
sphere4,4,0.5,cells,1000,5.634411339340582,0.7546250704023741,0.7545849889978515,4.175202004083541,,,1.4086028348351456,1.0438005010208853,
sphere4,4,0.5,cells,3000,5.664431824802137,0.906052653478495,0.9127302844431706,3.8663741770833133,5.553742192788402,,1.4161079562005343,0.9665935442708283,1.3884355481971005
sphere4,4,0.5,cells,10000,5.23316379899611,1.1248019916647654,1.125028484495943,3.8616580942928724,,"[5.648575986150189, 5.233208321236851, 4.387809316145846]",1.3082909497490276,0.9654145235732181,
sphere4,4,0.5,cells,30000,4.5035557952812955,1.4235078049034442,1.410180703583277,3.8616580942928724,,,1.1258889488203239,0.9654145235732181,
sphere4,4,0.5,cells,100000,4.001373847068594,1.9131069280877975,1.87499864092148,3.8616580942928724,,,1.0003434617671485,0.9654145235732181,
torus6,6,1.5,cont,1000,13.550058545167262,0.8636194390302833,0.8585356785526892,7.033527238154952,,,2.2583430908612105,1.172254539692492,
torus6,6,1.5,cont,3000,12.268386123425781,0.935451326774555,0.9366485314830125,6.386338344760077,12.493079759956387,,2.0447310205709637,1.0643897241266795,2.082179959992731
torus6,6,1.5,cont,10000,13.171514133035222,1.0256478029718663,1.0270673933651604,6.1615304362437895,,"[12.43148854911418, 12.54919351616555, 11.792517964419304]",2.1952523555058705,1.026921739373965,
torus6,6,1.5,cont,30000,12.54842243170587,1.1237929892563823,1.1215415452799904,6.147209190231527,,,2.091403738617645,1.0245348650385877,
torus6,6,1.5,cells,1000,12.112978059335909,0.9351952561007768,0.9360676287235673,6.4982656439793605,,,2.0188296765559848,1.08304427399656,
torus6,6,1.5,cells,3000,12.021917049194434,1.0199075936203708,1.0303562644068394,6.553917131244779,11.72309909606993,,2.0036528415324057,1.0923195218741297,1.9538498493449883
torus6,6,1.5,cells,10000,10.834734070602726,1.1299683383730696,1.1460209068174882,6.3214525949802365,,"[12.165181562638251, 13.010690699067824, 12.594647182142836]",1.8057890117671211,1.0535754324967062,
torus6,6,1.5,cells,30000,9.650341668293315,1.2563335696465836,1.2717639122367324,6.3214525949802365,,,1.608390278048886,1.0535754324967062,
torus2,2,1.0,cont,1000,2.4416389821629467,0.34958210394718525,0.3532185659542956,2.036832687054503,,,1.2208194910814734,1.0184163435272515,
torus2,2,1.0,cont,3000,3.0402990430865557,0.5511891502594312,0.5547131327590529,1.9312436472435695,3.064480451129606,,1.5201495215432779,0.9656218236217847,1.532240225564803
torus2,2,1.0,cont,10000,3.495076032070596,0.79575009205541,0.8199089722501445,2.0078714062807883,,"[2.7820205765078025, 2.126561914565644, 2.054725059743734]",1.747538016035298,1.0039357031403942,
torus2,2,1.0,cont,30000,3.7468243140642503,1.0657352086954741,1.1043095648233698,1.9985188143286237,,,1.8734121570321252,0.9992594071643118,
torus2,2,1.0,cont,100000,3.9372576910152355,1.4659224916290832,1.5132735599455274,1.996743118298487,,,1.9686288455076177,0.9983715591492435,
torus2,2,1.0,cells,1000,3.0824084009303943,0.7259387562346422,0.681451586542288,2.0906708416528814,,,1.5412042004651971,1.0453354208264407,
torus2,2,1.0,cells,3000,3.1644579706036193,0.9881442213197398,0.969271099780846,2.0192117578500244,3.0367536487042806,,1.5822289853018097,1.0096058789250122,1.5183768243521403
torus2,2,1.0,cells,10000,2.8286886145531676,1.5150760355713604,1.4332373667643996,2.036605780658435,,"[2.9253663026006365, 2.2801009731104185, 2.0464506072078588]",1.4143443072765838,1.0183028903292175,
torus2,2,1.0,cells,30000,2.3601515420535417,2.334946216214471,2.1811120183179944,2.036605780658435,,,1.1800757710267709,1.0183028903292175,
torus6,6,0.75,cont,1000,9.104976591250553,0.5580792101173779,0.5728804635139354,6.61279091510086,,,1.517496098541759,1.1021318191834768,
torus6,6,0.75,cont,3000,9.483916668950174,0.6320934773673317,0.642959150462258,6.179964477225291,9.410315625208622,,1.5806527781583624,1.0299940795375486,1.5683859375347702
torus6,6,0.75,cont,10000,9.902908616091567,0.7168750620804696,0.7296465466418094,6.272047162799003,,"[9.117656108629008, 8.858715280224338, 9.142495555799927]",1.6504847693485944,1.0453411937998338,
torus6,6,0.75,cont,30000,10.29303494502162,0.803590061773197,0.8159666059108123,6.131586344966168,,,1.71550582417027,1.0219310574943614,
torus6,6,0.75,cells,1000,10.688100891346206,0.8058849450701129,0.8175718528019762,6.831309881939451,,,1.781350148557701,1.1385516469899086,
torus6,6,0.75,cells,3000,9.658254001858957,0.9077598908607136,0.9149857102013087,6.50457380059137,9.473652611131698,,1.6097090003098262,1.084095633431895,1.578942101855283
torus6,6,0.75,cells,10000,8.696747846995653,1.0302438285809992,1.040988938037855,6.4427083461586,,"[9.984329109434613, 11.125185305437398, 11.0364104206717]",1.4494579744992755,1.0737847243597667,
torus6,6,0.75,cells,30000,7.595173797529274,1.1827275480501322,1.1909671270458053,6.4427083461586,,,1.2658622995882123,1.0737847243597667,
torus12,12,0.1,cont,1000,12.70380442009131,0.12264194806612144,0.12740498079106208,12.951438154212973,,,1.0586503683409425,1.0792865128510811,
torus12,12,0.1,cont,3000,7.277559227328085,0.13594293150228706,0.1461325474467216,8.638253474965868,9.15827555997209,,0.6064632689440072,0.7198544562471557,0.7631896299976741
torus12,12,0.1,cont,10000,3.626433047831243,0.16414508658778773,0.18186762993569786,3.7281934205782217,,"[10.094470756366075, 14.668623014747446, 14.156587278678874]",0.30220275398593693,0.31068278504818514,
torus12,12,0.1,cont,30000,2.5639662230240603,0.24919677883510982,0.24660408590514263,2.5625691948922373,,,0.21366385191867168,0.21354743290768644,
torus12,12,0.1,cells,1000,13.519063466892725,0.7758002810090783,0.7844813108328937,12.560290403955152,,,1.1265886222410604,1.0466908669962627,
torus12,12,0.1,cells,3000,11.279867322090624,0.8521852700160383,0.8575469522545176,7.779811635356285,11.369225363356914,,0.939988943507552,0.6483176362796904,0.9474354469464096
torus12,12,0.1,cells,10000,11.29176271450941,0.9630509170392302,0.9548622289403326,5.633033464583443,,"[11.397113319916466, 19.71697971138925, 20.11849687032057]",0.9409802262091175,0.46941945538195357,
torus12,12,0.1,cells,30000,12.265735752718722,1.0516150866449443,1.0499712527357192,5.633033464583443,,,1.0221446460598935,0.46941945538195357,
sphere4,4,0.1,cont,1000,3.1733507527517677,0.07016127650644431,0.07190325076628527,2.9821691090569957,,,0.7933376881879419,0.7455422772642489,
sphere4,4,0.1,cont,3000,2.4849184164984828,0.10723819976459102,0.1073879324596818,2.6166370140951996,2.5596683834513128,,0.6212296041246207,0.6541592535237999,0.6399170958628282
sphere4,4,0.1,cont,10000,2.3351092307763897,0.18329555794873298,0.17432852902531787,2.3321009926200773,,"[2.6202609527206357, 3.3164020880120484, 3.6855298535529437]",0.5837773076940974,0.5830252481550193,
sphere4,4,0.1,cont,30000,2.3934671468575157,0.29032055481746616,0.27135282133134864,2.2484315271908373,,,0.5983667867143789,0.5621078817977093,
sphere4,4,0.1,cont,100000,2.787093155151742,0.4754952247310429,0.4415098572055312,2.4197843192327118,,,0.6967732887879355,0.6049460798081779,
sphere4,4,0.1,cells,1000,4.591619727582704,0.6548662771353609,0.6615138582759901,2.9621670137529046,,,1.147904931895676,0.7405417534382261,
sphere4,4,0.1,cells,3000,4.563663432121684,0.8532497086311555,0.8660953038238656,2.572604955305225,4.212290557033223,,1.140915858030421,0.6431512388263062,1.0530726392583059
sphere4,4,0.1,cells,10000,4.0462683743640495,1.1192732592541028,1.1167446428893535,2.400068243298839,,"[3.585805174811927, 3.7690192290235087, 3.847696532154972]",1.0115670935910124,0.6000170608247097,
torus10,10,5.0,cont,1000,24.755755560644705,0.9968333063905137,0.9952928449840986,12.809971375117346,,,2.4755755560644706,1.2809971375117346,
torus10,10,5.0,cont,3000,24.299455114484733,1.0392179171663902,1.0405733924318614,11.608898251966357,24.026511358470447,,2.4299455114484734,1.1608898251966357,2.402651135847045
torus10,10,5.0,cont,10000,25.724222119287493,1.0908554820496628,1.0910747333340605,11.211252927882887,,"[24.000567344121325, 23.35990032337871, 20.322635137079832]",2.572422211928749,1.1211252927882887,
torus10,10,5.0,cont,30000,24.6977774771871,1.138186711370855,1.140426828806648,11.1399789403059,,,2.4697777477187097,1.11399789403059,
torus10,10,5.0,cells,1000,19.53846681813477,1.0035805394982253,1.0146489631631341,12.441419296121644,,,1.9538466818134768,1.2441419296121645,
torus10,10,5.0,cells,3000,16.692562396902144,1.0729653093097467,1.0798709045969621,11.901153161984944,16.42187664856305,,1.6692562396902144,1.1901153161984943,1.642187664856305
torus10,10,5.0,cells,10000,14.39947346920497,1.1542347225479923,1.1648224375746337,11.423127975916225,,"[17.19760446019663, 21.771647124174685, 20.190110610822867]",1.439947346920497,1.1423127975916225,
torus10,10,5.0,cells,30000,13.628057111247347,1.2501781349456955,1.2574319436012116,11.423127975916225,,,1.3628057111247347,1.1423127975916225,
torus2,2,3.0,cont,1000,3.4527324088368654,0.7365296977309159,0.7824133493198232,2.0597980016189066,,,1.7263662044184327,1.0298990008094533,
torus2,2,3.0,cont,3000,3.7359303210014763,1.0409537812785246,1.0837989520655316,2.0999357370538347,3.7901455463458342,,1.8679651605007381,1.0499678685269174,1.8950727731729171
torus2,2,3.0,cont,10000,3.908237996955237,1.4150131679608553,1.4566214738902827,2.025050637393357,,"[3.4553244653529047, 2.695524799213689, 2.1706631334907915]",1.9541189984776186,1.0125253186966785,
torus2,2,3.0,cont,30000,3.991967170926499,1.8721656050580828,1.9206003168172756,1.998084475015664,,,1.9959835854632495,0.999042237507832,
torus2,2,3.0,cont,100000,4.007871955902663,2.5509119245100584,2.5866966449063034,2.006040027326585,,,2.0039359779513317,1.0030200136632925,
torus2,2,3.0,cells,1000,3.6145407999966217,0.996520873831379,0.9742870025703386,1.984071055076733,,,1.8072703999983109,0.9920355275383665,
torus2,2,3.0,cells,3000,3.387240406355599,1.3990302341965737,1.3808959648894474,2.06571433274543,3.3301644053827433,,1.6936202031777996,1.032857166372715,1.6650822026913716
torus2,2,3.0,cells,10000,3.2841030434091345,1.9546943141371744,1.921922689321018,2.025918430133615,,"[3.3921963925615244, 2.9867607167966623, 2.2409485187541036]",1.6420515217045673,1.0129592150668074,
torus2,2,3.0,cells,30000,2.9860417226898566,2.764056387282766,2.689523274761176,2.025918430133615,,,1.4930208613449283,1.0129592150668074,
torus2,2,3.0,cells,100000,2.556404143116046,4.3453631803725346,4.086687893635207,2.025918430133615,,,1.278202071558023,1.0129592150668074,
torus4,4,2.0,cont,1000,7.025829811680036,0.8886630041665657,0.9095736630419763,4.208754108275207,,,1.756457452920009,1.0521885270688018,
torus4,4,2.0,cont,3000,7.346363827319638,1.0258845717424192,1.038849979232207,4.007294633540018,7.372471417688029,,1.8365909568299095,1.0018236583850044,1.8431178544220073
torus4,4,2.0,cont,10000,7.775142082614224,1.2018829440260548,1.2048849429139221,3.9797513440796424,,"[7.406791973676318, 6.742315707733612, 6.63414355026908]",1.943785520653556,0.9949378360199106,
torus4,4,2.0,cont,30000,7.932157161479041,1.3824451604643953,1.38496408038852,4.011103984118895,,,1.9830392903697602,1.0027759960297238,
torus4,4,2.0,cont,100000,8.01315889445501,1.6119985055164179,1.6087716700742065,3.9954489688704453,,,2.0032897236137526,0.9988622422176113,
torus4,4,2.0,cells,1000,7.819864377127162,0.9658241367996988,0.9800827147976785,3.994590453751395,,,1.9549660942817906,0.9986476134378488,
torus4,4,2.0,cells,3000,7.639751647391979,1.1200578089631872,1.1346154636166217,4.1230918959440785,7.358593812453336,,1.9099379118479947,1.0307729739860196,1.839648453113334
torus4,4,2.0,cells,10000,7.120802344686091,1.3273150838221237,1.3420979122604444,4.154388227425987,,"[6.924268196007476, 7.22995156213671, 7.288210787460839]",1.7802005861715227,1.0385970568564968,
torus4,4,2.0,cells,30000,6.295131614277526,1.5781584325008662,1.5852461862209866,4.154388227425987,,,1.5737829035693816,1.0385970568564968,
torus4,4,2.0,cells,100000,5.599964341199889,1.9427624299196857,1.933506513772327,4.154388227425987,,,1.3999910852999722,1.0385970568564968,
torus12,12,0.35,cont,1000,16.671988810730817,0.39720717338182443,0.4038203924714058,14.724265144455043,,,1.3893324008942347,1.2270220953712536,
torus12,12,0.35,cont,3000,16.91135465244258,0.42124921032101104,0.4290452865601303,14.423599331592667,16.43528692362098,,1.409279554370215,1.2019666109660556,1.3696072436350815
torus12,12,0.35,cont,10000,16.00722791098694,0.453306551010771,0.4628756922602697,13.325589608626364,,"[18.152395082950385, 17.438553599555455, 15.703883455765268]",1.3339356592489118,1.1104658007188637,
torus12,12,0.35,cont,30000,13.005909262361559,0.48688349929913954,0.5022231538721795,11.40529268345772,,,1.0838257718634632,0.95044105695481,
torus12,12,0.35,cells,1000,16.69831845789633,0.7932569136345662,0.806196455790225,15.29062581616546,,,1.3915265381580275,1.2742188180137883,
torus12,12,0.35,cells,3000,12.45802426337417,0.8589656398034564,0.8728180833064354,14.713853831847242,12.489678629346283,,1.0381686886145143,1.2261544859872702,1.0408065524455237
torus12,12,0.35,cells,10000,11.891108869735692,0.9620351365122172,0.964332756163776,13.974615016461268,,"[12.779175183676623, 21.703136094898525, 20.99971464040093]",0.990925739144641,1.1645512513717724,
torus12,12,0.35,cells,30000,12.832224937896958,1.0494937885197972,1.0508807921533434,13.974615016461268,,,1.0693520781580799,1.1645512513717724,
torus2,2,0.75,cont,1000,2.3333309022696973,0.2907369654101141,0.2821573561434873,1.8887609849368194,,,1.1666654511348487,0.9443804924684097,
torus2,2,0.75,cont,3000,2.646158655068337,0.44854067023851846,0.4518048030516532,1.9687864821295589,2.6904574078042556,,1.3230793275341686,0.9843932410647794,1.3452287039021278
torus2,2,0.75,cont,10000,3.122844795010228,0.6732392260284479,0.6887989009722801,2.018405839221087,,"[2.5530321821666897, 2.0666173593517687, 2.0512671175626203]",1.561422397505114,1.0092029196105434,
torus2,2,0.75,cont,30000,3.6115459543183936,0.9145302646683011,0.9521041778757082,1.9966967283805939,,,1.8057729771591968,0.9983483641902969,
torus2,2,0.75,cont,100000,3.8889160804941705,1.2671389521605734,1.3062074403836088,2.015892806026445,,,1.9444580402470852,1.0079464030132226,
torus2,2,0.75,cells,1000,2.7512317844446494,0.6549802223724971,0.6399522193356962,2.007127049179882,,,1.3756158922223247,1.003563524589941,
torus2,2,0.75,cells,3000,3.151104959583038,0.9202376959953478,0.9215250663941964,1.8987194515827264,2.9623522112978344,,1.575552479791519,0.9493597257913632,1.4811761056489172
torus2,2,0.75,cells,10000,2.6725851917849552,1.4084985297624546,1.356261848571453,1.9831171214776273,,"[2.758658874864205, 2.2344019112147313, 2.059943076211424]",1.3362925958924776,0.9915585607388137,
torus2,2,0.75,cells,30000,2.177346353605794,2.2471187332090516,2.085405690472364,1.9831171214776273,,,1.088673176802897,0.9915585607388137,
torus4,4,3.0,cont,1000,7.691057209269232,1.0935966957363725,1.0801086429912115,3.948433452888212,,,1.922764302317308,0.987108363222053,
torus4,4,3.0,cont,3000,8.024768342612834,1.2420694794291358,1.22798755488877,3.9861236759540484,8.102828534979935,,2.0061920856532085,0.9965309189885121,2.0257071337449837
torus4,4,3.0,cont,10000,8.17377081982878,1.4243245543544223,1.4118526602727564,4.086389869570756,,"[7.75631936678696, 7.95908460636148, 8.222556581511537]",2.043442704957195,1.021597467392689,
torus4,4,3.0,cont,30000,8.364908195893438,1.6300250279225796,1.604478813297663,4.002021892964348,,,2.0912270489733595,1.000505473241087,
torus4,4,3.0,cont,100000,8.222820501802353,1.8989116096536738,1.861382685714456,4.018496046499354,,,2.0557051254505883,1.0046240116248386,
torus4,4,3.0,cells,1000,7.922468674522616,1.089595511635998,1.0950808726523305,3.782846554429155,,,1.980617168630654,0.9457116386072888,
torus4,4,3.0,cells,3000,8.247767141526506,1.259908306468111,1.2535179888076524,4.092958468731541,8.066186816009065,,2.0619417853816264,1.0232396171828853,2.016546704002266
torus4,4,3.0,cells,10000,7.623323359927466,1.4683622520316562,1.468877779276121,4.039364338632042,,"[7.821699682070691, 8.227843375189059, 8.571451048872712]",1.9058308399818664,1.0098410846580106,
torus4,4,3.0,cells,30000,7.130139586828559,1.7183247279661664,1.7053511315926664,4.039364338632042,,,1.7825348967071397,1.0098410846580106,
torus4,4,3.0,cells,100000,6.432126290059083,2.0516202985476846,2.031727830983663,4.039364338632042,,,1.6080315725147707,1.0098410846580106,
sphere8,8,0.35,cont,1000,8.46998212008399,0.39026975538190894,0.4023580503107482,8.047881747335333,,,1.0587477650104988,1.0059852184169167,
sphere8,8,0.35,cont,3000,8.92049778956638,0.4439615482984628,0.4552511925384819,7.514707244961819,8.816874902965337,,1.1150622236957974,0.9393384056202274,1.102109362870667
sphere8,8,0.35,cont,10000,9.509048589060697,0.49762936924839785,0.5141814029329558,7.484305479579593,,"[8.958021172066042, 8.39202502975304, 7.339039834086315]",1.1886310736325871,0.9355381849474491,
sphere8,8,0.35,cont,30000,9.59829531473113,0.5647844395822994,0.5793406058036259,7.544990478306015,,,1.1997869143413913,0.9431238097882518,
sphere8,8,0.35,cells,1000,10.349186613333897,0.7875919598303145,0.8004123705672487,7.187965492601933,,,1.2936483266667371,0.8984956865752416,
sphere8,8,0.35,cells,3000,9.846927895989369,0.8769068372001448,0.8871391155560174,7.676811547417423,9.622456653728971,,1.2308659869986711,0.9596014434271779,1.2028070817161214
sphere8,8,0.35,cells,10000,8.683682196936616,1.0015376051914302,1.012648131440485,7.558995903866343,,"[9.743818198187812, 10.647954702393093, 9.164796721550536]",1.085460274617077,0.9448744879832929,
sphere8,8,0.35,cells,30000,7.851073085367477,1.1500245070465838,1.1556154330382473,7.558995903866343,,,0.9813841356709346,0.9448744879832929,
torus8,8,1.5,cont,1000,19.157490417043274,0.908088560599269,0.9165886896131317,9.30020733545901,,,2.3946863021304092,1.1625259169323763,
torus8,8,1.5,cont,3000,18.802152955788532,0.9623029005781355,0.9624797460435329,8.953431695205582,18.657875043138844,,2.3502691194735665,1.1191789619006978,2.3322343803923555
torus8,8,1.5,cont,10000,19.35517811608683,1.0296224244266394,1.0279652532671064,8.767097593036487,,"[19.448316025118412, 18.614382875083415, 16.60921340228113]",2.4193972645108537,1.095887199129561,
torus8,8,1.5,cont,30000,18.978090244890506,1.0876712767338144,1.0889694202154432,8.490698523563701,,,2.3722612806113132,1.0613373154454626,
torus8,8,1.5,cells,1000,16.798338447419265,0.960710080258209,0.9684659546259456,9.176501716638889,,,2.099792305927408,1.147062714579861,
torus8,8,1.5,cells,3000,15.449248987239814,1.036594631572718,1.0423935969575155,8.575252058567825,14.97586282211666,,1.9311561234049768,1.0719065073209781,1.8719828527645825
torus8,8,1.5,cells,10000,13.831244088775595,1.1173947163323839,1.128485972663066,8.546031213767852,,"[16.060432866139273, 18.2198681127937, 16.909070132272625]",1.7289055110969493,1.0682539017209816,
torus8,8,1.5,cells,30000,12.276826059690976,1.2203479293731494,1.2299791209270343,8.546031213767852,,,1.534603257461372,1.0682539017209816,
torus10,10,1.5,cont,1000,24.388818484274065,0.9228518114112386,0.9234496039849384,13.28300283617508,,,2.4388818484274064,1.328300283617508,
torus10,10,1.5,cont,3000,23.71741655173296,0.9688884390094343,0.9702468847164132,12.02523106498937,23.486088148098204,,2.371741655173296,1.202523106498937,2.3486088148098205
torus10,10,1.5,cont,10000,24.57240874746667,1.01754896828613,1.0177390481689066,11.325507816734682,,"[23.995110696763604, 22.951677675842557, 20.121705556856256]",2.457240874746667,1.1325507816734681,
torus10,10,1.5,cont,30000,24.62465373355608,1.0651777658703243,1.0664188812479731,10.948650322395206,,,2.462465373355608,1.0948650322395206,
torus10,10,1.5,cells,1000,21.076896344853495,0.9666600284747972,0.9719817337666709,12.052265243496029,,,2.1076896344853493,1.205226524349603,
torus10,10,1.5,cells,3000,16.533054657393883,1.0259864142078308,1.036275906692834,11.607705764254263,16.26657101426515,,1.6533054657393884,1.1607705764254264,1.626657101426515
torus10,10,1.5,cells,10000,14.125798391866853,1.1094272493606914,1.1217552437070788,11.829356654112667,,"[17.483361174735652, 21.82426084705868, 20.056849442394498]",1.4125798391866853,1.1829356654112666,
torus10,10,1.5,cells,30000,13.198262992328054,1.2084879556593877,1.2155084638229405,11.829356654112667,,,1.3198262992328054,1.1829356654112666,
sphere12,12,1.0,cont,1000,17.165768929629426,0.8018286037325002,0.8160807011284306,11.164542574553392,,,1.4304807441357854,0.9303785478794494,
sphere12,12,1.0,cont,3000,18.852166680239677,0.8551821191684242,0.8650014210961146,11.019946997807102,18.723472740864544,,1.571013890019973,0.9183289164839251,1.5602893950720453
sphere12,12,1.0,cont,10000,19.354927599268155,0.9149887636354161,0.9265429857903587,11.268886530642256,,"[17.92779044204096, 16.366707337176226, 13.641483583309428]",1.6129106332723462,0.9390738775535213,
sphere12,12,1.0,cont,30000,19.738158939062526,0.970044027196984,0.9798296767570399,11.4336621120328,,,1.6448465782552104,0.9528051760027334,
sphere12,12,1.0,cells,1000,17.41048676271986,0.925166466360725,0.93650741359154,10.775690918243445,,,1.4508738968933217,0.8979742431869537,
sphere12,12,1.0,cells,3000,14.78577949032139,0.9889208500376239,1.0011459562001908,11.00976030419114,14.231898115122837,,1.2321482908601158,0.9174800253492617,1.1859915095935698
sphere12,12,1.0,cells,10000,12.869949444091432,1.0760841773839396,1.0934348144668162,11.04093973129018,,"[16.11141692690245, 16.60439481749787, 14.592629426095302]",1.0724957870076193,0.9200783109408484,
sphere12,12,1.0,cells,30000,11.360515970201456,1.1818786011891838,1.1977030470049228,11.04093973129018,,,0.9467096641834547,0.9200783109408484,
torus4,4,0.2,cont,1000,4.604593837455534,0.1413372990255034,0.14700303250884142,3.6623552784264044,,,1.1511484593638834,0.9155888196066011,
torus4,4,0.2,cont,3000,3.7700777998408093,0.19340488429548522,0.20067185577730676,3.6320152664290317,3.700804302440285,,0.9425194499602023,0.9080038166072579,0.9252010756100713
torus4,4,0.2,cont,10000,3.7099360972298077,0.26837431852962573,0.2753585491033867,3.4939477115000512,,"[3.6496021829986898, 4.08217821048871, 4.7570570866564585]",0.9274840243074519,0.8734869278750128,
torus4,4,0.2,cont,30000,3.606076211150793,0.3661373712616521,0.37147494723213037,3.2188561824358564,,,0.9015190527876983,0.8047140456089641,
torus4,4,0.2,cont,100000,3.7624698737627704,0.5218566483097925,0.5159171699444658,3.1295982268490614,,,0.9406174684406926,0.7823995567122654,
torus4,4,0.2,cells,1000,5.702775945380611,0.7097583504882805,0.7141812917016217,3.794841552415502,,,1.4256939863451528,0.9487103881038755,
torus4,4,0.2,cells,3000,5.585653372797131,0.8751647708858092,0.8752260192485927,3.6016935858980528,5.58083417235215,,1.3964133431992827,0.9004233964745132,1.3952085430880374
torus4,4,0.2,cells,10000,5.163828728292254,1.0813161544288454,1.0769541451489282,3.4390518231775253,,"[5.1209508902255125, 5.295226596218947, 5.467993808613393]",1.2909571820730634,0.8597629557943813,
torus4,4,0.2,cells,30000,4.262937102186829,1.3663010066088634,1.3554905396543186,3.4390518231775253,,,1.0657342755467072,0.8597629557943813,
torus10,10,0.35,cont,1000,13.60474450300922,0.3677447916020127,0.3793555691929468,12.528721775401232,,,1.360474450300922,1.2528721775401233,
torus10,10,0.35,cont,3000,13.02010046826562,0.4012087771257097,0.4104253205662715,11.513728743482321,12.653069645590321,,1.3020100468265619,1.151372874348232,1.265306964559032
torus10,10,0.35,cont,10000,12.43692702822214,0.4438859490976042,0.4546719433088083,10.50392274327845,,"[14.045940690743763, 14.239865920144695, 13.355559752201088]",1.243692702822214,1.0503922743278449,
torus10,10,0.35,cont,30000,11.020346524813256,0.4831075546109783,0.49837743402066875,9.400149145063132,,,1.1020346524813256,0.9400149145063132,
torus10,10,0.35,cells,1000,14.723630803763914,0.7925731312702764,0.8033110437078645,12.502951959502932,,,1.4723630803763914,1.2502951959502933,
torus10,10,0.35,cells,3000,12.329450322892074,0.8567246319487459,0.8674207507050149,11.501159212783458,12.343648252813972,,1.2329450322892073,1.1501159212783458,1.2343648252813972
torus10,10,0.35,cells,10000,11.33474476870034,0.9568738611123119,0.9595356387812956,10.982851657959523,,"[12.374626005220962, 18.675223829057717, 17.98822020940263]",1.133474476870034,1.0982851657959523,
torus10,10,0.35,cells,30000,11.505073674009372,1.0525150117926971,1.0563454016792035,10.982851657959523,,,1.1505073674009372,1.0982851657959523,
sphere4,4,0.75,cont,1000,4.936575799207505,0.4070192877386145,0.42804575143821433,4.106914047070145,,,1.2341439498018762,1.0267285117675362,
sphere4,4,0.75,cont,3000,5.282082897238079,0.5142678293568108,0.5308221014505817,4.091210480123495,5.297031968311286,,1.3205207243095198,1.0228026200308737,1.3242579920778215
sphere4,4,0.75,cont,10000,5.985874248349031,0.6427836895521487,0.6625032870164677,3.93395604862565,,"[5.033216464041961, 4.44754372606507, 3.9861733493904437]",1.4964685620872578,0.9834890121564125,
sphere4,4,0.75,cont,30000,6.579551417606785,0.7619072352246842,0.785916234753119,3.9705710730814006,,,1.6448878544016963,0.9926427682703501,
sphere4,4,0.75,cont,100000,7.014907040178253,0.9159910910050724,0.9421300864607068,4.00034311147786,,,1.7537267600445632,1.000085777869465,
sphere4,4,0.75,cells,1000,6.2518489351718936,0.7634858510406163,0.778649365507611,3.9682928775915283,,,1.5629622337929734,0.9920732193978821,
sphere4,4,0.75,cells,3000,5.988459848729596,0.9346213834656266,0.9446191210184677,3.99990878873307,5.737910743362214,,1.497114962182399,0.9999771971832675,1.4344776858405535
sphere4,4,0.75,cells,10000,5.34183041476377,1.1623560083808884,1.1632862555266048,3.924680017172892,,"[5.718507891823513, 5.400793701159252, 4.450520067805908]",1.3354576036909425,0.981170004293223,
sphere4,4,0.75,cells,30000,4.613898432178217,1.4518405775251546,1.4518886539903002,3.924680017172892,,,1.1534746080445542,0.981170004293223,
sphere4,4,0.75,cells,100000,4.161186957315766,1.926703629899076,1.9017895847696369,3.924680017172892,,,1.0402967393289415,0.981170004293223,
torus8,8,0.2,cont,1000,9.196171517166585,0.20477996634911144,0.20987654370258463,9.172198181754686,,,1.149521439645823,1.1465247727193357,
torus8,8,0.2,cont,3000,8.29755361615267,0.2310102205121119,0.24069149176121796,7.966192277135862,7.686772985176756,,1.0371942020190839,0.9957740346419828,0.9608466231470945
torus8,8,0.2,cont,10000,6.401129731944942,0.2704258687529794,0.2847767039264977,6.53972485401166,,"[8.379941432230805, 10.25767035991847, 10.34919894110341]",0.8001412164931178,0.8174656067514575,
torus8,8,0.2,cont,30000,4.813644665165911,0.32234315705817956,0.34217232223411037,4.607277561943037,,,0.6017055831457389,0.5759096952428796,
torus8,8,0.2,cells,1000,13.346562681991017,0.7598704197848927,0.7688953619386253,8.686955887715,,,1.6683203352488771,1.085869485964375,
torus8,8,0.2,cells,3000,10.912869141564745,0.8438681982835502,0.8465230400776617,8.550351729082841,10.884551938708753,,1.364108642695593,1.0687939661353552,1.3605689923385942
torus8,8,0.2,cells,10000,9.680811545673006,0.9517123689812768,0.9571487246375119,7.4265615006913235,,"[10.684298230292322, 14.169899593227678, 14.24738447777779]",1.2101014432091257,0.9283201875864154,
torus8,8,0.2,cells,30000,9.167706842549078,1.0736093614379751,1.0750846741490272,7.4265615006913235,,,1.1459633553186348,0.9283201875864154,
torus8,8,2.0,cont,1000,20.967039029621375,0.9945903716848359,0.9965151172752069,8.871053082410027,,,2.620879878702672,1.1088816353012534,
torus8,8,2.0,cont,3000,19.900937640952726,1.057100106014416,1.0583490660143917,8.681680261046935,19.730922492439213,,2.487617205119091,1.085210032630867,2.4663653115549016
torus8,8,2.0,cont,10000,20.030008737404273,1.1218962765595986,1.1245792827519463,8.71940752622765,,"[20.829835130728462, 19.54950972729402, 17.280445242796947]",2.503751092175534,1.0899259407784563,
torus8,8,2.0,cont,30000,19.44897796380918,1.1873133016904862,1.188802780465998,8.384914562272616,,,2.4311222454761476,1.048114320284077,
torus8,8,2.0,cells,1000,18.158052701964785,1.0320242095890673,1.031029031814966,9.52592288299062,,,2.269756587745598,1.1907403603738276,
torus8,8,2.0,cells,3000,16.680811388288973,1.0992182676509763,1.1017579126858001,9.282413824789435,15.808085976027488,,2.0851014235361216,1.1603017280986794,1.976010747003436
torus8,8,2.0,cells,10000,14.324665149505472,1.1822408790118935,1.1938499938415987,8.646307603418407,,"[16.80284092883706, 18.60107464392676, 17.229876837258992]",1.790583143688184,1.0807884504273009,
torus8,8,2.0,cells,30000,12.730564158437648,1.2846161389297908,1.294708099616354,8.646307603418407,,,1.591320519804706,1.0807884504273009,
torus4,4,1.0,cont,1000,5.763886356572886,0.5806194936540088,0.5963105345549194,4.002044695623478,,,1.4409715891432215,1.0005111739058694,
torus4,4,1.0,cont,3000,6.454485246123003,0.6845646984565595,0.7078544013431,4.014887965596687,6.506174061729531,,1.6136213115307507,1.0037219913991717,1.6265435154323828
torus4,4,1.0,cont,10000,6.815443896129418,0.8333392995606956,0.8526820514395976,4.003608579125021,,"[6.063277388338934, 5.2945743283459965, 5.3168050505255815]",1.7038609740323545,1.0009021447812552,
torus4,4,1.0,cont,30000,7.2644047202560404,0.9726291198152095,0.9949265870965358,4.0455664007243985,,,1.8161011800640101,1.0113916001810996,
torus4,4,1.0,cont,100000,7.519016421345095,1.1476608010765827,1.1699030923931732,4.0068124636452795,,,1.8797541053362739,1.0017031159113199,
torus4,4,1.0,cells,1000,6.829731722169009,0.8256214341170139,0.8401880759961173,4.099550161849423,,,1.7074329305422522,1.0248875404623556,
torus4,4,1.0,cells,3000,6.6867919727890435,0.9808145447760519,0.988361422033645,4.145185782138487,6.554124313152326,,1.6716979931972609,1.0362964455346217,1.6385310782880815
torus4,4,1.0,cells,10000,5.7616307961014055,1.1947952496402785,1.2011907112129356,4.131015341257408,,"[6.201836374193543, 6.264135815483575, 6.091682475121664]",1.4404076990253514,1.032753835314352,
torus4,4,1.0,cells,30000,5.115618732273294,1.4622662973727403,1.4623218721762552,4.131015341257408,,,1.2789046830683235,1.032753835314352,
torus4,4,1.0,cells,100000,4.532629224716247,1.89158970361084,1.8743846457870241,4.131015341257408,,,1.1331573061790619,1.032753835314352,
sphere4,4,5.0,cont,1000,7.737522643756468,1.2160716481273033,1.2424625408958734,3.846341622971206,,,1.934380660939117,0.9615854057428015,
sphere4,4,5.0,cont,3000,7.590214832909446,1.4085505115584769,1.443628391940288,3.9688512078895375,7.476766183632841,,1.8975537082273615,0.9922128019723844,1.8691915459082102
sphere4,4,5.0,cont,10000,8.026411063918626,1.6406410542048453,1.6701749080262174,4.022310297008186,,"[7.225499048081615, 6.8691901465134295, 6.032487558607672]",2.0066027659796566,1.0055775742520465,
sphere4,4,5.0,cont,30000,7.9632373802168015,1.8869551152147652,1.918734643059401,3.9704306901120345,,,1.9908093450542004,0.9926076725280086,
sphere4,4,5.0,cont,100000,7.9562234936239555,2.200820816562839,2.233109783819669,4.008680234943207,,,1.9890558734059889,1.0021700587358018,
sphere4,4,5.0,cells,1000,7.2048306955503,1.237540728552071,1.2694341968835876,4.010735058663521,,,1.801207673887575,1.0026837646658802,
sphere4,4,5.0,cells,3000,7.5437083210494675,1.4497896730342326,1.4946273314684293,4.115723910695663,7.397415778052871,,1.8859270802623669,1.0289309776739157,1.8493539445132177
sphere4,4,5.0,cells,10000,7.204357500287627,1.713567215459653,1.7512486137821466,4.06823662271958,,"[7.227193266920593, 6.968301569559868, 6.160670181836772]",1.8010893750719068,1.017059155679895,
sphere4,4,5.0,cells,30000,7.065676302696345,1.9786764750434573,2.0235683131973583,4.06823662271958,,,1.7664190756740863,1.017059155679895,
sphere4,4,5.0,cells,100000,6.356128502299111,2.367484754512484,2.4222670628512573,4.06823662271958,,,1.5890321255747777,1.017059155679895,
sphere12,12,0.1,cont,1000,10.613323640144053,0.1684770395750566,0.17387557969267053,9.947688126324406,,,0.8844436366786711,0.8289740105270339,
sphere12,12,0.1,cont,3000,8.913874428249416,0.18961332171879686,0.1971702307250108,9.23182148881869,8.073974168943462,,0.7428228690207846,0.7693184574015576,0.6728311807452885
sphere12,12,0.1,cont,10000,5.89559400753996,0.2161076376415612,0.23308813278175616,6.137808274696061,,"[9.73843294453957, 10.451526019826211, 9.430501421923665]",0.49129950062833,0.5114840228913384,
sphere12,12,0.1,cont,30000,3.6118087196123745,0.26660374595029596,0.2872067383810243,3.6200013538557836,,,0.3009840599676979,0.301666779487982,
sphere12,12,0.1,cells,1000,12.486511488760138,0.768712518105056,0.7777615569217182,10.5386738822942,,,1.0405426240633449,0.8782228235245166,
sphere12,12,0.1,cells,3000,10.986568829904073,0.8537455859626819,0.8584167990526553,8.894504643809404,10.824581982133786,,0.9155474024920061,0.7412087203174503,0.9020484985111489
sphere12,12,0.1,cells,10000,9.511900219111112,0.9603567914860281,0.9639866790601859,7.799227534838945,,"[10.641870054411735, 13.84402142945902, 12.689997711707823]",0.7926583515925927,0.6499356279032454,
sphere12,12,0.1,cells,30000,9.453411027942254,1.0784575391101894,1.0794679854653715,7.799227534838945,,,0.7877842523285211,0.6499356279032454,
sphere12,12,0.2,cont,1000,11.873200941023638,0.31323747982123146,0.32078376617990495,10.490235970241987,,,0.9894334117519699,0.8741863308534988,
sphere12,12,0.2,cont,3000,11.842558231350242,0.35142280980368923,0.35933409979243924,10.383719873063272,11.326653218546944,,0.9868798526125202,0.8653099894219394,0.9438877682122454
sphere12,12,0.2,cont,10000,11.046974283212185,0.385774965202469,0.3973182046272795,10.015866436648064,,"[11.700521171298247, 11.288908768585742, 9.848845558521681]",0.920581190267682,0.8346555363873387,
sphere12,12,0.2,cont,30000,9.304613725704,0.42330524338090536,0.44297132628020236,8.707566184315159,,,0.775384477142,0.7256305153595966,
sphere12,12,0.2,cells,1000,14.612216735884672,0.7782990152996309,0.7887695111903612,10.443438043174819,,,1.2176847279903893,0.8702865035979016,
sphere12,12,0.2,cells,3000,11.397263627888819,0.8530452530373834,0.8710584694158046,10.63447946411075,11.246331361934164,,0.9497719689907349,0.8862066220092292,0.9371942801611803
sphere12,12,0.2,cells,10000,9.97970311425921,0.9592071535685431,0.9699412770707732,10.821157089342226,,"[11.787451858461504, 14.46352365874309, 13.094233335564333]",0.8316419261882676,0.9017630907785188,
sphere12,12,0.2,cells,30000,9.819533738084118,1.0782923907668174,1.0817500972723215,10.821157089342226,,,0.8182944781736765,0.9017630907785188,
sphere8,8,0.75,cont,1000,11.48419906732927,0.6583575005384471,0.67388144468865,7.929910420193407,,,1.4355248834161587,0.9912388025241758,
sphere8,8,0.75,cont,3000,12.468524959479417,0.7241018960806912,0.7431559850163044,7.695931421862512,12.341935656194057,,1.5585656199349271,0.961991427732814,1.542741957024257
sphere8,8,0.75,cont,10000,12.824861042868461,0.7960982529973255,0.8167400343542383,7.68388682871311,,"[11.36458072788523, 10.15782161782012, 8.480650767502306]",1.6031076303585576,0.9604858535891387,
sphere8,8,0.75,cont,30000,13.083400732568835,0.870137826153402,0.8891156690010571,7.822332046079956,,,1.6354250915711044,0.9777915057599945,
sphere8,8,0.75,cells,1000,11.392948909823245,0.8595643255197228,0.8809377697485845,6.996395377507873,,,1.4241186137279056,0.8745494221884841,
sphere8,8,0.75,cells,3000,10.757343265622703,0.9468311360295099,0.9638681622161993,8.199033024738524,10.386430591027034,,1.3446679082028379,1.0248791280923155,1.2983038238783793
sphere8,8,0.75,cells,10000,9.595827294675036,1.0495800476456976,1.0810825748999966,7.812376208351972,,"[10.838702180041924, 11.325088096788088, 9.744548919411002]",1.1994784118343795,0.9765470260439965,
sphere8,8,0.75,cells,30000,8.767822099121812,1.1969005490929618,1.216683047129018,7.812376208351972,,,1.0959777623902265,0.9765470260439965,
torus8,8,1.0,cont,1000,15.780896746829576,0.7468665035097148,0.7526406653770614,9.042603360924595,,,1.972612093353697,1.1303254201155744,
torus8,8,1.0,cont,3000,16.752565306257978,0.7948795896536116,0.7975908611538451,8.870719106907782,16.5888323922865,,2.0940706632822472,1.1088398883634727,2.0736040490358123
torus8,8,1.0,cont,10000,16.704617041261354,0.8585559187371699,0.8620904885653858,8.516251301392986,,"[15.815628005056382, 15.996000557255943, 14.402557480009335]",2.0880771301576693,1.0645314126741232,
torus8,8,1.0,cont,30000,16.668611788388514,0.9191200643477109,0.9204697509002475,8.377957234843993,,,2.0835764735485642,1.0472446543554992,
torus8,8,1.0,cells,1000,16.137687604190067,0.8732766657293107,0.8825589484326445,8.855162633817178,,,2.0172109505237583,1.1068953292271473,
torus8,8,1.0,cells,3000,13.073378108249134,0.942446800453514,0.9536840433168519,8.65816010031759,12.681993782030144,,1.6341722635311418,1.0822700125396987,1.585249222753768
torus8,8,1.0,cells,10000,12.300018120265957,1.0305201384085931,1.0441292463900025,8.795920979275897,,"[15.221031373923568, 16.691986483458724, 16.01318438139931]",1.5375022650332446,1.099490122409487,
torus8,8,1.0,cells,30000,10.966758408951844,1.1368299454061366,1.148729417130282,8.795920979275897,,,1.3708448011189804,1.099490122409487,
torus6,6,0.5,cont,1000,7.76430584874511,0.42382303097352547,0.4264650429452702,6.043033497930922,,,1.2940509747908517,1.0071722496551536,
torus6,6,0.5,cont,3000,7.951451030716904,0.473487715145833,0.4874151773622269,6.334926599227198,7.9827825929534875,,1.3252418384528173,1.0558210998711997,1.330463765492248
torus6,6,0.5,cont,10000,8.274868531367103,0.5475039557262829,0.5614882221388466,6.069773095414895,,"[7.851347873975924, 7.776269858711349, 8.420767199724976]",1.3791447552278504,1.0116288492358159,
torus6,6,0.5,cont,30000,8.518368935426247,0.6265929169732269,0.6405946414954994,6.057515029619444,,,1.4197281559043746,1.0095858382699074,
torus6,6,0.5,cells,1000,9.888189022142543,0.7895933000041266,0.7865085501021735,6.162643543807026,,,1.6480315036904238,1.027107257301171,
torus6,6,0.5,cells,3000,8.94362432426164,0.8724068179013899,0.8816373110505313,6.449858307246811,8.708203574206454,,1.4906040540436065,1.074976384541135,1.4513672623677423
torus6,6,0.5,cells,10000,8.334546384518863,0.999955194900272,1.0085759964543448,6.153385263262768,,"[8.80580656278608, 10.608267639158703, 10.670515291219987]",1.389091064086477,1.0255642105437948,
torus6,6,0.5,cells,30000,7.069687670167079,1.167048639135102,1.1720310380641992,6.153385263262768,,,1.1782812783611798,1.0255642105437948,
sphere12,12,0.35,cont,1000,12.973367703921012,0.4924333394540805,0.5009432781866581,9.945272036824795,,,1.081113975326751,0.8287726697353995,
sphere12,12,0.35,cont,3000,14.307346800994374,0.5281952631953271,0.5398045833219839,10.921012940759773,14.079617458418788,,1.1922789000828644,0.9100844117299811,1.1733014548682323
sphere12,12,0.35,cont,10000,14.575289095490731,0.5748157381020652,0.5870544829370059,11.007766182877251,,"[13.995512361491595, 12.58445237224863, 10.667932521122841]",1.2146074246242275,0.9173138485731043,
sphere12,12,0.35,cont,30000,14.490292711168625,0.6176972390067481,0.6313101009237063,11.133604494741427,,,1.2075243925973853,0.9278003745617855,
sphere12,12,0.35,cells,1000,12.543938603930757,0.8172423362749539,0.8283333412484746,10.955583651508022,,,1.0453282169942297,0.9129653042923351,
sphere12,12,0.35,cells,3000,12.414887138553127,0.8800098519397481,0.8932678230644303,11.214492046954023,12.1356196454628,,1.0345739282127606,0.9345410039128352,1.0113016371219
sphere12,12,0.35,cells,10000,10.549679135504864,0.9761055365998516,0.9895757205343677,11.282322328001015,,"[12.211728544837078, 15.00411306323274, 13.332443568730351]",0.8791399279587386,0.940193527333418,
sphere12,12,0.35,cells,30000,9.906909727085207,1.0952990497250041,1.102704983732777,11.282322328001015,,,0.825575810590434,0.940193527333418,
