src,obj,cond,emb,d,n,true,cls,twonn,schw,hid,fishers,r_twonn,r_schw,r_hid,r_fishers
E6,lorenz,part=aco,cbow,5,1,2.06,flow,3.74,3.8200000000000003,3.76,4.01,1.8155339805825244,1.854368932038835,1.8252427184466018,1.9466019417475726
E6,lorenz,part=aco,cbow,5,2,2.06,flow,3.22,4.6,3.6550000000000002,3.99,1.5631067961165048,2.233009708737864,1.7742718446601942,1.9368932038834952
E6,lorenz,part=aco,cbow,10,1,2.06,flow,3.72,3.7249999999999996,3.795,6.63,1.8058252427184467,1.8082524271844658,1.8422330097087378,3.2184466019417473
E6,lorenz,part=aco,cbow,10,2,2.06,flow,3.16,4.15,3.455,6.44,1.5339805825242718,2.0145631067961167,1.6771844660194175,3.1262135922330097
E6,lorenz,part=aco,cbow,15,1,2.06,flow,3.91,3.87,4.0,7.68,1.8980582524271845,1.8786407766990292,1.941747572815534,3.728155339805825
E6,lorenz,part=aco,cbow,15,2,2.06,flow,3.34,4.33,3.63,8.09,1.6213592233009708,2.1019417475728157,1.762135922330097,3.9271844660194173
E6,lorenz,part=aco,cbow,30,1,2.06,flow,4.01,3.995,4.115,7.85,1.9466019417475726,1.9393203883495145,1.9975728155339807,3.8106796116504853
E6,lorenz,part=aco,cbow,30,2,2.06,flow,3.4,4.395,3.63,7.9,1.6504854368932038,2.1334951456310676,1.762135922330097,3.8349514563106797
E6,lorenz,part=aco,svd,5,1,2.06,flow,4.23,3.84,4.235,2.63,2.0533980582524274,1.8640776699029125,2.0558252427184467,1.2766990291262135
E6,lorenz,part=aco,svd,5,2,2.06,flow,5.66,5.225,5.5600000000000005,4.34,2.7475728155339807,2.536407766990291,2.6990291262135924,2.1067961165048543
E6,lorenz,part=aco,svd,10,1,2.06,flow,5.11,4.395,5.109999999999999,4.48,2.4805825242718447,2.1334951456310676,2.4805825242718442,2.1747572815533984
E6,lorenz,part=aco,svd,10,2,2.06,flow,6.46,5.84,6.375,7.21,3.1359223300970873,2.8349514563106797,3.0946601941747574,3.5
E6,lorenz,part=aco,svd,15,1,2.06,flow,5.74,4.72,5.695,5.38,2.7864077669902914,2.29126213592233,2.7645631067961167,2.611650485436893
E6,lorenz,part=aco,svd,15,2,2.06,flow,6.89,6.255,6.98,8.27,3.344660194174757,3.036407766990291,3.388349514563107,4.014563106796116
E6,lorenz,part=aco,svd,30,1,2.06,flow,6.69,5.46,6.625,7.4,3.2475728155339807,2.6504854368932036,3.216019417475728,3.592233009708738
E6,lorenz,part=aco,svd,30,2,2.06,flow,8.06,7.41,8.08,10.73,3.912621359223301,3.5970873786407767,3.9223300970873787,5.20873786407767
E6,lorenz,part=aco,truth,0,1,2.06,flow,2.03,2.05,2.02,1.92,0.9854368932038834,0.9951456310679611,0.9805825242718447,0.9320388349514562
E6,lorenz,part=aco,truth,0,2,2.06,flow,2.35,2.62,2.4850000000000003,1.91,1.1407766990291262,1.2718446601941749,1.2063106796116505,0.9271844660194174
E6,lorenz,part=kmeans,cbow,5,1,2.06,kmeans,3.91,3.575,3.915,4.0,1.8980582524271845,1.7354368932038835,1.9004854368932038,1.941747572815534
E6,lorenz,part=kmeans,cbow,5,2,2.06,kmeans,3.4,4.5649999999999995,3.6849999999999996,3.99,1.6504854368932038,2.216019417475728,1.7888349514563104,1.9368932038834952
E6,lorenz,part=kmeans,cbow,10,1,2.06,kmeans,3.71,3.305,3.84,6.76,1.8009708737864076,1.604368932038835,1.8640776699029125,3.2815533980582523
E6,lorenz,part=kmeans,cbow,10,2,2.06,kmeans,3.47,4.055,3.755,6.54,1.6844660194174759,1.9684466019417475,1.8228155339805825,3.174757281553398
E6,lorenz,part=kmeans,cbow,15,1,2.06,kmeans,3.9,3.335,4.0649999999999995,7.28,1.8932038834951455,1.6189320388349513,1.973300970873786,3.533980582524272
E6,lorenz,part=kmeans,cbow,15,2,2.06,kmeans,3.74,4.095000000000001,4.085,6.98,1.8155339805825244,1.9878640776699033,1.983009708737864,3.388349514563107
E6,lorenz,part=kmeans,cbow,30,1,2.06,kmeans,3.91,3.4,4.045,7.62,1.8980582524271845,1.6504854368932038,1.9635922330097086,3.6990291262135924
E6,lorenz,part=kmeans,cbow,30,2,2.06,kmeans,3.91,4.23,4.25,7.28,1.8980582524271845,2.0533980582524274,2.0631067961165046,3.533980582524272
E6,lorenz,part=kmeans,svd,5,1,2.06,kmeans,4.09,3.41,4.175,2.64,1.9854368932038833,1.6553398058252426,2.0266990291262132,1.2815533980582525
E6,lorenz,part=kmeans,svd,5,2,2.06,kmeans,5.46,4.74,5.26,4.35,2.6504854368932036,2.3009708737864076,2.553398058252427,2.111650485436893
E6,lorenz,part=kmeans,svd,10,1,2.06,kmeans,5.03,3.715,5.015000000000001,4.35,2.441747572815534,1.8033980582524272,2.434466019417476,2.111650485436893
E6,lorenz,part=kmeans,svd,10,2,2.06,kmeans,5.87,5.015000000000001,5.71,6.52,2.849514563106796,2.434466019417476,2.7718446601941746,3.1650485436893203
E6,lorenz,part=kmeans,svd,15,1,2.06,kmeans,5.58,3.8649999999999998,5.6,5.07,2.70873786407767,1.8762135922330097,2.7184466019417473,2.4611650485436893
E6,lorenz,part=kmeans,svd,15,2,2.06,kmeans,6.33,5.1850000000000005,6.05,7.48,3.0728155339805823,2.516990291262136,2.936893203883495,3.6310679611650487
E6,lorenz,part=kmeans,svd,30,1,2.06,kmeans,6.04,4.195,6.105,6.74,2.9320388349514563,2.0364077669902914,2.963592233009709,3.2718446601941746
E6,lorenz,part=kmeans,svd,30,2,2.06,kmeans,6.75,5.82,6.515000000000001,9.64,3.2766990291262137,2.825242718446602,3.162621359223301,4.6796116504854375
E6,lorenz,part=kmeans,truth,0,1,2.06,kmeans,7.29,,7.529999999999999,1.93,3.5388349514563107,,3.655339805825242,0.9368932038834951
E6,lorenz,part=kmeans,truth,0,2,2.06,kmeans,4.88,,4.39,1.93,2.3689320388349513,,2.1310679611650483,0.9368932038834951
E6,lorenz,part=random,cbow,5,1,2.06,flow,3.61,3.925,3.675,4.01,1.7524271844660193,1.9053398058252426,1.7839805825242716,1.9466019417475726
E6,lorenz,part=random,cbow,5,2,2.06,flow,3.12,4.48,3.565,4.0,1.5145631067961165,2.1747572815533984,1.7305825242718447,1.941747572815534
E6,lorenz,part=random,cbow,10,1,2.06,flow,3.63,3.9000000000000004,3.73,6.58,1.762135922330097,1.8932038834951457,1.8106796116504853,3.1941747572815533
E6,lorenz,part=random,cbow,10,2,2.06,flow,3.08,4.16,3.46,6.41,1.4951456310679612,2.0194174757281553,1.6796116504854368,3.1116504854368934
E6,lorenz,part=random,cbow,15,1,2.06,flow,3.87,3.885,3.955,7.62,1.8786407766990292,1.8859223300970873,1.9199029126213591,3.6990291262135924
E6,lorenz,part=random,cbow,15,2,2.06,flow,3.21,4.275,3.415,8.06,1.558252427184466,2.075242718446602,1.6577669902912622,3.912621359223301
E6,lorenz,part=random,cbow,30,1,2.06,flow,3.98,3.93,4.085,7.8,1.9320388349514563,1.9077669902912622,1.983009708737864,3.786407766990291
E6,lorenz,part=random,cbow,30,2,2.06,flow,3.38,4.3,3.6550000000000002,8.66,1.6407766990291262,2.087378640776699,1.7742718446601942,4.203883495145631
E6,lorenz,part=random,svd,5,1,2.06,flow,4.3,3.585,4.275,2.64,2.087378640776699,1.7402912621359223,2.075242718446602,1.2815533980582525
E6,lorenz,part=random,svd,5,2,2.06,flow,5.87,5.43,5.705,4.41,2.849514563106796,2.6359223300970873,2.7694174757281553,2.1407766990291264
E6,lorenz,part=random,svd,10,1,2.06,flow,5.39,4.21,5.359999999999999,4.46,2.616504854368932,2.0436893203883493,2.6019417475728153,2.1650485436893203
E6,lorenz,part=random,svd,10,2,2.06,flow,6.48,5.945,6.105,7.27,3.145631067961165,2.8859223300970873,2.963592233009709,3.5291262135922326
E6,lorenz,part=random,svd,15,1,2.06,flow,5.89,4.65,5.855,5.38,2.8592233009708736,2.2572815533980584,2.842233009708738,2.611650485436893
E6,lorenz,part=random,svd,15,2,2.06,flow,6.89,6.45,6.5600000000000005,8.33,3.344660194174757,3.1310679611650487,3.184466019417476,4.043689320388349
E6,lorenz,part=random,svd,30,1,2.06,flow,6.92,5.165,6.92,7.48,3.3592233009708736,2.5072815533980584,3.3592233009708736,3.6310679611650487
E6,lorenz,part=random,svd,30,2,2.06,flow,8.19,7.81,7.720000000000001,10.85,3.9757281553398056,3.79126213592233,3.7475728155339807,5.266990291262136
E6,lorenz,part=random,truth,0,1,2.06,flow,2.02,2.0700000000000003,2.005,1.93,0.9805825242718447,1.004854368932039,0.9733009708737863,0.9368932038834951
E6,lorenz,part=random,truth,0,2,2.06,flow,2.35,2.62,2.435,1.92,1.1407766990291262,1.2718446601941749,1.1820388349514563,0.9320388349514562
E6,sphere2,part=aco,cbow,5,1,2.0,manifold,4.08,3.9699999999999998,4.12,4.0,2.04,1.9849999999999999,2.06,2.0
E6,sphere2,part=aco,cbow,5,2,2.0,manifold,4.6,5.64,5.029999999999999,3.99,2.3,2.82,2.5149999999999997,1.995
E6,sphere2,part=aco,cbow,10,1,2.0,manifold,4.66,4.06,4.715,7.79,2.33,2.03,2.3575,3.895
E6,sphere2,part=aco,cbow,10,2,2.0,manifold,4.06,4.5600000000000005,4.34,6.92,2.03,2.2800000000000002,2.17,3.46
E6,sphere2,part=aco,cbow,15,1,2.0,manifold,4.92,3.725,4.95,8.1,2.46,1.8625,2.475,4.05
E6,sphere2,part=aco,cbow,15,2,2.0,manifold,4.17,4.13,4.390000000000001,7.68,2.085,2.065,2.1950000000000003,3.84
E6,sphere2,part=aco,cbow,30,1,2.0,manifold,5.07,3.505,5.09,8.16,2.535,1.7525,2.545,4.08
E6,sphere2,part=aco,cbow,30,2,2.0,manifold,4.14,4.015000000000001,4.3149999999999995,8.1,2.07,2.0075000000000003,2.1574999999999998,4.05
E6,sphere2,part=aco,svd,5,1,2.0,manifold,3.07,2.9699999999999998,3.08,3.6,1.535,1.4849999999999999,1.54,1.8
E6,sphere2,part=aco,svd,5,2,2.0,manifold,3.27,3.8999999999999995,3.4,3.52,1.635,1.9499999999999997,1.7,1.76
E6,sphere2,part=aco,svd,10,1,2.0,manifold,3.46,3.09,3.495,4.25,1.73,1.545,1.7475,2.125
E6,sphere2,part=aco,svd,10,2,2.0,manifold,3.35,4.01,3.525,3.55,1.675,2.005,1.7625,1.775
E6,sphere2,part=aco,svd,15,1,2.0,manifold,3.68,3.21,3.7,4.09,1.84,1.605,1.85,2.045
E6,sphere2,part=aco,svd,15,2,2.0,manifold,3.5,4.08,3.69,4.04,1.75,2.04,1.845,2.02
E6,sphere2,part=aco,svd,30,1,2.0,manifold,3.89,3.42,3.9800000000000004,4.96,1.945,1.71,1.9900000000000002,2.48
E6,sphere2,part=aco,svd,30,2,2.0,manifold,3.71,4.275,3.9499999999999997,4.87,1.855,2.1375,1.9749999999999999,2.435
E6,sphere2,part=aco,truth,0,1,2.0,manifold,1.97,2.06,1.96,2.97,0.985,1.03,0.98,1.485
E6,sphere2,part=aco,truth,0,2,2.0,manifold,2.72,2.8499999999999996,2.92,2.96,1.36,1.4249999999999998,1.46,1.48
E6,sphere2,part=kmeans,cbow,5,1,2.0,kmeans,4.23,4.015000000000001,4.23,4.0,2.115,2.0075000000000003,2.115,2.0
E6,sphere2,part=kmeans,cbow,5,2,2.0,kmeans,5.09,5.525,5.215,3.99,2.545,2.7625,2.6075,1.995
E6,sphere2,part=kmeans,cbow,10,1,2.0,kmeans,5.82,4.02,5.965,7.28,2.91,2.01,2.9825,3.64
E6,sphere2,part=kmeans,cbow,10,2,2.0,kmeans,4.55,4.265000000000001,4.779999999999999,7.07,2.275,2.1325000000000003,2.3899999999999997,3.535
E6,sphere2,part=kmeans,cbow,15,1,2.0,kmeans,6.19,,6.375,8.09,3.095,,3.1875,4.045
E6,sphere2,part=kmeans,cbow,15,2,2.0,kmeans,4.58,3.935,4.835,7.38,2.29,1.9675,2.4175,3.69
E6,sphere2,part=kmeans,cbow,30,1,2.0,kmeans,6.39,3.305,6.645,8.13,3.195,1.6525,3.3225,4.065
E6,sphere2,part=kmeans,cbow,30,2,2.0,kmeans,4.69,3.815,4.609999999999999,7.76,2.345,1.9075,2.3049999999999997,3.88
E6,sphere2,part=kmeans,svd,5,1,2.0,kmeans,3.15,2.985,3.225,2.87,1.575,1.4925,1.6125,1.435
E6,sphere2,part=kmeans,svd,5,2,2.0,kmeans,3.39,3.86,3.6399999999999997,2.86,1.695,1.93,1.8199999999999998,1.43
E6,sphere2,part=kmeans,svd,10,1,2.0,kmeans,3.53,3.055,3.58,3.62,1.765,1.5275,1.79,1.81
E6,sphere2,part=kmeans,svd,10,2,2.0,kmeans,3.58,4.025,3.825,3.6,1.79,2.0125,1.9125,1.8
E6,sphere2,part=kmeans,svd,15,1,2.0,kmeans,3.8,3.1100000000000003,3.8499999999999996,4.19,1.9,1.5550000000000002,1.9249999999999998,2.095
E6,sphere2,part=kmeans,svd,15,2,2.0,kmeans,3.72,4.035,3.96,4.15,1.86,2.0175,1.98,2.075
E6,sphere2,part=kmeans,svd,30,1,2.0,kmeans,4.24,3.42,4.27,5.03,2.12,1.71,2.135,2.515
E6,sphere2,part=kmeans,svd,30,2,2.0,kmeans,3.89,4.18,4.215,4.97,1.945,2.09,2.1075,2.485
E6,sphere2,part=kmeans,truth,0,1,2.0,kmeans,6.82,,7.1,2.98,3.41,,3.55,1.49
E6,sphere2,part=kmeans,truth,0,2,2.0,kmeans,4.4,,4.449999999999999,2.97,2.2,,2.2249999999999996,1.485
E6,sphere2,part=random,cbow,5,1,2.0,manifold,4.1,4.1,4.145,4.0,2.05,2.05,2.0725,2.0
E6,sphere2,part=random,cbow,5,2,2.0,manifold,4.56,5.390000000000001,4.965,3.99,2.28,2.6950000000000003,2.4825,1.995
E6,sphere2,part=random,cbow,10,1,2.0,manifold,4.7,4.03,4.765000000000001,7.84,2.35,2.015,2.3825000000000003,3.92
E6,sphere2,part=random,cbow,10,2,2.0,manifold,4.07,4.675,4.34,6.97,2.035,2.3375,2.17,3.485
E6,sphere2,part=random,cbow,15,1,2.0,manifold,4.76,3.84,4.83,8.1,2.38,1.92,2.415,4.05
E6,sphere2,part=random,cbow,15,2,2.0,manifold,4.05,4.1899999999999995,4.34,7.67,2.025,2.0949999999999998,2.17,3.835
E6,sphere2,part=random,cbow,30,1,2.0,manifold,4.84,3.51,4.9350000000000005,8.16,2.42,1.755,2.4675000000000002,4.08
E6,sphere2,part=random,cbow,30,2,2.0,manifold,4.13,3.96,4.41,8.09,2.065,1.98,2.205,4.045
E6,sphere2,part=random,svd,5,1,2.0,manifold,2.99,2.8899999999999997,3.01,3.66,1.495,1.4449999999999998,1.505,1.83
E6,sphere2,part=random,svd,5,2,2.0,manifold,3.23,3.83,3.27,2.92,1.615,1.915,1.635,1.46
E6,sphere2,part=random,svd,10,1,2.0,manifold,3.31,3.105,3.3600000000000003,4.25,1.655,1.5525,1.6800000000000002,2.125
E6,sphere2,part=random,svd,10,2,2.0,manifold,3.38,3.975,3.495,3.55,1.69,1.9875,1.7475,1.775
E6,sphere2,part=random,svd,15,1,2.0,manifold,3.56,3.17,3.6100000000000003,4.14,1.78,1.585,1.8050000000000002,2.07
E6,sphere2,part=random,svd,15,2,2.0,manifold,3.51,4.0649999999999995,3.615,4.1,1.755,2.0324999999999998,1.8075,2.05
E6,sphere2,part=random,svd,30,1,2.0,manifold,4.15,3.4699999999999998,4.2,4.99,2.075,1.7349999999999999,2.1,2.495
E6,sphere2,part=random,svd,30,2,2.0,manifold,3.69,4.255000000000001,3.8449999999999998,4.91,1.845,2.1275000000000004,1.9224999999999999,2.455
E6,sphere2,part=random,truth,0,1,2.0,manifold,2.01,2.035,2.015,2.97,1.005,1.0175,1.0075,1.485
E6,sphere2,part=random,truth,0,2,2.0,manifold,2.65,2.83,2.92,2.96,1.325,1.415,1.46,1.48
E6,sphere4,part=aco,cbow,5,1,4.0,manifold,4.09,4.220000000000001,4.095000000000001,3.99,1.0225,1.0550000000000002,1.0237500000000002,0.9975
E6,sphere4,part=aco,cbow,5,2,4.0,manifold,6.01,6.45,6.135,3.98,1.5025,1.6125,1.53375,0.995
E6,sphere4,part=aco,cbow,10,1,4.0,manifold,7.48,5.865,7.495,6.82,1.87,1.46625,1.87375,1.705
E6,sphere4,part=aco,cbow,10,2,4.0,manifold,6.53,7.390000000000001,6.99,6.64,1.6325,1.8475000000000001,1.7475,1.66
E6,sphere4,part=aco,cbow,15,1,4.0,manifold,7.95,6.255,8.02,7.62,1.9875,1.56375,2.005,1.905
E6,sphere4,part=aco,cbow,15,2,4.0,manifold,6.51,7.415,7.17,9.38,1.6275,1.85375,1.7925,2.345
E6,sphere4,part=aco,cbow,30,1,4.0,manifold,8.32,6.494999999999999,8.405,8.5,2.08,1.6237499999999998,2.10125,2.125
E6,sphere4,part=aco,cbow,30,2,4.0,manifold,6.62,7.91,7.2,9.85,1.655,1.9775,1.8,2.4625
E6,sphere4,part=aco,svd,5,1,4.0,manifold,4.83,4.66,4.755000000000001,3.94,1.2075,1.165,1.1887500000000002,0.985
E6,sphere4,part=aco,svd,5,2,4.0,manifold,6.17,7.16,6.244999999999999,7.76,1.5425,1.79,1.5612499999999998,1.94
E6,sphere4,part=aco,svd,10,1,4.0,manifold,8.35,8.06,8.335,7.24,2.0875,2.015,2.08375,1.81
E6,sphere4,part=aco,svd,10,2,4.0,manifold,7.11,9.39,7.455,12.51,1.7775,2.3475,1.86375,3.1275
E6,sphere4,part=aco,svd,15,1,4.0,manifold,10.64,10.2,10.66,9.81,2.66,2.55,2.665,2.4525
E6,sphere4,part=aco,svd,15,2,4.0,manifold,7.43,10.024999999999999,8.004999999999999,14.49,1.8575,2.5062499999999996,2.0012499999999998,3.6225
E6,sphere4,part=aco,svd,30,1,4.0,manifold,14.68,14.375,14.855,15.76,3.67,3.59375,3.71375,3.94
E6,sphere4,part=aco,svd,30,2,4.0,manifold,7.91,,8.49,17.52,1.9775,,2.1225,4.38
E6,sphere4,part=aco,truth,0,1,4.0,manifold,4.09,4.029999999999999,4.125,4.99,1.0225,1.0074999999999998,1.03125,1.2475
E6,sphere4,part=aco,truth,0,2,4.0,manifold,5.51,6.305,5.645,4.98,1.3775,1.57625,1.41125,1.245
E6,sphere4,part=kmeans,cbow,5,1,4.0,kmeans,3.84,4.06,3.8899999999999997,4.0,0.96,1.015,0.9724999999999999,1.0
E6,sphere4,part=kmeans,cbow,5,2,4.0,kmeans,6.1,6.215,6.25,3.99,1.525,1.55375,1.5625,0.9975
E6,sphere4,part=kmeans,cbow,10,1,4.0,kmeans,9.43,7.2,9.495000000000001,6.86,2.3575,1.8,2.3737500000000002,1.715
E6,sphere4,part=kmeans,cbow,10,2,4.0,kmeans,6.6,7.17,7.125,6.69,1.65,1.7925,1.78125,1.6725
E6,sphere4,part=kmeans,cbow,15,1,4.0,kmeans,10.23,,10.35,7.78,2.5575,,2.5875,1.945
E6,sphere4,part=kmeans,cbow,15,2,4.0,kmeans,6.63,7.42,7.24,7.37,1.6575,1.855,1.81,1.8425
E6,sphere4,part=kmeans,cbow,30,1,4.0,kmeans,10.9,,11.115,8.91,2.725,,2.77875,2.2275
E6,sphere4,part=kmeans,cbow,30,2,4.0,kmeans,6.79,7.6850000000000005,7.26,9.5,1.6975,1.9212500000000001,1.815,2.375
E6,sphere4,part=kmeans,svd,5,1,4.0,kmeans,4.55,4.435,4.5600000000000005,3.94,1.1375,1.10875,1.1400000000000001,0.985
E6,sphere4,part=kmeans,svd,5,2,4.0,kmeans,6.1,7.050000000000001,6.29,7.77,1.525,1.7625000000000002,1.5725,1.9425
E6,sphere4,part=kmeans,svd,10,1,4.0,kmeans,8.06,7.835,8.100000000000001,7.25,2.015,1.95875,2.0250000000000004,1.8125
E6,sphere4,part=kmeans,svd,10,2,4.0,kmeans,7.26,9.355,7.625,12.75,1.815,2.33875,1.90625,3.1875
E6,sphere4,part=kmeans,svd,15,1,4.0,kmeans,10.5,9.780000000000001,10.515,9.74,2.625,2.4450000000000003,2.62875,2.435
E6,sphere4,part=kmeans,svd,15,2,4.0,kmeans,7.47,10.05,7.995,14.72,1.8675,2.5125,1.99875,3.68
E6,sphere4,part=kmeans,svd,30,1,4.0,kmeans,14.9,13.455,14.955,15.65,3.725,3.36375,3.73875,3.9125
E6,sphere4,part=kmeans,svd,30,2,4.0,kmeans,8.08,,8.399999999999999,18.03,2.02,,2.0999999999999996,4.5075
E6,sphere4,part=kmeans,truth,0,1,4.0,kmeans,10.76,,11.085,5.02,2.69,,2.77125,1.255
E6,sphere4,part=kmeans,truth,0,2,4.0,kmeans,6.43,6.6,6.625,4.99,1.6075,1.65,1.65625,1.2475
E6,sphere4,part=random,cbow,5,1,4.0,manifold,3.96,4.1,3.935,3.99,0.99,1.025,0.98375,0.9975
E6,sphere4,part=random,cbow,5,2,4.0,manifold,5.95,6.415,5.9399999999999995,3.99,1.4875,1.60375,1.4849999999999999,0.9975
E6,sphere4,part=random,cbow,10,1,4.0,manifold,7.68,5.93,7.75,6.87,1.92,1.4825,1.9375,1.7175
E6,sphere4,part=random,cbow,10,2,4.0,manifold,6.36,7.43,6.6850000000000005,6.7,1.59,1.8575,1.6712500000000001,1.675
E6,sphere4,part=random,cbow,15,1,4.0,manifold,7.87,6.175000000000001,7.99,7.67,1.9675,1.5437500000000002,1.9975,1.9175
E6,sphere4,part=random,cbow,15,2,4.0,manifold,6.5,7.58,6.734999999999999,8.07,1.625,1.895,1.6837499999999999,2.0175
E6,sphere4,part=random,cbow,30,1,4.0,manifold,8.32,6.68,8.45,8.54,2.08,1.67,2.1125,2.135
E6,sphere4,part=random,cbow,30,2,4.0,manifold,6.57,7.725,7.09,10.68,1.6425,1.93125,1.7725,2.67
E6,sphere4,part=random,svd,5,1,4.0,manifold,4.75,4.75,4.845,3.95,1.1875,1.1875,1.21125,0.9875
E6,sphere4,part=random,svd,5,2,4.0,manifold,6.51,7.199999999999999,6.575,7.76,1.6275,1.7999999999999998,1.64375,1.94
E6,sphere4,part=random,svd,10,1,4.0,manifold,8.3,8.135,8.2,7.3,2.075,2.03375,2.05,1.825
E6,sphere4,part=random,svd,10,2,4.0,manifold,7.29,9.235,7.99,12.61,1.8225,2.30875,1.9975,3.1525
E6,sphere4,part=random,svd,15,1,4.0,manifold,10.78,10.52,10.91,9.84,2.695,2.63,2.7275,2.46
E6,sphere4,part=random,svd,15,2,4.0,manifold,7.58,9.775,8.385000000000002,14.6,1.895,2.44375,2.0962500000000004,3.65
E6,sphere4,part=random,svd,30,1,4.0,manifold,15.11,14.329999999999998,15.385,15.61,3.7775,3.5824999999999996,3.84625,3.9025
E6,sphere4,part=random,svd,30,2,4.0,manifold,8.07,,8.57,17.71,2.0175,,2.1425,4.4275
E6,sphere4,part=random,truth,0,1,4.0,manifold,3.92,3.99,3.9299999999999997,5.0,0.98,0.9975,0.9824999999999999,1.25
E6,sphere4,part=random,truth,0,2,4.0,manifold,5.41,6.145,5.68,4.98,1.3525,1.53625,1.42,1.245
E6,sphere6,part=aco,cbow,5,1,6.0,manifold,4.04,4.09,4.01,4.0,0.6733333333333333,0.6816666666666666,0.6683333333333333,0.6666666666666666
E6,sphere6,part=aco,cbow,5,2,6.0,manifold,6.67,7.08,6.99,7.92,1.1116666666666666,1.18,1.165,1.32
E6,sphere6,part=aco,cbow,10,1,6.0,manifold,9.14,8.274999999999999,9.235,7.75,1.5233333333333334,1.3791666666666664,1.5391666666666666,1.2916666666666667
E6,sphere6,part=aco,cbow,10,2,6.0,manifold,9.03,10.08,9.415,13.54,1.505,1.68,1.5691666666666666,2.2566666666666664
E6,sphere6,part=aco,cbow,15,1,6.0,manifold,9.8,8.295,9.86,9.17,1.6333333333333335,1.3825,1.6433333333333333,1.5283333333333333
E6,sphere6,part=aco,cbow,15,2,6.0,manifold,8.85,10.379999999999999,9.07,13.72,1.4749999999999999,1.7299999999999998,1.5116666666666667,2.2866666666666666
E6,sphere6,part=aco,cbow,30,1,6.0,manifold,10.72,9.1,10.855,10.84,1.7866666666666668,1.5166666666666666,1.8091666666666668,1.8066666666666666
E6,sphere6,part=aco,cbow,30,2,6.0,manifold,9.04,10.66,9.5,13.8,1.5066666666666666,1.7766666666666666,1.5833333333333333,2.3000000000000003
E6,sphere6,part=aco,svd,5,1,6.0,manifold,4.69,4.71,4.735,3.99,0.7816666666666667,0.785,0.7891666666666667,0.665
E6,sphere6,part=aco,svd,5,2,6.0,manifold,7.33,7.665,7.404999999999999,7.95,1.2216666666666667,1.2775,1.2341666666666666,1.325
E6,sphere6,part=aco,svd,10,1,6.0,manifold,9.03,9.275,8.99,8.93,1.505,1.5458333333333334,1.4983333333333333,1.4883333333333333
E6,sphere6,part=aco,svd,10,2,6.0,manifold,10.18,12.71,10.85,14.06,1.6966666666666665,2.1183333333333336,1.8083333333333333,2.3433333333333333
E6,sphere6,part=aco,svd,15,1,6.0,manifold,12.7,13.575,12.704999999999998,13.76,2.1166666666666667,2.2624999999999997,2.1174999999999997,2.2933333333333334
E6,sphere6,part=aco,svd,15,2,6.0,manifold,10.6,14.475,11.735,16.78,1.7666666666666666,2.4125,1.9558333333333333,2.796666666666667
E6,sphere6,part=aco,svd,30,1,6.0,manifold,23.05,23.72,22.915,28.22,3.841666666666667,3.953333333333333,3.8191666666666664,4.703333333333333
E6,sphere6,part=aco,svd,30,2,6.0,manifold,10.56,,11.225000000000001,23.55,1.76,,1.8708333333333336,3.9250000000000003
E6,sphere6,part=aco,truth,0,1,6.0,manifold,6.12,6.2,6.125,7.01,1.02,1.0333333333333334,1.0208333333333333,1.1683333333333332
E6,sphere6,part=aco,truth,0,2,6.0,manifold,8.2,9.195,8.525,12.89,1.3666666666666665,1.5325,1.4208333333333334,2.1483333333333334
E6,sphere6,part=kmeans,cbow,5,1,6.0,kmeans,3.92,4.17,3.94,4.0,0.6533333333333333,0.695,0.6566666666666666,0.6666666666666666
E6,sphere6,part=kmeans,cbow,5,2,6.0,kmeans,6.81,7.14,6.935,7.9,1.135,1.19,1.1558333333333333,1.3166666666666667
E6,sphere6,part=kmeans,cbow,10,1,6.0,kmeans,12.21,9.875,12.344999999999999,7.8,2.035,1.6458333333333333,2.0574999999999997,1.3
E6,sphere6,part=kmeans,cbow,10,2,6.0,kmeans,8.89,10.149999999999999,9.355,13.55,1.4816666666666667,1.6916666666666664,1.5591666666666668,2.2583333333333333
E6,sphere6,part=kmeans,cbow,15,1,6.0,kmeans,12.91,10.14,13.094999999999999,9.42,2.151666666666667,1.6900000000000002,2.1824999999999997,1.57
E6,sphere6,part=kmeans,cbow,15,2,6.0,kmeans,9.11,10.405000000000001,9.719999999999999,14.08,1.5183333333333333,1.7341666666666669,1.6199999999999999,2.3466666666666667
E6,sphere6,part=kmeans,cbow,30,1,6.0,kmeans,13.91,11.54,14.04,11.08,2.3183333333333334,1.9233333333333331,2.34,1.8466666666666667
E6,sphere6,part=kmeans,cbow,30,2,6.0,kmeans,9.1,10.885,10.01,13.88,1.5166666666666666,1.8141666666666667,1.6683333333333332,2.3133333333333335
E6,sphere6,part=kmeans,svd,5,1,6.0,kmeans,4.56,4.555,4.595000000000001,3.98,0.7599999999999999,0.7591666666666667,0.7658333333333335,0.6633333333333333
E6,sphere6,part=kmeans,svd,5,2,6.0,kmeans,7.22,7.585,7.22,7.94,1.2033333333333334,1.2641666666666667,1.2033333333333334,1.3233333333333335
E6,sphere6,part=kmeans,svd,10,1,6.0,kmeans,8.99,8.92,9.0,8.95,1.4983333333333333,1.4866666666666666,1.5,1.4916666666666665
E6,sphere6,part=kmeans,svd,10,2,6.0,kmeans,10.33,12.309999999999999,10.695,14.69,1.7216666666666667,2.0516666666666663,1.7825,2.4483333333333333
E6,sphere6,part=kmeans,svd,15,1,6.0,kmeans,13.03,13.285,13.09,13.84,2.1716666666666664,2.214166666666667,2.1816666666666666,2.3066666666666666
E6,sphere6,part=kmeans,svd,15,2,6.0,kmeans,10.58,14.675,11.905,17.94,1.7633333333333334,2.4458333333333333,1.9841666666666666,2.99
E6,sphere6,part=kmeans,svd,30,1,6.0,kmeans,22.92,23.55,22.85,28.71,3.8200000000000003,3.9250000000000003,3.8083333333333336,4.785
E6,sphere6,part=kmeans,svd,30,2,6.0,kmeans,10.77,,11.3,23.1,1.795,,1.8833333333333335,3.85
E6,sphere6,part=kmeans,truth,0,1,6.0,kmeans,13.11,10.07,13.530000000000001,7.13,2.185,1.6783333333333335,2.2550000000000003,1.1883333333333332
E6,sphere6,part=kmeans,truth,0,2,6.0,kmeans,8.9,9.59,9.16,13.3,1.4833333333333334,1.5983333333333334,1.5266666666666666,2.216666666666667
E6,sphere6,part=random,cbow,5,1,6.0,manifold,4.03,4.145,4.015,4.0,0.6716666666666667,0.6908333333333333,0.6691666666666666,0.6666666666666666
E6,sphere6,part=random,cbow,5,2,6.0,manifold,6.72,6.965,6.785,7.92,1.1199999999999999,1.1608333333333334,1.1308333333333334,1.32
E6,sphere6,part=random,cbow,10,1,6.0,manifold,9.45,7.895,9.469999999999999,7.75,1.575,1.3158333333333332,1.5783333333333331,1.2916666666666667
E6,sphere6,part=random,cbow,10,2,6.0,manifold,8.58,10.01,8.969999999999999,13.53,1.43,1.6683333333333332,1.4949999999999999,2.255
E6,sphere6,part=random,cbow,15,1,6.0,manifold,9.74,8.71,9.82,9.17,1.6233333333333333,1.4516666666666669,1.6366666666666667,1.5283333333333333
E6,sphere6,part=random,cbow,15,2,6.0,manifold,9.03,10.325,9.105,14.04,1.505,1.7208333333333332,1.5175,2.34
E6,sphere6,part=random,cbow,30,1,6.0,manifold,10.64,9.094999999999999,10.844999999999999,10.55,1.7733333333333334,1.5158333333333331,1.8074999999999999,1.7583333333333335
E6,sphere6,part=random,cbow,30,2,6.0,manifold,8.93,10.52,9.34,13.76,1.4883333333333333,1.7533333333333332,1.5566666666666666,2.2933333333333334
E6,sphere6,part=random,svd,5,1,6.0,manifold,4.65,4.665,4.665,3.99,0.775,0.7775,0.7775,0.665
E6,sphere6,part=random,svd,5,2,6.0,manifold,7.27,7.7,7.205,7.94,1.2116666666666667,1.2833333333333334,1.2008333333333334,1.3233333333333335
E6,sphere6,part=random,svd,10,1,6.0,manifold,9.23,9.445,9.305,8.92,1.5383333333333333,1.5741666666666667,1.5508333333333333,1.4866666666666666
E6,sphere6,part=random,svd,10,2,6.0,manifold,10.28,12.495000000000001,10.475000000000001,14.6,1.7133333333333332,2.0825,1.7458333333333336,2.433333333333333
E6,sphere6,part=random,svd,15,1,6.0,manifold,12.75,12.600000000000001,12.725,13.75,2.125,2.1,2.120833333333333,2.2916666666666665
E6,sphere6,part=random,svd,15,2,6.0,manifold,10.63,14.93,11.594999999999999,18.02,1.7716666666666667,2.4883333333333333,1.9324999999999999,3.0033333333333334
E6,sphere6,part=random,svd,30,1,6.0,manifold,22.54,22.895000000000003,22.33,28.0,3.7566666666666664,3.815833333333334,3.7216666666666662,4.666666666666667
E6,sphere6,part=random,svd,30,2,6.0,manifold,10.81,,11.094999999999999,23.75,1.8016666666666667,,1.8491666666666664,3.9583333333333335
E6,sphere6,part=random,truth,0,1,6.0,manifold,5.86,5.905,5.795,7.0,0.9766666666666667,0.9841666666666667,0.9658333333333333,1.1666666666666667
E6,sphere6,part=random,truth,0,2,6.0,manifold,7.96,9.23,8.469999999999999,12.87,1.3266666666666667,1.5383333333333333,1.4116666666666664,2.145
E6,sphere8,part=aco,cbow,5,1,8.0,manifold,4.2,4.14,4.15,4.0,0.525,0.5175,0.51875,0.5
E6,sphere8,part=aco,cbow,5,2,8.0,manifold,7.13,7.550000000000001,7.25,7.94,0.89125,0.9437500000000001,0.90625,0.9925
E6,sphere8,part=aco,cbow,10,1,8.0,manifold,10.99,9.83,11.075,9.6,1.37375,1.22875,1.384375,1.2
E6,sphere8,part=aco,cbow,10,2,8.0,manifold,10.44,12.530000000000001,10.905000000000001,16.4,1.305,1.5662500000000001,1.3631250000000001,2.05
E6,sphere8,part=aco,cbow,15,1,8.0,manifold,11.69,10.585,11.79,9.59,1.46125,1.323125,1.47375,1.19875
E6,sphere8,part=aco,cbow,15,2,8.0,manifold,10.77,12.695,11.315000000000001,16.56,1.34625,1.586875,1.4143750000000002,2.07
E6,sphere8,part=aco,cbow,30,1,8.0,manifold,12.81,11.165,12.815000000000001,9.59,1.60125,1.395625,1.6018750000000002,1.19875
E6,sphere8,part=aco,cbow,30,2,8.0,manifold,10.87,13.045,11.545,16.14,1.35875,1.630625,1.443125,2.0175
E6,sphere8,part=aco,svd,5,1,8.0,manifold,4.46,4.495,4.52,3.99,0.5575,0.561875,0.565,0.49875
E6,sphere8,part=aco,svd,5,2,8.0,manifold,7.58,7.935,7.465,7.96,0.9475,0.991875,0.933125,0.995
E6,sphere8,part=aco,svd,10,1,8.0,manifold,9.29,9.34,9.235,8.99,1.16125,1.1675,1.154375,1.12375
E6,sphere8,part=aco,svd,10,2,8.0,manifold,11.86,13.535,12.645,15.07,1.4825,1.691875,1.580625,1.88375
E6,sphere8,part=aco,svd,15,1,8.0,manifold,13.5,13.44,13.585,14.06,1.6875,1.68,1.698125,1.7575
E6,sphere8,part=aco,svd,15,2,8.0,manifold,12.21,16.775,13.565000000000001,18.6,1.52625,2.096875,1.6956250000000002,2.325
E6,sphere8,part=aco,svd,30,1,8.0,manifold,23.12,24.630000000000003,23.259999999999998,29.36,2.89,3.0787500000000003,2.9074999999999998,3.67
E6,sphere8,part=aco,svd,30,2,8.0,manifold,11.37,,12.36,24.17,1.42125,,1.545,3.02125
E6,sphere8,part=aco,truth,0,1,8.0,manifold,7.55,7.925,7.57,9.02,0.94375,0.990625,0.94625,1.1275
E6,sphere8,part=aco,truth,0,2,8.0,manifold,10.48,11.865,10.59,15.24,1.31,1.483125,1.32375,1.905
E6,sphere8,part=kmeans,cbow,5,1,8.0,kmeans,3.98,4.09,3.965,4.0,0.4975,0.51125,0.495625,0.5
E6,sphere8,part=kmeans,cbow,5,2,8.0,kmeans,7.07,7.550000000000001,7.109999999999999,7.95,0.88375,0.9437500000000001,0.8887499999999999,0.99375
E6,sphere8,part=kmeans,cbow,10,1,8.0,kmeans,14.01,11.81,14.07,9.9,1.75125,1.47625,1.75875,1.2375
E6,sphere8,part=kmeans,cbow,10,2,8.0,kmeans,10.72,12.780000000000001,11.985,16.73,1.34,1.5975000000000001,1.498125,2.09125
E6,sphere8,part=kmeans,cbow,15,1,8.0,kmeans,14.78,12.82,14.875,9.88,1.8475,1.6025,1.859375,1.235
E6,sphere8,part=kmeans,cbow,15,2,8.0,kmeans,10.93,13.285,11.595,16.95,1.36625,1.660625,1.449375,2.11875
E6,sphere8,part=kmeans,cbow,30,1,8.0,kmeans,15.82,12.93,16.005000000000003,9.88,1.9775,1.61625,2.0006250000000003,1.235
E6,sphere8,part=kmeans,cbow,30,2,8.0,kmeans,10.83,13.265,12.355,16.95,1.35375,1.658125,1.544375,2.11875
E6,sphere8,part=kmeans,svd,5,1,8.0,kmeans,4.34,4.220000000000001,4.359999999999999,3.99,0.5425,0.5275000000000001,0.5449999999999999,0.49875
E6,sphere8,part=kmeans,svd,5,2,8.0,kmeans,7.53,7.935,7.57,7.96,0.94125,0.991875,0.94625,0.995
E6,sphere8,part=kmeans,svd,10,1,8.0,kmeans,8.87,8.975000000000001,8.895,9.02,1.10875,1.1218750000000002,1.111875,1.1275
E6,sphere8,part=kmeans,svd,10,2,8.0,kmeans,11.93,13.82,12.004999999999999,15.26,1.49125,1.7275,1.5006249999999999,1.9075
E6,sphere8,part=kmeans,svd,15,1,8.0,kmeans,13.34,14.02,13.215,14.09,1.6675,1.7525,1.651875,1.76125
E6,sphere8,part=kmeans,svd,15,2,8.0,kmeans,12.33,16.380000000000003,13.455,18.64,1.54125,2.0475000000000003,1.681875,2.33
E6,sphere8,part=kmeans,svd,30,1,8.0,kmeans,23.86,22.845,23.665,28.86,2.9825,2.855625,2.958125,3.6075
E6,sphere8,part=kmeans,svd,30,2,8.0,kmeans,11.49,,12.24,24.25,1.43625,,1.53,3.03125
E6,sphere8,part=kmeans,truth,0,1,8.0,kmeans,15.14,12.49,15.489999999999998,9.59,1.8925,1.56125,1.9362499999999998,1.19875
E6,sphere8,part=kmeans,truth,0,2,8.0,kmeans,10.78,12.905000000000001,11.23,16.92,1.3475,1.6131250000000001,1.40375,2.115
E6,sphere8,part=random,cbow,5,1,8.0,manifold,4.04,4.095,4.01,4.0,0.505,0.511875,0.50125,0.5
E6,sphere8,part=random,cbow,5,2,8.0,manifold,7.11,7.4399999999999995,7.220000000000001,7.94,0.88875,0.9299999999999999,0.9025000000000001,0.9925
E6,sphere8,part=random,cbow,10,1,8.0,manifold,11.0,9.785,11.030000000000001,9.8,1.375,1.223125,1.3787500000000001,1.225
E6,sphere8,part=random,cbow,10,2,8.0,manifold,10.7,12.370000000000001,11.15,15.93,1.3375,1.5462500000000001,1.39375,1.99125
E6,sphere8,part=random,cbow,15,1,8.0,manifold,11.83,10.675,11.84,9.8,1.47875,1.334375,1.48,1.225
E6,sphere8,part=random,cbow,15,2,8.0,manifold,10.55,12.785,11.01,16.74,1.31875,1.598125,1.37625,2.0925
E6,sphere8,part=random,cbow,30,1,8.0,manifold,12.75,10.615,12.745000000000001,9.57,1.59375,1.326875,1.5931250000000001,1.19625
E6,sphere8,part=random,cbow,30,2,8.0,manifold,10.71,13.25,11.105,15.99,1.33875,1.65625,1.388125,1.99875
E6,sphere8,part=random,svd,5,1,8.0,manifold,4.58,4.53,4.645,3.99,0.5725,0.56625,0.580625,0.49875
E6,sphere8,part=random,svd,5,2,8.0,manifold,7.48,8.195,7.355,7.95,0.935,1.024375,0.919375,0.99375
E6,sphere8,part=random,svd,10,1,8.0,manifold,8.94,9.455,8.995000000000001,8.97,1.1175,1.181875,1.1243750000000001,1.12125
E6,sphere8,part=random,svd,10,2,8.0,manifold,11.78,14.48,12.18,15.05,1.4725,1.81,1.5225,1.88125
E6,sphere8,part=random,svd,15,1,8.0,manifold,12.99,15.075000000000001,12.95,13.97,1.62375,1.8843750000000001,1.61875,1.74625
E6,sphere8,part=random,svd,15,2,8.0,manifold,12.55,17.275,13.625,18.55,1.56875,2.159375,1.703125,2.31875
E6,sphere8,part=random,svd,30,1,8.0,manifold,23.36,25.225,23.25,28.62,2.92,3.153125,2.90625,3.5775
E6,sphere8,part=random,svd,30,2,8.0,manifold,11.39,,12.100000000000001,23.93,1.42375,,1.5125000000000002,2.99125
E6,sphere8,part=random,truth,0,1,8.0,manifold,7.76,7.6850000000000005,7.75,9.02,0.97,0.9606250000000001,0.96875,1.1275
E6,sphere8,part=random,truth,0,2,8.0,manifold,10.43,12.16,10.5,16.18,1.30375,1.52,1.3125,2.0225
E6,torus10,part=aco,cbow,5,1,10.0,manifold,4.15,4.23,4.19,3.99,0.41500000000000004,0.42300000000000004,0.41900000000000004,0.399
E6,torus10,part=aco,cbow,5,2,10.0,manifold,7.34,7.51,7.135,7.97,0.734,0.751,0.7135,0.7969999999999999
E6,torus10,part=aco,cbow,10,1,10.0,manifold,8.54,8.965,8.445,9.01,0.8539999999999999,0.8965,0.8445,0.901
E6,torus10,part=aco,cbow,10,2,10.0,manifold,12.14,13.715,12.41,15.41,1.214,1.3715,1.241,1.541
E6,torus10,part=aco,cbow,15,1,10.0,manifold,12.73,13.225,12.665,13.86,1.2730000000000001,1.3225,1.2665,1.386
E6,torus10,part=aco,cbow,15,2,10.0,manifold,13.47,17.06,13.879999999999999,20.06,1.347,1.706,1.388,2.006
E6,torus10,part=aco,cbow,30,1,10.0,manifold,19.59,18.605,19.439999999999998,29.08,1.959,1.8605,1.9439999999999997,2.908
E6,torus10,part=aco,cbow,30,2,10.0,manifold,12.46,,13.475,27.4,1.246,,1.3475,2.7399999999999998
E6,torus10,part=aco,svd,5,1,10.0,manifold,4.48,4.4350000000000005,4.475,3.99,0.44800000000000006,0.44350000000000006,0.44749999999999995,0.399
E6,torus10,part=aco,svd,5,2,10.0,manifold,7.61,8.05,7.720000000000001,7.96,0.761,0.805,0.772,0.796
E6,torus10,part=aco,svd,10,1,10.0,manifold,9.24,9.555,9.205,8.97,0.924,0.9555,0.9205,0.897
E6,torus10,part=aco,svd,10,2,10.0,manifold,12.09,14.315,12.59,15.74,1.209,1.4315,1.259,1.574
E6,torus10,part=aco,svd,15,1,10.0,manifold,13.29,13.9,13.235,14.06,1.329,1.3900000000000001,1.3235,1.4060000000000001
E6,torus10,part=aco,svd,15,2,10.0,manifold,12.68,16.799999999999997,13.629999999999999,18.74,1.268,1.6799999999999997,1.363,1.8739999999999999
E6,torus10,part=aco,svd,30,1,10.0,manifold,22.58,23.08,22.52,28.46,2.258,2.308,2.252,2.846
E6,torus10,part=aco,svd,30,2,10.0,manifold,11.7,,12.235,25.14,1.17,,1.2235,2.5140000000000002
E6,torus10,part=aco,truth,0,1,10.0,manifold,11.83,12.79,11.7,16.25,1.183,1.279,1.17,1.625
E6,torus10,part=aco,truth,0,2,10.0,manifold,13.19,16.87,13.945,22.77,1.319,1.687,1.3945,2.277
E6,torus10,part=kmeans,cbow,5,1,10.0,kmeans,4.16,4.13,4.17,3.99,0.41600000000000004,0.413,0.417,0.399
E6,torus10,part=kmeans,cbow,5,2,10.0,kmeans,7.53,8.129999999999999,7.32,7.97,0.753,0.813,0.732,0.7969999999999999
E6,torus10,part=kmeans,cbow,10,1,10.0,kmeans,8.4,8.879999999999999,8.475,9.01,0.8400000000000001,0.8879999999999999,0.8474999999999999,0.901
E6,torus10,part=kmeans,cbow,10,2,10.0,kmeans,12.08,13.620000000000001,12.285,15.6,1.208,1.362,1.2285,1.56
E6,torus10,part=kmeans,cbow,15,1,10.0,kmeans,12.57,12.425,12.545000000000002,13.91,1.2570000000000001,1.2425000000000002,1.2545000000000002,1.391
E6,torus10,part=kmeans,cbow,15,2,10.0,kmeans,13.29,17.244999999999997,13.780000000000001,19.93,1.329,1.7244999999999997,1.3780000000000001,1.9929999999999999
E6,torus10,part=kmeans,cbow,30,1,10.0,kmeans,21.38,21.125,21.575,29.21,2.138,2.1125,2.1574999999999998,2.9210000000000003
E6,torus10,part=kmeans,cbow,30,2,10.0,kmeans,12.34,,13.469999999999999,27.76,1.234,,1.347,2.7760000000000002
E6,torus10,part=kmeans,svd,5,1,10.0,kmeans,4.34,4.445,4.395,3.99,0.434,0.4445,0.43949999999999995,0.399
E6,torus10,part=kmeans,svd,5,2,10.0,kmeans,7.53,8.445,7.555,7.97,0.753,0.8445,0.7555,0.7969999999999999
E6,torus10,part=kmeans,svd,10,1,10.0,kmeans,9.15,9.145,9.18,9.01,0.915,0.9145,0.9179999999999999,0.901
E6,torus10,part=kmeans,svd,10,2,10.0,kmeans,12.11,14.675,12.315000000000001,15.21,1.2109999999999999,1.4675,1.2315,1.5210000000000001
E6,torus10,part=kmeans,svd,15,1,10.0,kmeans,12.96,13.015,12.89,14.0,1.296,1.3015,1.2890000000000001,1.4
E6,torus10,part=kmeans,svd,15,2,10.0,kmeans,12.9,17.55,13.96,18.26,1.29,1.7550000000000001,1.3960000000000001,1.826
E6,torus10,part=kmeans,svd,30,1,10.0,kmeans,23.13,22.79,23.07,29.24,2.3129999999999997,2.279,2.307,2.924
E6,torus10,part=kmeans,svd,30,2,10.0,kmeans,11.92,,12.765,24.68,1.192,,1.2765,2.468
E6,torus10,part=kmeans,truth,0,1,10.0,kmeans,19.9,19.255,20.23,22.05,1.9899999999999998,1.9255,2.023,2.205
E6,torus10,part=kmeans,truth,0,2,10.0,kmeans,12.88,,13.97,24.73,1.288,,1.397,2.473
E6,torus10,part=random,cbow,5,1,10.0,manifold,4.0,4.185,3.995,3.99,0.4,0.4185,0.3995,0.399
E6,torus10,part=random,cbow,5,2,10.0,manifold,7.48,7.845,7.44,7.95,0.748,0.7845,0.744,0.795
E6,torus10,part=random,cbow,10,1,10.0,manifold,8.85,8.925,8.835,8.95,0.885,0.8925000000000001,0.8835000000000001,0.8949999999999999
E6,torus10,part=random,cbow,10,2,10.0,manifold,12.23,14.07,12.4,15.61,1.223,1.407,1.24,1.561
E6,torus10,part=random,cbow,15,1,10.0,manifold,12.42,12.325,12.405000000000001,13.89,1.242,1.2325,1.2405000000000002,1.389
E6,torus10,part=random,cbow,15,2,10.0,manifold,13.19,16.880000000000003,14.015,19.7,1.319,1.6880000000000002,1.4015,1.97
E6,torus10,part=random,cbow,30,1,10.0,manifold,18.73,18.555,18.705,28.21,1.873,1.8555,1.8704999999999998,2.821
E6,torus10,part=random,cbow,30,2,10.0,manifold,13.0,,13.75,26.78,1.3,,1.375,2.678
E6,torus10,part=random,svd,5,1,10.0,manifold,4.3,4.605,4.3,3.99,0.43,0.4605,0.43,0.399
E6,torus10,part=random,svd,5,2,10.0,manifold,7.37,8.6,7.2,7.97,0.737,0.86,0.72,0.7969999999999999
E6,torus10,part=random,svd,10,1,10.0,manifold,8.9,9.915,8.96,8.98,0.89,0.9914999999999999,0.8960000000000001,0.898
E6,torus10,part=random,svd,10,2,10.0,manifold,12.75,15.239999999999998,12.805,15.36,1.275,1.5239999999999998,1.2805,1.536
E6,torus10,part=random,svd,15,1,10.0,manifold,13.09,14.26,13.17,14.04,1.309,1.426,1.317,1.404
E6,torus10,part=random,svd,15,2,10.0,manifold,13.01,17.759999999999998,14.17,18.36,1.301,1.7759999999999998,1.417,1.8359999999999999
E6,torus10,part=random,svd,30,1,10.0,manifold,23.39,26.619999999999997,23.27,29.38,2.339,2.662,2.327,2.9379999999999997
E6,torus10,part=random,svd,30,2,10.0,manifold,11.9,,13.085,25.34,1.19,,1.3085,2.534
E6,torus10,part=random,truth,0,1,10.0,manifold,11.86,13.395,11.73,16.35,1.186,1.3395,1.173,1.6350000000000002
E6,torus10,part=random,truth,0,2,10.0,manifold,13.81,17.465,14.475,22.48,1.381,1.7465,1.4475,2.248
E6,torus2,part=aco,cbow,5,1,2.0,manifold,4.04,3.84,4.02,4.01,2.02,1.92,2.01,2.005
E6,torus2,part=aco,cbow,5,2,2.0,manifold,4.25,5.21,4.630000000000001,4.0,2.125,2.605,2.3150000000000004,2.0
E6,torus2,part=aco,cbow,10,1,2.0,manifold,4.67,3.645,4.66,7.46,2.335,1.8225,2.33,3.73
E6,torus2,part=aco,cbow,10,2,2.0,manifold,3.99,4.4399999999999995,4.23,6.64,1.995,2.2199999999999998,2.115,3.32
E6,torus2,part=aco,cbow,15,1,2.0,manifold,4.74,3.605,4.795,7.73,2.37,1.8025,2.3975,3.865
E6,torus2,part=aco,cbow,15,2,2.0,manifold,4.23,4.285,4.46,6.93,2.115,2.1425,2.23,3.465
E6,torus2,part=aco,cbow,30,1,2.0,manifold,4.95,3.455,4.995,7.81,2.475,1.7275,2.4975,3.905
E6,torus2,part=aco,cbow,30,2,2.0,manifold,4.13,4.09,4.359999999999999,7.83,2.065,2.045,2.1799999999999997,3.915
E6,torus2,part=aco,svd,5,1,2.0,manifold,3.55,3.295,3.625,4.21,1.775,1.6475,1.8125,2.105
E6,torus2,part=aco,svd,5,2,2.0,manifold,3.62,4.17,3.745,3.38,1.81,2.085,1.8725,1.69
E6,torus2,part=aco,svd,10,1,2.0,manifold,4.21,3.635,4.3,4.68,2.105,1.8175,2.15,2.34
E6,torus2,part=aco,svd,10,2,2.0,manifold,3.86,4.455,4.109999999999999,3.9,1.93,2.2275,2.0549999999999997,1.95
E6,torus2,part=aco,svd,15,1,2.0,manifold,4.77,3.86,4.85,4.5,2.385,1.93,2.425,2.25
E6,torus2,part=aco,svd,15,2,2.0,manifold,4.07,4.645,4.355,4.41,2.035,2.3225,2.1775,2.205
E6,torus2,part=aco,svd,30,1,2.0,manifold,5.48,4.29,5.640000000000001,5.55,2.74,2.145,2.8200000000000003,2.775
E6,torus2,part=aco,svd,30,2,2.0,manifold,4.36,4.945,4.699999999999999,5.35,2.18,2.4725,2.3499999999999996,2.675
E6,torus2,part=aco,truth,0,1,2.0,manifold,1.99,2.0549999999999997,1.9700000000000002,3.45,0.995,1.0274999999999999,0.9850000000000001,1.725
E6,torus2,part=aco,truth,0,2,2.0,manifold,2.79,2.965,3.0300000000000002,3.43,1.395,1.4825,1.5150000000000001,1.715
E6,torus2,part=kmeans,cbow,5,1,2.0,kmeans,4.14,3.795,4.140000000000001,4.0,2.07,1.8975,2.0700000000000003,2.0
E6,torus2,part=kmeans,cbow,5,2,2.0,kmeans,4.89,5.115,5.015000000000001,3.99,2.445,2.5575,2.5075000000000003,1.995
E6,torus2,part=kmeans,cbow,10,1,2.0,kmeans,6.11,3.34,6.225,6.95,3.055,1.67,3.1125,3.475
E6,torus2,part=kmeans,cbow,10,2,2.0,kmeans,4.46,3.9450000000000003,4.41,6.73,2.23,1.9725000000000001,2.205,3.365
E6,torus2,part=kmeans,cbow,15,1,2.0,kmeans,6.64,,6.75,7.3,3.32,,3.375,3.65
E6,torus2,part=kmeans,cbow,15,2,2.0,kmeans,4.57,3.75,4.645,7.05,2.285,1.875,2.3225,3.525
E6,torus2,part=kmeans,cbow,30,1,2.0,kmeans,6.91,,7.085,7.55,3.455,,3.5425,3.775
E6,torus2,part=kmeans,cbow,30,2,2.0,kmeans,4.55,3.71,4.505,7.31,2.275,1.855,2.2525,3.655
E6,torus2,part=kmeans,svd,5,1,2.0,kmeans,3.66,3.285,3.705,3.41,1.83,1.6425,1.8525,1.705
E6,torus2,part=kmeans,svd,5,2,2.0,kmeans,3.87,4.21,4.11,3.39,1.935,2.105,2.055,1.695
E6,torus2,part=kmeans,svd,10,1,2.0,kmeans,4.46,3.57,4.51,3.97,2.23,1.785,2.255,1.985
E6,torus2,part=kmeans,svd,10,2,2.0,kmeans,4.17,4.365,4.4,3.93,2.085,2.1825,2.2,1.965
E6,torus2,part=kmeans,svd,15,1,2.0,kmeans,4.85,3.77,4.985,4.52,2.425,1.885,2.4925,2.26
E6,torus2,part=kmeans,svd,15,2,2.0,kmeans,4.43,4.465,4.630000000000001,4.44,2.215,2.2325,2.3150000000000004,2.22
E6,torus2,part=kmeans,svd,30,1,2.0,kmeans,5.53,4.095,5.6850000000000005,5.57,2.765,2.0475,2.8425000000000002,2.785
E6,torus2,part=kmeans,svd,30,2,2.0,kmeans,4.69,4.71,4.87,5.41,2.345,2.355,2.435,2.705
E6,torus2,part=kmeans,truth,0,1,2.0,kmeans,7.55,1.895,7.845000000000001,3.45,3.775,0.9475,3.9225000000000003,1.725
E6,torus2,part=kmeans,truth,0,2,2.0,kmeans,4.36,3.4050000000000002,4.265,3.44,2.18,1.7025000000000001,2.1325,1.72
E6,torus2,part=random,cbow,5,1,2.0,manifold,3.98,3.855,3.96,4.01,1.99,1.9275,1.98,2.005
E6,torus2,part=random,cbow,5,2,2.0,manifold,4.37,5.43,4.705,4.0,2.185,2.715,2.3525,2.0
E6,torus2,part=random,cbow,10,1,2.0,manifold,4.62,3.71,4.609999999999999,7.42,2.31,1.855,2.3049999999999997,3.71
E6,torus2,part=random,cbow,10,2,2.0,manifold,4.04,4.4350000000000005,4.365,6.6,2.02,2.2175000000000002,2.1825,3.3
E6,torus2,part=random,cbow,15,1,2.0,manifold,4.87,3.62,4.85,7.75,2.435,1.81,2.425,3.875
E6,torus2,part=random,cbow,15,2,2.0,manifold,4.1,4.285,4.375,6.94,2.05,2.1425,2.1875,3.47
E6,torus2,part=random,cbow,30,1,2.0,manifold,5.0,3.51,5.0,7.82,2.5,1.755,2.5,3.91
E6,torus2,part=random,cbow,30,2,2.0,manifold,4.11,4.130000000000001,4.43,7.83,2.055,2.0650000000000004,2.215,3.915
E6,torus2,part=random,svd,5,1,2.0,manifold,3.58,3.33,3.655,4.21,1.79,1.665,1.8275,2.105
E6,torus2,part=random,svd,5,2,2.0,manifold,3.66,4.125,3.8049999999999997,3.39,1.83,2.0625,1.9024999999999999,1.695
E6,torus2,part=random,svd,10,1,2.0,manifold,4.41,3.625,4.45,4.7,2.205,1.8125,2.225,2.35
E6,torus2,part=random,svd,10,2,2.0,manifold,3.93,4.41,4.074999999999999,3.93,1.965,2.205,2.0374999999999996,1.965
E6,torus2,part=random,svd,15,1,2.0,manifold,4.96,3.8899999999999997,5.02,5.17,2.48,1.9449999999999998,2.51,2.585
E6,torus2,part=random,svd,15,2,2.0,manifold,4.11,4.645,4.26,4.44,2.055,2.3225,2.13,2.22
E6,torus2,part=random,svd,30,1,2.0,manifold,5.39,4.28,5.494999999999999,6.05,2.695,2.14,2.7474999999999996,3.025
E6,torus2,part=random,svd,30,2,2.0,manifold,4.27,4.915,4.525,5.64,2.135,2.4575,2.2625,2.82
E6,torus2,part=random,truth,0,1,2.0,manifold,1.96,2.045,1.97,3.45,0.98,1.0225,0.985,1.725
E6,torus2,part=random,truth,0,2,2.0,manifold,2.82,2.915,3.0149999999999997,3.44,1.41,1.4575,1.5074999999999998,1.72
E6,torus4,part=aco,cbow,5,1,4.0,manifold,4.03,4.195,4.050000000000001,3.97,1.0075,1.04875,1.0125000000000002,0.9925
E6,torus4,part=aco,cbow,5,2,4.0,manifold,6.1,6.775,6.3,5.89,1.525,1.69375,1.575,1.4725
E6,torus4,part=aco,cbow,10,1,4.0,manifold,7.74,6.205,7.6850000000000005,6.92,1.935,1.55125,1.9212500000000001,1.73
E6,torus4,part=aco,cbow,10,2,4.0,manifold,6.61,7.67,6.865,10.01,1.6525,1.9175,1.71625,2.5025
E6,torus4,part=aco,cbow,15,1,4.0,manifold,8.29,6.55,8.309999999999999,7.91,2.0725,1.6375,2.0774999999999997,1.9775
E6,torus4,part=aco,cbow,15,2,4.0,manifold,6.65,7.73,7.135,10.75,1.6625,1.9325,1.78375,2.6875
E6,torus4,part=aco,cbow,30,1,4.0,manifold,8.85,6.8100000000000005,8.935,8.97,2.2125,1.7025000000000001,2.23375,2.2425
E6,torus4,part=aco,cbow,30,2,4.0,manifold,6.97,7.975,7.359999999999999,10.64,1.7425,1.99375,1.8399999999999999,2.66
E6,torus4,part=aco,svd,5,1,4.0,manifold,4.79,4.85,4.8149999999999995,3.96,1.1975,1.2125,1.2037499999999999,0.99
E6,torus4,part=aco,svd,5,2,4.0,manifold,7.05,7.83,7.335,7.84,1.7625,1.9575,1.83375,1.96
E6,torus4,part=aco,svd,10,1,4.0,manifold,8.8,8.41,8.835,8.36,2.2,2.1025,2.20875,2.09
E6,torus4,part=aco,svd,10,2,4.0,manifold,8.15,10.44,8.99,13.26,2.0375,2.61,2.2475,3.315
E6,torus4,part=aco,svd,15,1,4.0,manifold,11.93,11.22,11.93,11.8,2.9825,2.805,2.9825,2.95
E6,torus4,part=aco,svd,15,2,4.0,manifold,8.46,11.32,9.225,15.3,2.115,2.83,2.30625,3.825
E6,torus4,part=aco,svd,30,1,4.0,manifold,17.57,16.615,17.685000000000002,19.34,4.3925,4.15375,4.421250000000001,4.835
E6,torus4,part=aco,svd,30,2,4.0,manifold,8.86,,9.120000000000001,19.66,2.215,,2.2800000000000002,4.915
E6,torus4,part=aco,truth,0,1,4.0,manifold,4.08,4.32,4.05,6.42,1.02,1.08,1.0125,1.605
E6,torus4,part=aco,truth,0,2,4.0,manifold,5.81,6.76,5.88,6.4,1.4525,1.69,1.47,1.6
E6,torus4,part=kmeans,cbow,5,1,4.0,kmeans,4.03,4.0,4.03,3.97,1.0075,1.0,1.0075,0.9925
E6,torus4,part=kmeans,cbow,5,2,4.0,kmeans,6.32,6.5,6.404999999999999,3.95,1.58,1.625,1.6012499999999998,0.9875
E6,torus4,part=kmeans,cbow,10,1,4.0,kmeans,9.24,,9.435,7.0,2.31,,2.35875,1.75
E6,torus4,part=kmeans,cbow,10,2,4.0,kmeans,6.92,7.779999999999999,7.18,6.87,1.73,1.9449999999999998,1.795,1.7175
E6,torus4,part=kmeans,cbow,15,1,4.0,kmeans,10.37,7.51,10.579999999999998,8.11,2.5925,1.8775,2.6449999999999996,2.0275
E6,torus4,part=kmeans,cbow,15,2,4.0,kmeans,6.85,7.800000000000001,7.26,8.37,1.7125,1.9500000000000002,1.815,2.0925
E6,torus4,part=kmeans,cbow,30,1,4.0,kmeans,11.0,,11.305,9.35,2.75,,2.82625,2.3375
E6,torus4,part=kmeans,cbow,30,2,4.0,kmeans,7.04,8.05,7.445,9.87,1.76,2.0125,1.86125,2.4675
E6,torus4,part=kmeans,svd,5,1,4.0,kmeans,4.47,4.405,4.475,3.97,1.1175,1.10125,1.11875,0.9925
E6,torus4,part=kmeans,svd,5,2,4.0,kmeans,6.9,7.465,6.85,7.85,1.725,1.86625,1.7125,1.9625
E6,torus4,part=kmeans,svd,10,1,4.0,kmeans,8.86,8.83,8.885,8.37,2.215,2.2075,2.22125,2.0925
E6,torus4,part=kmeans,svd,10,2,4.0,kmeans,8.06,10.635000000000002,8.595,13.84,2.015,2.6587500000000004,2.14875,3.46
E6,torus4,part=kmeans,svd,15,1,4.0,kmeans,11.84,11.04,11.945,11.75,2.96,2.76,2.98625,2.9375
E6,torus4,part=kmeans,svd,15,2,4.0,kmeans,8.25,11.370000000000001,8.915,15.43,2.0625,2.8425000000000002,2.22875,3.8575
E6,torus4,part=kmeans,svd,30,1,4.0,kmeans,17.58,16.365000000000002,17.555,19.55,4.395,4.0912500000000005,4.38875,4.8875
E6,torus4,part=kmeans,svd,30,2,4.0,kmeans,8.69,,8.735,19.45,2.1725,,2.18375,4.8625
E6,torus4,part=kmeans,truth,0,1,4.0,kmeans,10.75,,11.085,6.43,2.6875,,2.77125,1.6075
E6,torus4,part=kmeans,truth,0,2,4.0,kmeans,6.81,7.015000000000001,7.0,6.45,1.7025,1.7537500000000001,1.75,1.6125
E6,torus4,part=random,cbow,5,1,4.0,manifold,3.97,4.05,3.9749999999999996,3.97,0.9925,1.0125,0.9937499999999999,0.9925
E6,torus4,part=random,cbow,5,2,4.0,manifold,6.28,6.6,6.42,5.9,1.57,1.65,1.605,1.475
E6,torus4,part=random,cbow,10,1,4.0,manifold,7.63,6.109999999999999,7.665,6.8,1.9075,1.5274999999999999,1.91625,1.7
E6,torus4,part=random,cbow,10,2,4.0,manifold,6.45,7.6,6.734999999999999,10.57,1.6125,1.9,1.6837499999999999,2.6425
E6,torus4,part=random,cbow,15,1,4.0,manifold,8.12,6.220000000000001,8.175,7.92,2.03,1.5550000000000002,2.04375,1.98
E6,torus4,part=random,cbow,15,2,4.0,manifold,6.77,7.875,7.09,10.81,1.6925,1.96875,1.7725,2.7025
E6,torus4,part=random,cbow,30,1,4.0,manifold,8.5,,8.605,9.05,2.125,,2.15125,2.2625
E6,torus4,part=random,cbow,30,2,4.0,manifold,6.89,7.9750000000000005,7.585000000000001,10.59,1.7225,1.9937500000000001,1.8962500000000002,2.6475
E6,torus4,part=random,svd,5,1,4.0,manifold,4.89,4.77,4.904999999999999,3.97,1.2225,1.1925,1.2262499999999998,0.9925
E6,torus4,part=random,svd,5,2,4.0,manifold,7.03,7.635,7.09,7.86,1.7575,1.90875,1.7725,1.965
E6,torus4,part=random,svd,10,1,4.0,manifold,8.61,8.915,8.675,8.38,2.1525,2.22875,2.16875,2.095
E6,torus4,part=random,svd,10,2,4.0,manifold,7.83,10.45,8.440000000000001,13.13,1.9575,2.6125,2.1100000000000003,3.2825
E6,torus4,part=random,svd,15,1,4.0,manifold,11.95,11.825,11.895,11.86,2.9875,2.95625,2.97375,2.965
E6,torus4,part=random,svd,15,2,4.0,manifold,8.02,,8.940000000000001,15.78,2.005,,2.2350000000000003,3.945
E6,torus4,part=random,svd,30,1,4.0,manifold,17.42,17.805,17.545,19.6,4.355,4.45125,4.38625,4.9
E6,torus4,part=random,svd,30,2,4.0,manifold,8.74,,8.975,19.03,2.185,,2.24375,4.7575
E6,torus4,part=random,truth,0,1,4.0,manifold,4.06,4.27,4.055,6.41,1.015,1.0675,1.01375,1.6025
E6,torus4,part=random,truth,0,2,4.0,manifold,5.79,6.805,6.165,6.41,1.4475,1.70125,1.54125,1.6025
E6,torus6,part=aco,cbow,5,1,6.0,manifold,4.13,4.181859351416427,4.045,3.99,0.6883333333333334,0.6969765585694044,0.6741666666666667,0.665
E6,torus6,part=aco,cbow,5,2,6.0,manifold,7.12,7.445910893669669,7.0,7.93,1.1866666666666668,1.2409851489449448,1.1666666666666667,1.3216666666666665
E6,torus6,part=aco,cbow,10,1,6.0,manifold,8.11,7.8788589312241735,8.155,8.49,1.3516666666666666,1.313143155204029,1.3591666666666666,1.415
E6,torus6,part=aco,cbow,10,2,6.0,manifold,9.57,11.333362761692431,9.895,14.88,1.595,1.888893793615405,1.6491666666666667,2.48
E6,torus6,part=aco,cbow,15,1,6.0,manifold,10.54,9.450091735042111,10.69,10.77,1.7566666666666666,1.5750152891736853,1.7816666666666665,1.795
E6,torus6,part=aco,cbow,15,2,6.0,manifold,9.63,11.830246749274588,10.445,17.07,1.6050000000000002,1.9717077915457646,1.7408333333333335,2.845
E6,torus6,part=aco,cbow,30,1,6.0,manifold,11.28,9.804482600771017,11.43,10.73,1.88,1.6340804334618362,1.905,1.7883333333333333
E6,torus6,part=aco,cbow,30,2,6.0,manifold,9.72,12.333859518431566,10.41,17.78,1.62,2.0556432530719277,1.735,2.9633333333333334
E6,torus6,part=aco,svd,5,1,6.0,manifold,4.73,4.463440162839395,4.734999999999999,3.99,0.7883333333333334,0.7439066938065658,0.7891666666666666,0.665
E6,torus6,part=aco,svd,5,2,6.0,manifold,7.35,8.126539623138516,7.415,7.95,1.2249999999999999,1.354423270523086,1.2358333333333333,1.325
E6,torus6,part=aco,svd,10,1,6.0,manifold,8.93,9.606455492385225,8.86,8.97,1.4883333333333333,1.6010759153975374,1.4766666666666666,1.495
E6,torus6,part=aco,svd,10,2,6.0,manifold,11.67,13.307579875508928,12.125,14.93,1.945,2.217929979251488,2.0208333333333335,2.4883333333333333
E6,torus6,part=aco,svd,15,1,6.0,manifold,12.84,12.715976469886089,12.92,13.99,2.14,2.1193294116476813,2.1533333333333333,2.3316666666666666
E6,torus6,part=aco,svd,15,2,6.0,manifold,11.88,15.914160341328213,13.39,18.39,1.9800000000000002,2.6523600568880354,2.231666666666667,3.065
E6,torus6,part=aco,svd,30,1,6.0,manifold,22.71,,22.77,28.52,3.785,,3.795,4.753333333333333
E6,torus6,part=aco,svd,30,2,6.0,manifold,11.17,,12.5,23.71,1.8616666666666666,,2.0833333333333335,3.9516666666666667
E6,torus6,part=aco,truth,0,1,6.0,manifold,6.46,6.606403030736402,6.4,9.42,1.0766666666666667,1.1010671717894003,1.0666666666666667,1.57
E6,torus6,part=aco,truth,0,2,6.0,manifold,9.13,11.267903287061305,9.43,15.84,1.5216666666666667,1.877983881176884,1.5716666666666665,2.64
E6,torus6,part=kmeans,cbow,5,1,6.0,kmeans,3.97,4.140000000000001,3.945,3.97,0.6616666666666667,0.6900000000000001,0.6575,0.6616666666666667
E6,torus6,part=kmeans,cbow,5,2,6.0,kmeans,6.98,7.52,7.025,7.9,1.1633333333333333,1.2533333333333332,1.1708333333333334,1.3166666666666667
E6,torus6,part=kmeans,cbow,10,1,6.0,kmeans,8.61,8.465,8.515,8.93,1.4349999999999998,1.4108333333333334,1.4191666666666667,1.4883333333333333
E6,torus6,part=kmeans,cbow,10,2,6.0,kmeans,9.83,11.54,10.32,15.24,1.6383333333333334,1.9233333333333331,1.72,2.54
E6,torus6,part=kmeans,cbow,15,1,6.0,kmeans,14.07,11.175,14.18,11.57,2.345,1.8625,2.3633333333333333,1.9283333333333335
E6,torus6,part=kmeans,cbow,15,2,6.0,kmeans,9.68,12.125,10.215,17.24,1.6133333333333333,2.0208333333333335,1.7025,2.873333333333333
E6,torus6,part=kmeans,cbow,30,1,6.0,kmeans,14.84,12.715,15.04,11.27,2.473333333333333,2.1191666666666666,2.5066666666666664,1.8783333333333332
E6,torus6,part=kmeans,cbow,30,2,6.0,kmeans,9.87,12.445,10.545,17.99,1.6449999999999998,2.0741666666666667,1.7575,2.998333333333333
E6,torus6,part=kmeans,svd,5,1,6.0,kmeans,4.34,4.324999999999999,4.34,3.99,0.7233333333333333,0.7208333333333332,0.7233333333333333,0.665
E6,torus6,part=kmeans,svd,5,2,6.0,kmeans,7.32,7.995,7.484999999999999,7.94,1.22,1.3325,1.2474999999999998,1.3233333333333335
E6,torus6,part=kmeans,svd,10,1,6.0,kmeans,9.09,9.105,9.07,9.0,1.515,1.5175,1.5116666666666667,1.5
E6,torus6,part=kmeans,svd,10,2,6.0,kmeans,11.64,14.485,11.93,15.05,1.9400000000000002,2.4141666666666666,1.9883333333333333,2.5083333333333333
E6,torus6,part=kmeans,svd,15,1,6.0,kmeans,13.03,13.395,13.145,13.96,2.1716666666666664,2.2325,2.1908333333333334,2.3266666666666667
E6,torus6,part=kmeans,svd,15,2,6.0,kmeans,12.11,16.185000000000002,13.075,18.4,2.018333333333333,2.6975000000000002,2.1791666666666667,3.0666666666666664
E6,torus6,part=kmeans,svd,30,1,6.0,kmeans,22.99,23.185000000000002,22.895,29.26,3.8316666666666666,3.864166666666667,3.8158333333333334,4.876666666666667
E6,torus6,part=kmeans,svd,30,2,6.0,kmeans,11.24,,12.09,23.73,1.8733333333333333,,2.015,3.955
E6,torus6,part=kmeans,truth,0,1,6.0,kmeans,13.92,11.030000000000001,14.235,10.96,2.32,1.8383333333333336,2.3725,1.8266666666666669
E6,torus6,part=kmeans,truth,0,2,6.0,kmeans,9.83,11.795,10.629999999999999,17.91,1.6383333333333334,1.9658333333333333,1.7716666666666665,2.985
E6,torus6,part=random,cbow,5,1,6.0,manifold,4.05,4.185,4.075,3.98,0.6749999999999999,0.6974999999999999,0.6791666666666667,0.6633333333333333
E6,torus6,part=random,cbow,5,2,6.0,manifold,7.13,7.475,7.01,7.88,1.1883333333333332,1.2458333333333333,1.1683333333333332,1.3133333333333332
E6,torus6,part=random,cbow,10,1,6.0,manifold,8.5,8.485,8.58,8.72,1.4166666666666667,1.4141666666666666,1.43,1.4533333333333334
E6,torus6,part=random,cbow,10,2,6.0,manifold,9.74,11.645,9.74,15.55,1.6233333333333333,1.9408333333333332,1.6233333333333333,2.591666666666667
E6,torus6,part=random,cbow,15,1,6.0,manifold,10.72,9.49,10.71,10.68,1.7866666666666668,1.5816666666666668,1.7850000000000001,1.78
E6,torus6,part=random,cbow,15,2,6.0,manifold,9.77,11.95,9.995000000000001,17.1,1.6283333333333332,1.9916666666666665,1.6658333333333335,2.85
E6,torus6,part=random,cbow,30,1,6.0,manifold,11.49,9.415,11.489999999999998,10.69,1.915,1.5691666666666666,1.9149999999999998,1.7816666666666665
E6,torus6,part=random,cbow,30,2,6.0,manifold,9.78,12.23,10.51,17.16,1.63,2.0383333333333336,1.7516666666666667,2.86
E6,torus6,part=random,svd,5,1,6.0,manifold,4.71,4.74,4.765,3.99,0.785,0.79,0.7941666666666666,0.665
E6,torus6,part=random,svd,5,2,6.0,manifold,7.44,8.245,7.48,7.95,1.24,1.3741666666666665,1.2466666666666668,1.325
E6,torus6,part=random,svd,10,1,6.0,manifold,8.96,9.265,9.004999999999999,8.99,1.4933333333333334,1.5441666666666667,1.5008333333333332,1.4983333333333333
E6,torus6,part=random,svd,10,2,6.0,manifold,11.71,14.184999999999999,12.17,15.08,1.9516666666666669,2.3641666666666663,2.0283333333333333,2.513333333333333
E6,torus6,part=random,svd,15,1,6.0,manifold,13.17,14.100000000000001,13.09,14.02,2.195,2.35,2.1816666666666666,2.3366666666666664
E6,torus6,part=random,svd,15,2,6.0,manifold,11.86,16.595,12.969999999999999,18.46,1.9766666666666666,2.765833333333333,2.1616666666666666,3.0766666666666667
E6,torus6,part=random,svd,30,1,6.0,manifold,23.25,,23.195,29.27,3.875,,3.8658333333333332,4.878333333333333
E6,torus6,part=random,svd,30,2,6.0,manifold,11.19,,11.875,23.74,1.865,,1.9791666666666667,3.9566666666666666
E6,torus6,part=random,truth,0,1,6.0,manifold,6.31,6.640000000000001,6.18,9.41,1.0516666666666665,1.1066666666666667,1.03,1.5683333333333334
E6,torus6,part=random,truth,0,2,6.0,manifold,9.41,11.02,9.92,16.03,1.5683333333333334,1.8366666666666667,1.6533333333333333,2.671666666666667
E6,torus8,part=aco,cbow,5,1,8.0,manifold,4.14,4.140000000000001,4.115,3.98,0.5175,0.5175000000000001,0.514375,0.4975
E6,torus8,part=aco,cbow,5,2,8.0,manifold,7.21,7.76,7.035,7.91,0.90125,0.97,0.879375,0.98875
E6,torus8,part=aco,cbow,10,1,8.0,manifold,8.38,8.675,8.405,8.94,1.0475,1.084375,1.050625,1.1175
E6,torus8,part=aco,cbow,10,2,8.0,manifold,11.74,13.145,12.21,15.68,1.4675,1.643125,1.52625,1.96
E6,torus8,part=aco,cbow,15,1,8.0,manifold,11.98,11.925,11.95,13.72,1.4975,1.490625,1.49375,1.715
E6,torus8,part=aco,cbow,15,2,8.0,manifold,12.16,15.629999999999999,13.39,19.68,1.52,1.9537499999999999,1.67375,2.46
E6,torus8,part=aco,cbow,30,1,8.0,manifold,14.31,13.705,14.35,15.38,1.78875,1.713125,1.79375,1.9225
E6,torus8,part=aco,cbow,30,2,8.0,manifold,12.27,15.950000000000001,13.255,20.55,1.53375,1.9937500000000001,1.656875,2.56875
E6,torus8,part=aco,svd,5,1,8.0,manifold,4.62,4.470000000000001,4.635,3.99,0.5775,0.5587500000000001,0.579375,0.49875
E6,torus8,part=aco,svd,5,2,8.0,manifold,7.62,8.515,7.37,7.97,0.9525,1.064375,0.92125,0.99625
E6,torus8,part=aco,svd,10,1,8.0,manifold,9.11,9.375,9.0,9.0,1.13875,1.171875,1.125,1.125
E6,torus8,part=aco,svd,10,2,8.0,manifold,12.12,15.075,12.36,15.18,1.515,1.884375,1.545,1.8975
E6,torus8,part=aco,svd,15,1,8.0,manifold,13.76,13.95,13.72,14.07,1.72,1.74375,1.715,1.75875
E6,torus8,part=aco,svd,15,2,8.0,manifold,12.8,17.595,13.835,18.66,1.6,2.199375,1.729375,2.3325
E6,torus8,part=aco,svd,30,1,8.0,manifold,23.01,21.895000000000003,22.905,28.74,2.87625,2.7368750000000004,2.863125,3.5925
E6,torus8,part=aco,svd,30,2,8.0,manifold,11.72,,12.594999999999999,24.19,1.465,,1.5743749999999999,3.02375
E6,torus8,part=aco,truth,0,1,8.0,manifold,8.73,9.64,8.635,12.6,1.09125,1.205,1.079375,1.575
E6,torus8,part=aco,truth,0,2,8.0,manifold,12.09,15.24,12.59,19.54,1.51125,1.905,1.57375,2.4425
E6,torus8,part=kmeans,cbow,5,1,8.0,kmeans,4.07,4.165,4.05,3.96,0.50875,0.520625,0.50625,0.495
E6,torus8,part=kmeans,cbow,5,2,8.0,kmeans,7.21,7.720000000000001,7.215,7.85,0.90125,0.9650000000000001,0.901875,0.98125
E6,torus8,part=kmeans,cbow,10,1,8.0,kmeans,8.79,8.675,8.82,9.03,1.09875,1.084375,1.1025,1.12875
E6,torus8,part=kmeans,cbow,10,2,8.0,kmeans,11.82,13.325,11.86,15.5,1.4775,1.665625,1.4825,1.9375
E6,torus8,part=kmeans,cbow,15,1,8.0,kmeans,13.69,13.235,13.74,14.39,1.71125,1.654375,1.7175,1.79875
E6,torus8,part=kmeans,cbow,15,2,8.0,kmeans,11.95,15.68,13.045,20.02,1.49375,1.96,1.630625,2.5025
E6,torus8,part=kmeans,cbow,30,1,8.0,kmeans,18.21,17.060000000000002,18.355,17.24,2.27625,2.1325000000000003,2.294375,2.155
E6,torus8,part=kmeans,cbow,30,2,8.0,kmeans,11.98,15.48,12.85,21.52,1.4975,1.935,1.60625,2.69
E6,torus8,part=kmeans,svd,5,1,8.0,kmeans,4.39,4.58,4.425,3.99,0.54875,0.5725,0.553125,0.49875
E6,torus8,part=kmeans,svd,5,2,8.0,kmeans,7.29,7.98,7.225,7.97,0.91125,0.9975,0.903125,0.99625
E6,torus8,part=kmeans,svd,10,1,8.0,kmeans,9.2,9.72,9.245,8.99,1.15,1.215,1.155625,1.12375
E6,torus8,part=kmeans,svd,10,2,8.0,kmeans,12.09,13.785,12.815,15.22,1.51125,1.723125,1.601875,1.9025
E6,torus8,part=kmeans,svd,15,1,8.0,kmeans,13.14,13.325,13.11,14.05,1.6425,1.665625,1.63875,1.75625
E6,torus8,part=kmeans,svd,15,2,8.0,kmeans,12.88,16.08,13.885,19.03,1.61,2.01,1.735625,2.37875
E6,torus8,part=kmeans,svd,30,1,8.0,kmeans,22.59,22.335,22.535,29.02,2.82375,2.791875,2.816875,3.6275
E6,torus8,part=kmeans,svd,30,2,8.0,kmeans,11.94,,13.129999999999999,24.52,1.4925,,1.6412499999999999,3.065
E6,torus8,part=kmeans,truth,0,1,8.0,kmeans,17.22,15.095,17.425,16.85,2.1525,1.886875,2.178125,2.10625
E6,torus8,part=kmeans,truth,0,2,8.0,kmeans,12.0,16.03,12.945,21.36,1.5,2.00375,1.618125,2.67
E6,torus8,part=random,cbow,5,1,8.0,manifold,4.06,4.29,4.07,3.99,0.5075,0.53625,0.50875,0.49875
E6,torus8,part=random,cbow,5,2,8.0,manifold,7.18,7.395,7.43,7.95,0.8975,0.924375,0.92875,0.99375
E6,torus8,part=random,cbow,10,1,8.0,manifold,8.6,8.64,8.59,8.96,1.075,1.08,1.07375,1.12
E6,torus8,part=random,cbow,10,2,8.0,manifold,11.89,13.120000000000001,11.82,15.49,1.48625,1.6400000000000001,1.4775,1.93625
E6,torus8,part=random,cbow,15,1,8.0,manifold,12.5,11.59,12.5,13.79,1.5625,1.44875,1.5625,1.72375
E6,torus8,part=random,cbow,15,2,8.0,manifold,12.3,15.490000000000002,13.13,19.8,1.5375,1.9362500000000002,1.64125,2.475
E6,torus8,part=random,cbow,30,1,8.0,manifold,14.49,14.370000000000001,14.545,15.39,1.81125,1.7962500000000001,1.818125,1.92375
E6,torus8,part=random,cbow,30,2,8.0,manifold,12.23,15.745,13.38,20.66,1.52875,1.968125,1.6725,2.5825
E6,torus8,part=random,svd,5,1,8.0,manifold,4.46,4.65,4.5,3.99,0.5575,0.58125,0.5625,0.49875
E6,torus8,part=random,svd,5,2,8.0,manifold,7.49,8.345,7.550000000000001,7.97,0.93625,1.043125,0.9437500000000001,0.99625
E6,torus8,part=random,svd,10,1,8.0,manifold,9.11,9.82,9.1,9.01,1.13875,1.2275,1.1375,1.12625
E6,torus8,part=random,svd,10,2,8.0,manifold,12.24,14.5,13.004999999999999,14.91,1.53,1.8125,1.6256249999999999,1.86375
E6,torus8,part=random,svd,15,1,8.0,manifold,13.46,14.055,13.425,14.08,1.6825,1.756875,1.678125,1.76
E6,torus8,part=random,svd,15,2,8.0,manifold,13.21,17.545,13.605,18.85,1.65125,2.193125,1.700625,2.35625
E6,torus8,part=random,svd,30,1,8.0,manifold,23.81,25.795,23.509999999999998,29.33,2.97625,3.224375,2.9387499999999998,3.66625
E6,torus8,part=random,svd,30,2,8.0,manifold,11.65,,12.535,25.2,1.45625,,1.566875,3.15
E6,torus8,part=random,truth,0,1,8.0,manifold,8.41,9.88,8.415,12.33,1.05125,1.235,1.051875,1.54125
E6,torus8,part=random,truth,0,2,8.0,manifold,12.34,15.185,12.895,19.59,1.5425,1.898125,1.611875,2.44875
E10,carpet,"V=5000,T=500",cbow,100,1,1.892789260714372,fractal,3.743,3.169,3.7954999999999997,8.176,1.9775048800664294,1.674248721595115,2.00524172382905,4.319551135298726
E10,carpet,"V=5000,T=500",cbow,100,2,1.892789260714372,fractal,4.002,3.528,4.0635,7.892,2.1143399759620225,1.8639159008480801,2.1468317072268066,4.169508018563789
E10,carpet,"V=5000,T=500",cbow,10,1,1.892789260714372,fractal,3.972,4.061999999999999,4.0120000000000005,7.918,2.0984903509548114,2.1460392259764456,2.1196231842977604,4.1832443602367055
E10,carpet,"V=5000,T=500",cbow,10,2,1.892789260714372,fractal,3.881,4.352,3.9779999999999998,8.29,2.0504131550996028,2.2992522677128244,2.1016602759562533,4.379779710326129
E10,carpet,"V=5000,T=500",cbow,15,1,1.892789260714372,fractal,3.815,,3.87,8.207,2.0155439800837374,,2.044601625930292,4.335929081139511
E10,carpet,"V=5000,T=500",cbow,15,2,1.892789260714372,fractal,3.947,3.942,4.004,8.292,2.085282330115468,2.0826407259476,2.11539661762917,4.380836351993277
E10,carpet,"V=5000,T=500",cbow,30,1,1.892789260714372,fractal,3.765,3.417,3.7945,8.263,1.9891279384050515,1.8052722883213972,2.0047134029954763,4.365515047819638
E10,carpet,"V=5000,T=500",cbow,30,2,1.892789260714372,fractal,3.936,3.606,4.0265,8.114,2.079470800946157,1.9051249258668301,2.127283836384579,4.2867952436171555
E10,carpet,"V=5000,T=500",cbow,50,1,1.892789260714372,fractal,3.753,3.2430000000000003,3.816,8.203,1.982788088402167,1.7133444632795705,2.016072300917311,4.333815797805215
E10,carpet,"V=5000,T=500",cbow,50,2,1.892789260714372,fractal,3.914,3.6174999999999997,3.9905,7.973,2.0678477426075355,1.9112006154529277,2.108264286375925,4.21230200608326
E10,carpet,"V=5000,T=500",cbow,5,1,1.892789260714372,fractal,3.851,3.771,3.8529999999999998,4.843,2.034563530092391,1.9922978634064936,2.0356201717595384,2.55865779699752
E10,carpet,"V=5000,T=500",cbow,5,2,1.892789260714372,fractal,4.181,5.525,4.413,4.867,2.2089094051717186,2.9189726054947966,2.3314798385608215,2.5713374970032894
E10,carpet,"V=5000,T=500",svd,100,1,1.892789260714372,fractal,3.378,3.0725,3.4025,6.106,1.7846677758120222,1.623265761155251,1.7976116362345782,3.225927009801127
E10,carpet,"V=5000,T=500",svd,100,2,1.892789260714372,fractal,3.309,3.7,3.471,6.051,1.7482136382954356,1.9547870842227597,1.8338016133343782,3.1968693639545727
E10,carpet,"V=5000,T=500",svd,10,1,1.892789260714372,fractal,2.442,2.316,2.4539999999999997,2.577,1.2901594755870214,1.2235910505567327,1.296499325589906,1.3614827881194733
E10,carpet,"V=5000,T=500",svd,10,2,1.892789260714372,fractal,2.627,3.0555,2.7409999999999997,2.645,1.3878988297981594,1.6142843069844979,1.4481274048255632,1.3974086048024863
E10,carpet,"V=5000,T=500",svd,15,1,1.892789260714372,fractal,2.552,2.5625,2.57,3.289,1.3482747672801305,1.3538221360326546,1.3577845422844572,1.7376472216239613
E10,carpet,"V=5000,T=500",svd,15,2,1.892789260714372,fractal,2.672,3.2645,2.86,3.276,1.411673267308977,1.724703361201405,1.5109975840208358,1.7307790507875027
E10,carpet,"V=5000,T=500",svd,30,1,1.892789260714372,fractal,2.879,2.6515,2.8965,4.482,1.5210356798587366,1.4008426902207154,1.5302812944462767,2.367933976077408
E10,carpet,"V=5000,T=500",svd,30,2,1.892789260714372,fractal,2.92,3.3745000000000003,3.0735,4.515,1.542696834035259,1.7828186528945145,1.6237940819888248,2.3853685635853403
E10,carpet,"V=5000,T=500",svd,50,1,1.892789260714372,fractal,3.067,2.863,3.1095,5.077,1.6203599965705957,1.512582546521557,1.6428136319974789,2.6822848720537706
E10,carpet,"V=5000,T=500",svd,50,2,1.892789260714372,fractal,3.075,3.4595000000000002,3.286,4.783,1.6245865632391856,1.8277259237482804,1.7360622591232402,2.5269585469830975
E10,carpet,"V=5000,T=500",svd,5,1,1.892789260714372,fractal,1.965,,1.9505,1.485,1.0381504379723576,,1.0304897858855386,0.7845564378569725
E10,carpet,"V=5000,T=500",svd,5,2,1.892789260714372,fractal,2.4,2.6775,2.3295,1.515,1.2679700005769252,1.4145790318936322,1.2307233818099779,0.800406062864184
E10,carpet,"V=5000,T=500",truth,0,1,1.892789260714372,fractal,1.282,1.8210000000000002,1.388,1.934,0.6773073086415076,0.9620722379377421,0.7333093170003216,1.0217724921315723
E10,carpet,"V=5000,T=500",truth,0,2,1.892789260714372,fractal,2.594,2.4859999999999998,2.4735,1.936,1.3704642422902267,1.313405592264265,1.3068015818445935,1.0228291337987196
E10,gasket,"V=5000,T=500",cbow,100,1,1.5849625007211563,fractal,3.135,,3.201,8.183,1.9779647774465188,,2.0196061411822352,5.162898173475236
E10,gasket,"V=5000,T=500",cbow,100,2,1.5849625007211563,fractal,3.315,2.9545,3.334,7.862,2.0915321330893812,1.8640819569268707,2.103519798407239,4.960369722578798
E10,gasket,"V=5000,T=500",cbow,10,1,1.5849625007211563,fractal,3.32,,3.3995,7.605,2.0946867818572383,,2.1448456972661694,4.798220775910933
E10,gasket,"V=5000,T=500",cbow,10,2,1.5849625007211563,fractal,3.309,3.8625,3.366,8.264,2.0877465545679526,2.436966173169754,2.1237095505215255,5.2140034835145235
E10,gasket,"V=5000,T=500",cbow,15,1,1.5849625007211563,fractal,3.284,,3.37,8.058,2.0719733107286658,,2.1262332695358115,5.084031954278804
E10,gasket,"V=5000,T=500",cbow,15,2,1.5849625007211563,fractal,3.477,3.371,3.499,8.308,2.193742753167957,2.126864199289383,2.2076232077465296,5.2417643926716675
E10,gasket,"V=5000,T=500",cbow,30,1,1.5849625007211563,fractal,3.197,,3.2640000000000002,8.243,2.0170824221679493,,2.059354715657237,5.200753958689523
E10,gasket,"V=5000,T=500",cbow,30,2,1.5849625007211563,fractal,3.436,3.1390000000000002,3.4325,8.111,2.1678746332715275,1.980488496460805,2.1656663791340276,5.117471231218091
E10,gasket,"V=5000,T=500",cbow,50,1,1.5849625007211563,fractal,3.161,,3.2085,8.224,1.9943689510393767,,2.024338114334021,5.188766293371666
E10,gasket,"V=5000,T=500",cbow,50,2,1.5849625007211563,fractal,3.323,3.02,3.3925,7.976,2.0965795711179527,1.9054078557858014,2.140429188991169,5.032295714485944
E10,gasket,"V=5000,T=500",cbow,5,1,1.5849625007211563,fractal,3.803,3.8775,3.807,4.736,2.3994258528322523,2.446430119473326,2.4019495718465382,2.988083312914422
E10,gasket,"V=5000,T=500",cbow,5,2,1.5849625007211563,fractal,3.562,4.996499999999999,3.899,4.842,2.2473717822215313,3.152440513719786,2.459995109175112,3.0549618667929965
E10,gasket,"V=5000,T=500",svd,100,1,1.5849625007211563,fractal,2.498,2.1814999999999998,2.4935,5.438,1.5760625244215007,1.3763732574161343,1.573223340530429,3.4309959999215853
E10,gasket,"V=5000,T=500",svd,100,2,1.5849625007211563,fractal,2.506,2.8315,2.5115,5.157,1.5811099624500722,1.7864775972375817,1.584580076094715,3.253704739168006
E10,gasket,"V=5000,T=500",svd,10,1,1.5849625007211563,fractal,1.509,1.4375,1.5070000000000001,1.067,0.9520729981393291,0.90696152075897,0.9508111386321864,0.673202047060745
E10,gasket,"V=5000,T=500",svd,10,2,1.5849625007211563,fractal,1.859,2.2285000000000004,2.024,1.105,1.1728984118893393,1.406026955833993,1.2770018212286298,0.6971773776964604
E10,gasket,"V=5000,T=500",svd,15,1,1.5849625007211563,fractal,1.76,1.6625,1.749,1.395,1.110436366285765,1.048920715312548,1.103496138996479,0.8801470062321831
E10,gasket,"V=5000,T=500",svd,15,2,1.5849625007211563,fractal,2.058,2.4425,2.148,1.407,1.2984534328500592,1.5410459230982847,1.3552371106714907,0.8877181632750406
E10,gasket,"V=5000,T=500",svd,30,1,1.5849625007211563,fractal,2.041,1.9085,2.0575,2.826,1.2877276270393445,1.2041294346911264,1.2981379679732736,1.7830074835929386
E10,gasket,"V=5000,T=500",svd,30,2,1.5849625007211563,fractal,2.173,2.5755,2.2445000000000004,2.921,1.371010354510777,1.6249595803232884,1.4161218318911364,1.842945810182227
E10,gasket,"V=5000,T=500",svd,50,1,1.5849625007211563,fractal,2.118,2.024,2.1345,4.517,1.3363092180643468,1.2770018212286298,1.346719558998276,2.8499096968822735
E10,gasket,"V=5000,T=500",svd,50,2,1.5849625007211563,fractal,2.267,2.6895,2.3685,4.431,1.4303177513464937,1.6968855722304346,1.4943571213339968,2.7956497380751277
E10,gasket,"V=5000,T=500",svd,5,1,1.5849625007211563,fractal,1.195,,1.1955,0.6846,0.7539610555178916,,0.7542765203946773,0.4319345092950197
E10,gasket,"V=5000,T=500",svd,5,2,1.5849625007211563,fractal,1.868,,1.9420000000000002,0.7028,1.1785767796714826,,1.2252655814357705,0.4434174308100202
E10,gasket,"V=5000,T=500",truth,0,1,1.5849625007211563,fractal,1.009,1.712,1.154,1.866,0.6366081213536005,1.080151738114335,0.7280929356214618,1.1773149201643396
E10,gasket,"V=5000,T=500",truth,0,2,1.5849625007211563,fractal,1.331,1.9115,1.8315000000000001,1.873,0.8397675020036097,1.2060222239518408,1.1555478436661244,1.1817314284393396
E10,l96_10,"V=5000,T=500",cbow,100,1,6.553599610725433,flow,7.714,7.8345,7.785500000000001,10.01,1.1770630581971302,1.195449900109595,1.1879730930248584,1.5274048758819383
E10,l96_10,"V=5000,T=500",cbow,100,2,6.553599610725433,flow,6.73,9.103,7.198,12.21,1.026916564903641,1.389007650864464,1.0983277019578614,1.8630982551966502
E10,l96_10,"V=5000,T=500",cbow,10,1,6.553599610725433,flow,6.897,7.085,6.9295,7.295,1.0523987441516214,1.0810852692930604,1.0573578508914978,1.1131287282276465
E10,l96_10,"V=5000,T=500",cbow,10,2,6.553599610725433,flow,6.166,8.5855,6.464,12.1,0.940856989479324,1.3100434127756626,0.9863281835864985,1.8463135862309146
E10,l96_10,"V=5000,T=500",cbow,15,1,6.553599610725433,flow,7.448,7.415,7.4745,8.749,1.1364746768799878,1.131439276190267,1.140518256221733,1.3349915343747332
E10,l96_10,"V=5000,T=500",cbow,15,2,6.553599610725433,flow,6.591,8.779,7.2105,12.89,1.0057068468469388,1.3395691713653883,1.1002350507039678,1.966858026984834
E10,l96_10,"V=5000,T=500",cbow,30,1,6.553599610725433,flow,7.647,8.416,7.6835,10.03,1.1668396689180003,1.2841797637784609,1.1724091272566308,1.5304566338757084
E10,l96_10,"V=5000,T=500",cbow,30,2,6.553599610725433,flow,6.647,8.993500000000001,7.0815,12.51,1.014251769229495,1.3722992758485728,1.0805512116441505,1.9088746251032018
E10,l96_10,"V=5000,T=500",cbow,50,1,6.553599610725433,flow,7.703,8.709,7.7715,10.11,1.1753845913005567,1.328888018387193,1.1858368624292193,1.5426636658507888
E10,l96_10,"V=5000,T=500",cbow,50,2,6.553599610725433,flow,6.83,9.104,7.474,12.21,1.0421753548724915,1.3891602387641524,1.1404419622718889,1.8630982551966502
E10,l96_10,"V=5000,T=500",cbow,5,1,6.553599610725433,flow,4.253,4.295999999999999,4.2445,3.935,0.6489563373752132,0.6555176170618189,0.647659340227861,0.6004333852742685
E10,l96_10,"V=5000,T=500",cbow,5,2,6.553599610725433,flow,5.659,6.6850000000000005,5.708,7.484,0.8634949243372516,1.0200501094176582,0.8709717314219885,1.141967841268774
E10,l96_10,"V=5000,T=500",svd,100,1,6.553599610725433,flow,15.71,,15.41,21.98,2.3971559041064188,,2.351379534199867,3.3538820351533474
E10,l96_10,"V=5000,T=500",svd,100,2,6.553599610725433,flow,12.09,,11.06,24.81,1.8447877072340295,,1.687622170554869,3.785705791271817
E10,l96_10,"V=5000,T=500",svd,10,1,6.553599610725433,flow,8.62,8.353,8.536999999999999,7.559,1.3153076953149159,1.274566726098085,1.30264289964077,1.1534119337454118
E10,l96_10,"V=5000,T=500",svd,10,2,6.553599610725433,flow,9.546,11.39,9.8995,11.55,1.4566040904264719,1.7379761774520759,1.5105439129663585,1.7623902414022368
E10,l96_10,"V=5000,T=500",svd,15,1,6.553599610725433,flow,10.84,10.2185,10.843499999999999,10.01,1.6540528326233979,1.5592194529669918,1.6545868902723073,1.5274048758819383
E10,l96_10,"V=5000,T=500",svd,15,2,6.553599610725433,flow,9.601,12.285,10.577,13.81,1.46499642490934,1.874542347673288,1.613922215005321,2.1072388946982588
E10,l96_10,"V=5000,T=500",svd,30,1,6.553599610725433,flow,13.78,13.52,13.64,13.25,2.1026612577076036,2.062988403788592,2.081298951751213,2.0217896708726957
E10,l96_10,"V=5000,T=500",svd,30,2,6.553599610725433,flow,9.817,,10.870000000000001,17.29,1.497955411242057,,1.6586304696140532,2.638244785614257
E10,l96_10,"V=5000,T=500",svd,50,1,6.553599610725433,flow,14.17,15.445,14.059999999999999,16.01,2.1621705385861207,2.356720110688965,2.1453858696203847,2.442932274012971
E10,l96_10,"V=5000,T=500",svd,50,2,6.553599610725433,flow,10.53,,10.89,20.22,1.6067505837199612,,1.6616822276078231,3.0853273317015777
E10,l96_10,"V=5000,T=500",svd,5,1,6.553599610725433,flow,4.906,4.9245,4.8995,3.622,0.7485962358718071,0.7514191120160445,0.7476044145238319,0.5526733726717663
E10,l96_10,"V=5000,T=500",svd,5,2,6.553599610725433,flow,7.241,7.7945,7.336,7.009,1.1048889816444671,1.1893463841220548,1.1193848321148752,1.069488588916734
E10,l96_10,"V=5000,T=500",truth,0,1,6.553599610725433,flow,6.262,6.1985,6.1585,7.046,0.9555054278494204,0.9458160962192004,0.9397125802316602,1.0751343412052086
E10,l96_10,"V=5000,T=500",truth,0,2,6.553599610725433,flow,6.203,8.2315,6.4045000000000005,6.84,0.9465027417677987,1.2560272962859318,0.9772492035550325,1.0437012338693765
E10,l96_6,"V=5000,T=500",cbow,100,1,4.043223192398322,flow,5.088,5.2335,5.243,8.676,1.258401962465482,1.2943881034911753,1.296737714073609,2.1458127803361875
E10,l96_6,"V=5000,T=500",cbow,100,2,4.043223192398322,flow,5.029,6.606,5.4935,9.077,1.2438096441114208,1.6338450007953957,1.3586932352209367,2.244991079657858
E10,l96_6,"V=5000,T=500",cbow,10,1,4.043223192398322,flow,4.904,5.239,4.969,6.956,1.2128937153951893,1.2957484043546894,1.2289699983276299,1.7204096012008439
E10,l96_6,"V=5000,T=500",cbow,10,2,4.043223192398322,flow,4.866,6.4405,5.321,8.075,1.203495273065455,1.5929123111751056,1.3160292535925373,1.9971689950685467
E10,l96_6,"V=5000,T=500",cbow,15,1,4.043223192398322,flow,5.048,5.202500000000001,5.153,7.694,1.248508865276288,1.28672095316955,1.2744782453979222,1.9029372443414738
E10,l96_6,"V=5000,T=500",cbow,15,2,4.043223192398322,flow,4.962,6.449,5.4625,10.95,1.2272387063195207,1.5950145943278091,1.3510260848993112,2.7082353555418686
E10,l96_6,"V=5000,T=500",cbow,30,1,4.043223192398322,flow,5.096,5.197,5.2095,8.731,1.260380581903321,1.2853606523060357,1.288452245177659,2.1594157889713292
E10,l96_6,"V=5000,T=500",cbow,30,2,4.043223192398322,flow,5.096,6.372,5.457,10.48,1.260380581903321,1.5759703822386106,1.349665784035797,2.591991463568839
E10,l96_6,"V=5000,T=500",cbow,50,1,4.043223192398322,flow,5.144,5.1754999999999995,5.261,8.826,1.2722522985303537,1.2800431125668439,1.3011896078087462,2.1829118947956654
E10,l96_6,"V=5000,T=500",cbow,50,2,4.043223192398322,flow,5.039,6.5440000000000005,5.377,9.614,1.2462829184087192,1.6185107001521453,1.329879589657409,2.377805909422788
E10,l96_6,"V=5000,T=500",cbow,5,1,4.043223192398322,flow,4.155,4.164,4.1905,3.954,1.027645470527531,1.0298714173950996,1.0364255942829408,0.977932657151831
E10,l96_6,"V=5000,T=500",cbow,5,2,4.043223192398322,flow,4.538,5.795999999999999,4.856999999999999,3.915,1.122371876114064,1.4335097827142165,1.2012693261978862,0.9682868873923668
E10,l96_6,"V=5000,T=500",svd,100,1,4.043223192398322,flow,9.326,8.8865,9.4025,12.91,2.306575609660591,2.1978752042943213,2.325496158034924,3.192997117812377
E10,l96_6,"V=5000,T=500",svd,100,2,4.043223192398322,flow,9.068,11.649999999999999,9.590499999999999,16.43,2.242765132790289,2.881364556352764,2.3719937148241357,4.063589670461452
E10,l96_6,"V=5000,T=500",svd,10,1,4.043223192398322,flow,6.619,6.0885,6.6935,5.962,1.6370602573818838,1.505853055910198,1.6554861508967578,1.4745661360493718
E10,l96_6,"V=5000,T=500",svd,10,2,4.043223192398322,flow,7.28,8.273,7.8149999999999995,9.713,1.8005436884333155,2.0461398261550574,1.9328638633387856,2.402291324966043
E10,l96_6,"V=5000,T=500",svd,15,1,4.043223192398322,flow,7.368,6.681,7.3515,7.487,1.8223085022495424,1.6523945580251347,1.8182275996589996,1.8517404663873946
E10,l96_6,"V=5000,T=500",svd,15,2,4.043223192398322,flow,7.364,9.0615,7.938000000000001,11.11,1.821319192530623,2.2411575044970453,1.9632851371955575,2.747807744298645
E10,l96_6,"V=5000,T=500",svd,30,1,4.043223192398322,flow,7.904,7.416499999999999,7.9535,8.998,1.9548760045847424,1.83430388259144,1.96711871235637,2.2254522127091994
E10,l96_6,"V=5000,T=500",svd,30,2,4.043223192398322,flow,7.846,9.878499999999999,8.3465,13.0,1.940531013660411,2.443224014586333,2.0643183922402017,3.215256586488063
E10,l96_6,"V=5000,T=500",svd,50,1,4.043223192398322,flow,8.342,7.93,8.4535,10.15,2.0632054188064175,1.9613065177577185,2.0907824272212956,2.510373411757988
E10,l96_6,"V=5000,T=500",svd,50,2,4.043223192398322,flow,8.035,10.325,8.6085,14.97,1.987275897879353,2.5536557119607117,2.1291181788294224,3.7024916230558698
E10,l96_6,"V=5000,T=500",svd,5,1,4.043223192398322,flow,4.759,4.297000000000001,4.729,3.16,1.177031238084361,1.06276596554917,1.1696114151924655,0.7815546779463293
E10,l96_6,"V=5000,T=500",svd,5,2,4.043223192398322,flow,6.684,6.504,6.6525,6.072,1.6531365403143243,1.6086176029629509,1.645345726277834,1.5017721533196555
E10,l96_6,"V=5000,T=500",truth,0,1,4.043223192398322,flow,3.779,3.888,3.7805,4.622,0.934650356949107,0.9616090467896607,0.9350213480937017,1.1431473802113714
E10,l96_6,"V=5000,T=500",truth,0,2,4.043223192398322,flow,4.255,5.1395,4.5120000000000005,4.522,1.052378213500516,1.2711393250965692,1.115941362941088,1.1184146372383863
E10,lorenz,"V=10000,T=500",cbow,15,1,2.06,flow,4.192,4.126,4.0565,7.923,2.03495145631068,2.0029126213592234,1.9691747572815532,3.846116504854369
E10,lorenz,"V=10000,T=500",cbow,15,2,2.06,flow,3.617,4.8925,3.9395000000000002,9.503,1.7558252427184466,2.375,1.9123786407766992,4.613106796116504
E10,lorenz,"V=10000,T=500",cbow,30,1,2.06,flow,4.227,4.0915,4.1405,8.116,2.0519417475728154,1.9861650485436892,2.0099514563106795,3.9398058252427184
E10,lorenz,"V=10000,T=500",cbow,30,2,2.06,flow,3.605,4.8605,3.9715,9.255,1.75,2.3594660194174755,1.9279126213592233,4.492718446601942
E10,lorenz,"V=10000,T=500",truth,0,1,2.06,flow,2.049,2.105,2.026,1.924,0.9946601941747573,1.0218446601941746,0.9834951456310679,0.9339805825242717
E10,lorenz,"V=10000,T=500",truth,0,2,2.06,flow,2.444,2.4405,2.5629999999999997,1.925,1.1864077669902913,1.1847087378640777,1.2441747572815531,0.9344660194174758
E10,lorenz,"V=1000,T=500",cbow,15,1,2.06,flow,3.669,,3.79,6.513,1.7810679611650486,,1.8398058252427185,3.161650485436893
E10,lorenz,"V=1000,T=500",cbow,15,2,2.06,flow,3.284,3.8600000000000003,3.3674999999999997,8.344,1.5941747572815532,1.8737864077669903,1.6347087378640774,4.0504854368932035
E10,lorenz,"V=1000,T=500",cbow,30,1,2.06,flow,4.322,,4.459,7.33,2.0980582524271845,,2.164563106796116,3.558252427184466
E10,lorenz,"V=1000,T=500",cbow,30,2,2.06,flow,3.534,,3.6285,9.157,1.715533980582524,,1.7614077669902912,4.445145631067961
E10,lorenz,"V=1000,T=500",truth,0,1,2.06,flow,2.212,2.25,2.2155,1.929,1.0737864077669903,1.0922330097087378,1.0754854368932039,0.9364077669902913
E10,lorenz,"V=1000,T=500",truth,0,2,2.06,flow,2.155,2.8275,2.1695,1.919,1.0461165048543688,1.3725728155339807,1.0531553398058253,0.9315533980582524
E10,lorenz,"V=20000,T=500",cbow,15,1,2.06,flow,4.232,4.649,4.2105,8.219,2.054368932038835,2.2567961165048542,2.043932038834951,3.989805825242718
E10,lorenz,"V=20000,T=500",cbow,15,2,2.06,flow,4.214,5.33,4.382,10.26,2.0456310679611653,2.587378640776699,2.1271844660194175,4.980582524271845
E10,lorenz,"V=20000,T=500",cbow,30,1,2.06,flow,4.199,4.5,4.2425,8.485,2.0383495145631065,2.1844660194174756,2.0594660194174756,4.118932038834951
E10,lorenz,"V=20000,T=500",cbow,30,2,2.06,flow,4.165,5.105,4.3385,9.746,2.0218446601941746,2.4781553398058254,2.1060679611650484,4.731067961165048
E10,lorenz,"V=20000,T=500",truth,0,1,2.06,flow,2.014,2.1045,2.0165,1.922,0.9776699029126212,1.0216019417475728,0.9788834951456311,0.933009708737864
E10,lorenz,"V=20000,T=500",truth,0,2,2.06,flow,2.534,2.3360000000000003,2.49,1.923,1.2300970873786405,1.133980582524272,1.20873786407767,0.933495145631068
E10,lorenz,"V=2000,T=500",cbow,15,1,2.06,flow,3.716,3.634,3.8705,6.644,1.803883495145631,1.7640776699029126,1.878883495145631,3.225242718446602
E10,lorenz,"V=2000,T=500",cbow,15,2,2.06,flow,3.208,3.815,3.343,7.596,1.5572815533980584,1.8519417475728155,1.6228155339805825,3.687378640776699
E10,lorenz,"V=2000,T=500",cbow,30,1,2.06,flow,3.956,3.888,4.1185,7.128,1.920388349514563,1.887378640776699,1.9992718446601943,3.4601941747572815
E10,lorenz,"V=2000,T=500",cbow,30,2,2.06,flow,3.295,3.9465,3.398,8.543,1.599514563106796,1.915776699029126,1.6495145631067962,4.1470873786407765
E10,lorenz,"V=2000,T=500",truth,0,1,2.06,flow,2.089,2.035,2.0815,1.921,1.0140776699029126,0.9878640776699029,1.0104368932038836,0.9325242718446601
E10,lorenz,"V=2000,T=500",truth,0,2,2.06,flow,2.161,2.6995,2.2555,1.911,1.0490291262135922,1.3104368932038835,1.0949029126213592,0.9276699029126213
E10,lorenz,"V=5000,T=100",cbow,15,1,2.06,flow,3.701,3.8200000000000003,3.856,7.063,1.7966019417475727,1.854368932038835,1.8718446601941747,3.428640776699029
E10,lorenz,"V=5000,T=100",truth,0,1,2.06,flow,2.065,2.1310000000000002,2.0785,1.928,1.0024271844660193,1.0344660194174757,1.008980582524272,0.9359223300970874
E10,lorenz,"V=5000,T=100",truth,0,2,2.06,flow,2.296,2.621,2.5484999999999998,1.923,1.1145631067961164,1.2723300970873785,1.2371359223300968,0.933495145631068
E10,lorenz,"V=5000,T=500",cbow,100,1,2.06,flow,3.975,3.827,4.089,7.758,1.9296116504854368,1.8577669902912621,1.9849514563106798,3.766019417475728
E10,lorenz,"V=5000,T=500",cbow,100,2,2.06,flow,3.384,4.427,3.6225,7.856,1.6427184466019416,2.149029126213592,1.758495145631068,3.8135922330097087
E10,lorenz,"V=5000,T=500",cbow,10,1,2.06,flow,3.633,3.899,3.7335,6.582,1.7635922330097087,1.8927184466019418,1.8123786407766989,3.195145631067961
E10,lorenz,"V=5000,T=500",cbow,10,2,2.06,flow,3.079,4.159,3.457,6.409,1.4946601941747573,2.018932038834951,1.678155339805825,3.1111650485436892
E10,lorenz,"V=5000,T=500",cbow,15,1,2.06,flow,3.87,3.8855,3.953,7.623,1.8786407766990292,1.8861650485436892,1.9189320388349513,3.700485436893204
E10,lorenz,"V=5000,T=500",cbow,15,2,2.06,flow,3.21,4.2725,3.4125,8.056,1.558252427184466,2.0740291262135924,1.6565533980582525,3.910679611650485
E10,lorenz,"V=5000,T=500",cbow,30,1,2.06,flow,3.979,3.934,4.082,7.798,1.9315533980582524,1.9097087378640778,1.9815533980582523,3.7854368932038835
E10,lorenz,"V=5000,T=500",cbow,30,2,2.06,flow,3.381,4.298,3.6535,8.655,1.64126213592233,2.086407766990291,1.7735436893203884,4.201456310679611
E10,lorenz,"V=5000,T=500",cbow,50,1,2.06,flow,3.973,3.987,4.0954999999999995,7.829,1.928640776699029,1.9354368932038835,1.9881067961165046,3.8004854368932035
E10,lorenz,"V=5000,T=500",cbow,50,2,2.06,flow,3.261,4.573499999999999,3.5995,8.357,1.583009708737864,2.2201456310679606,1.7473300970873786,4.056796116504854
E10,lorenz,"V=5000,T=500",cbow,5,1,2.06,flow,3.606,3.9274999999999998,3.67,4.006,1.7504854368932037,1.9065533980582523,1.7815533980582523,1.9446601941747574
E10,lorenz,"V=5000,T=500",cbow,5,2,2.06,flow,3.116,4.4785,3.565,3.998,1.5126213592233009,2.1740291262135925,1.7305825242718447,1.9407766990291262
E10,lorenz,"V=5000,T=500",svd,100,1,2.06,flow,8.994,8.2135,8.963000000000001,11.5,4.366019417475728,3.987135922330097,4.350970873786408,5.58252427184466
E10,lorenz,"V=5000,T=500",svd,100,2,2.06,flow,10.58,12.45,10.531500000000001,14.83,5.135922330097087,6.043689320388349,5.1123786407767,7.199029126213592
E10,lorenz,"V=5000,T=500",svd,10,1,2.06,flow,5.39,4.2085,5.36,4.458,2.616504854368932,2.0429611650485437,2.6019417475728157,2.1640776699029125
E10,lorenz,"V=5000,T=500",svd,10,2,2.06,flow,6.478,5.945,6.106,7.271,3.144660194174757,2.8859223300970873,2.9640776699029123,3.5296116504854367
E10,lorenz,"V=5000,T=500",svd,15,1,2.06,flow,5.894,4.649,5.8580000000000005,5.379,2.8611650485436892,2.2567961165048542,2.8436893203883495,2.6111650485436892
E10,lorenz,"V=5000,T=500",svd,15,2,2.06,flow,6.889,6.4505,6.5615000000000006,8.334,3.3441747572815532,3.1313106796116505,3.1851941747572816,4.045631067961165
E10,lorenz,"V=5000,T=500",svd,30,1,2.06,flow,6.921,5.167,6.9175,7.483,3.3597087378640778,2.5082524271844657,3.3580097087378644,3.6325242718446598
E10,lorenz,"V=5000,T=500",svd,30,2,2.06,flow,8.186,7.808999999999999,7.7165,10.85,3.97378640776699,3.790776699029126,3.745873786407767,5.266990291262136
E10,lorenz,"V=5000,T=500",svd,50,1,2.06,flow,7.438,6.09,7.5565,9.123,3.610679611650485,2.9563106796116503,3.6682038834951456,4.428640776699028
E10,lorenz,"V=5000,T=500",svd,50,2,2.06,flow,9.208,9.660499999999999,8.786,12.65,4.469902912621359,4.689563106796116,4.26504854368932,6.140776699029126
E10,lorenz,"V=5000,T=500",svd,5,1,2.06,flow,4.3,3.5865,4.273,2.641,2.087378640776699,1.741019417475728,2.0742718446601938,1.2820388349514562
E10,lorenz,"V=5000,T=500",svd,5,2,2.06,flow,5.865,5.4335,5.7035,4.409,2.8470873786407767,2.637621359223301,2.7686893203883494,2.1402912621359222
E10,lorenz,"V=5000,T=500",truth,0,1,2.06,flow,2.015,2.0705,2.0069999999999997,1.929,0.9781553398058253,1.0050970873786407,0.974271844660194,0.9364077669902913
E10,lorenz,"V=5000,T=500",truth,0,2,2.06,flow,2.351,2.6195,2.4349999999999996,1.922,1.14126213592233,1.2716019417475728,1.1820388349514561,0.933009708737864
E10,mfgasket,"V=5000,T=500",cbow,100,1,1.5849625007211563,fractal,2.688,2.6879999999999997,2.7590000000000003,7.071,1.6959391776000776,1.6959391776000774,1.7407351901036512,4.461304287503775
E10,mfgasket,"V=5000,T=500",cbow,100,2,1.5849625007211563,fractal,3.043,3.151,3.0195,4.824,1.919919240117945,1.988059653503662,1.9050923909090154,3.0436051312287105
E10,mfgasket,"V=5000,T=500",cbow,10,1,1.5849625007211563,fractal,2.774,,2.8449999999999998,6.847,1.750199136407223,,1.794995148910796,4.319976022703769
E10,mfgasket,"V=5000,T=500",cbow,10,2,1.5849625007211563,fractal,3.024,3.6685,3.045,4.99,1.9079315748000871,2.3145658009768915,1.9211810996250878,3.1483394703215724
E10,mfgasket,"V=5000,T=500",cbow,15,1,1.5849625007211563,fractal,2.753,,2.8205,7.098,1.7369496115822223,,1.7795373699482955,4.478339390850205
E10,mfgasket,"V=5000,T=500",cbow,15,2,1.5849625007211563,fractal,3.065,3.471,3.094,4.989,1.9337996946965168,2.1899571746465285,1.952096657550089,3.1477085405680008
E10,mfgasket,"V=5000,T=500",cbow,30,1,1.5849625007211563,fractal,2.702,,2.7765,7.138,1.7047721941500777,,1.7517764607911515,4.503576580993062
E10,mfgasket,"V=5000,T=500",cbow,30,2,1.5849625007211563,fractal,3.115,3.346,3.0255,5.078,1.96534618237509,2.1110909554500963,1.9088779694304443,3.203861288635861
E10,mfgasket,"V=5000,T=500",cbow,50,1,1.5849625007211563,fractal,2.7,2.697,2.7715,7.138,1.703510334642935,1.7016175453822207,1.7486218120232941,4.503576580993062
E10,mfgasket,"V=5000,T=500",cbow,50,2,1.5849625007211563,fractal,3.11,3.414,3.149,5.029,1.9621915336072324,2.1539941786929555,1.9867977939965193,3.1729457307108593
E10,mfgasket,"V=5000,T=500",cbow,5,1,1.5849625007211563,fractal,3.03,3.27,3.011,4.605,1.9117171533215158,2.0631402941786656,1.8997294880036584,2.9054315151965615
E10,mfgasket,"V=5000,T=500",cbow,5,2,1.5849625007211563,fractal,2.857,3.7110000000000003,3.0570000000000004,3.641,1.8025663059536539,2.3413803155036788,1.9287522566679456,2.2972152327536763
E10,mfgasket,"V=5000,T=500",svd,100,1,1.5849625007211563,fractal,1.775,1.6600000000000001,1.8074999999999999,2.503,1.1199003125893368,1.0473433909286194,1.1404055295804092,1.5792171731893578
E10,mfgasket,"V=5000,T=500",svd,100,2,1.5849625007211563,fractal,2.088,2.441,2.0315000000000003,1.466,1.317381325457203,1.5400995284679273,1.281733794380416,0.9249430187357565
E10,mfgasket,"V=5000,T=500",svd,10,1,1.5849625007211563,fractal,1.72,,1.8475000000000001,0.4923,1.0851991761429067,,1.1656427197232677,0.3106067176832285
E10,mfgasket,"V=5000,T=500",svd,10,2,1.5849625007211563,fractal,2.098,,2.1115,0.4827,1.3236906229929175,,1.3322081746661323,0.3045497920489425
E10,mfgasket,"V=5000,T=500",svd,15,1,1.5849625007211563,fractal,1.619,,1.828,0.5063,1.0214752710321895,,1.1533395895286243,0.31943973423322886
E10,mfgasket,"V=5000,T=500",svd,15,2,1.5849625007211563,fractal,2.094,,2.0075000000000003,0.4938,1.3211669039786318,,1.266591480294701,0.3115531123135857
E10,mfgasket,"V=5000,T=500",svd,30,1,1.5849625007211563,fractal,1.218,1.563,1.241,0.6366,0.7684724398500351,0.9861432048321879,0.7829838241821787,0.4016498811235898
E10,mfgasket,"V=5000,T=500",svd,30,2,1.5849625007211563,fractal,1.973,,2.0115,0.5533,1.2448244037964855,,1.2691151993089864,0.3490934326510874
E10,mfgasket,"V=5000,T=500",svd,50,1,1.5849625007211563,fractal,1.299,1.4875,1.3359999999999999,0.8279,0.8195777498893231,0.9385080084375429,0.8429221507714669,0.5223467429818096
E10,mfgasket,"V=5000,T=500",svd,50,2,1.5849625007211563,fractal,1.706,,1.7355,0.6291,1.0763661595929064,,1.0949785873232643,0.3969179079718038
E10,mfgasket,"V=5000,T=500",svd,5,1,1.5849625007211563,fractal,2.671,,2.5975,0.4705,1.6852133717893625,,1.6388400349018606,0.29685244905537067
E10,mfgasket,"V=5000,T=500",svd,5,2,1.5849625007211563,fractal,3.308,,3.3445,0.463,2.087115624814381,,2.110144560819739,0.2921204759035848
E10,mfgasket,"V=5000,T=500",truth,0,1,1.5849625007211563,fractal,1.04,1.234,1.1455,1.643,0.6561669437143157,0.7785673159071784,0.7227300327161044,1.0366175851179045
E10,mfgasket,"V=5000,T=500",truth,0,2,1.5849625007211563,fractal,1.833,1.4540000000000002,1.742,1.492,1.1564942382964813,0.9173718616928992,1.0990796307214787,0.9413471923286144
E10,mftetra,"V=5000,T=500",svd,5,1,2.0,fractal,1.353,1.14,1.355,0.5324,0.6765,0.57,0.6775,0.2662
E10,mftetra,"V=5000,T=500",truth,0,1,2.0,fractal,1.083,1.7469999999999999,1.2755,2.225,0.5415,0.8734999999999999,0.63775,1.1125
E10,mftetra,"V=5000,T=500",truth,0,2,2.0,fractal,1.418,2.0625,1.6680000000000001,2.064,0.709,1.03125,0.8340000000000001,1.032
E10,rossler,"V=5000,T=500",cbow,100,1,2.013181628789655,flow,3.409,3.3735,3.5555000000000003,7.781,1.693339513558707,1.675705734523408,1.766109897464941,3.8650263288355236
E10,rossler,"V=5000,T=500",cbow,100,2,2.013181628789655,flow,3.144,3.9704999999999995,3.4295,7.654,1.5617070785064757,1.9722512580184353,1.7035224000438798,3.8019421052444544
E10,rossler,"V=5000,T=500",cbow,10,1,2.013181628789655,flow,3.367,3.716,3.503,7.429,1.6724770144183534,1.8458344477512925,1.7400317735394988,3.6901787169925595
E10,rossler,"V=5000,T=500",cbow,10,2,2.013181628789655,flow,3.099,3.991,3.3425,6.684,1.5393544008560966,1.9824341445036082,1.660307223253147,3.320117720336286
E10,rossler,"V=5000,T=500",cbow,15,1,2.013181628789655,flow,3.419,3.5825,3.541,7.802,1.6983067752587915,1.7795215040551682,1.7589073679998186,3.8754575784057006
E10,rossler,"V=5000,T=500",cbow,15,2,2.013181628789655,flow,3.128,3.925,3.4485,7.49,1.553759459786341,1.9496502172830523,1.7129601972740398,3.7204790133630734
E10,rossler,"V=5000,T=500",cbow,30,1,2.013181628789655,flow,3.44,3.5755,3.596,7.864,1.708738024828968,1.7760444208651092,1.786227307350282,3.9062546009462227
E10,rossler,"V=5000,T=500",cbow,30,2,2.013181628789655,flow,3.139,3.8705,3.3665000000000003,7.884,1.5592234476564333,1.9225786410175933,1.6722286513333493,3.916189124346391
E10,rossler,"V=5000,T=500",cbow,50,1,2.013181628789655,flow,3.423,3.323,3.5519999999999996,7.839,1.700293679938825,1.650621062937983,1.7643713558699112,3.8938364466960125
E10,rossler,"V=5000,T=500",cbow,50,2,2.013181628789655,flow,3.101,4.23,3.484,7.763,1.5403478531961134,2.101151699135621,1.7305939763093388,3.856085257775372
E10,rossler,"V=5000,T=500",cbow,5,1,2.013181628789655,flow,3.731,3.6855,3.766,4.004,1.8532853403014187,1.8306842995660357,1.8706707562517135,1.9888915847137174
E10,rossler,"V=5000,T=500",cbow,5,2,2.013181628789655,flow,3.318,4.761,3.636,3.996,1.648137432087941,2.3649132954100924,1.8060963541506188,1.9849177753536502
E10,rossler,"V=5000,T=500",svd,100,1,2.013181628789655,flow,7.024,9.0555,7.061,10.76,3.489004618139149,4.498103832511257,3.5073834864294606,5.34477358929061
E10,rossler,"V=5000,T=500",svd,100,2,2.013181628789655,flow,8.469,12.455,9.112,14.7,4.206773933801317,6.186724447454884,4.526168861116732,7.301874699123788
E10,rossler,"V=5000,T=500",svd,10,1,2.013181628789655,flow,3.843,3.1654999999999998,3.875,4.17,1.9089186713423618,1.5723866911616566,1.9248139087826313,2.0713481289351154
E10,rossler,"V=5000,T=500",svd,10,2,2.013181628789655,flow,4.84,4.532,4.6335,6.256,2.4041546628407575,2.251163002478164,2.3015807087340185,3.107518919572682
E10,rossler,"V=5000,T=500",svd,15,1,2.013181628789655,flow,4.328,3.4185,4.314500000000001,4.952,2.149830863796446,1.6980584121737872,2.143125060501333,2.459787993881701
E10,rossler,"V=5000,T=500",svd,15,2,2.013181628789655,flow,5.288,4.9195,4.985,7.417,2.6266879870045305,2.4436443933564274,2.4761799574919787,3.6842180029524583
E10,rossler,"V=5000,T=500",svd,30,1,2.013181628789655,flow,5.053,4.177,4.9745,6.618,2.509957337052551,2.0748252121251745,2.47096433270689,3.2873337931157303
E10,rossler,"V=5000,T=500",svd,30,2,2.013181628789655,flow,6.175,6.5975,6.2035,9.799,3.0672840998019995,3.2771509066305575,3.08144079564724,4.867419739912517
E10,rossler,"V=5000,T=500",svd,50,1,2.013181628789655,flow,5.667,5.275,5.6080000000000005,8.188,2.8149472054377216,2.6202305467944207,2.7856403614072254,4.0671938800289515
E10,rossler,"V=5000,T=500",svd,50,2,2.013181628789655,flow,7.098,8.9465,7.416,11.95,3.525762354719772,4.443960679980338,3.68372127678245,5.93587773160063
E10,rossler,"V=5000,T=500",svd,5,1,2.013181628789655,flow,3.404,2.9425,3.425,2.555,1.690855882708665,1.4616167552497787,1.7012871322788419,1.2691353643715158
E10,rossler,"V=5000,T=500",svd,5,2,2.013181628789655,flow,4.541,4.4725,4.465,4.217,2.2556335380082397,2.221607795362663,2.2178823490875996,2.0946942589255113
E10,rossler,"V=5000,T=500",truth,0,1,2.013181628789655,flow,1.951,1.8795000000000002,1.935,2.161,0.9691127576864293,0.9335968365308274,0.9611651389662946,1.0734252533881978
E10,rossler,"V=5000,T=500",truth,0,2,2.013181628789655,flow,2.182,2.4370000000000003,2.367,2.165,1.0838565029583747,1.210521676310522,1.1757508444099325,1.0754121580682314
E10,simplex4,"V=5000,T=500",cbow,100,1,2.321928094887362,fractal,3.35,3.3015,3.4175,7.997,1.4427664695458668,1.4218786564793071,1.4718371372158208,3.4441204349129246
E10,simplex4,"V=5000,T=500",cbow,100,2,2.321928094887362,fractal,3.464,3.5735,3.7935,7.659,1.4918635971662335,1.5390226802752702,1.6337715230514167,3.2985517582841175
E10,simplex4,"V=5000,T=500",cbow,10,1,2.321928094887362,fractal,3.542,,3.557,7.385,1.5254563686959581,,1.5319165170670592,3.180546381372008
E10,simplex4,"V=5000,T=500",cbow,10,2,2.321928094887362,fractal,3.489,4.133,3.5795000000000003,8.012,1.5026305111180684,1.7799862145173335,1.5416067396237108,3.4505805832840255
E10,simplex4,"V=5000,T=500",cbow,15,1,2.321928094887362,fractal,3.454,3.6235,3.5125,7.888,1.4875568315854997,1.5605565081789399,1.5127514102327932,3.3971766900829246
E10,simplex4,"V=5000,T=500",cbow,15,2,2.321928094887362,fractal,3.528,4.221,3.8369999999999997,8.062,1.5194268968829308,1.8178857516277922,1.6525059533276092,3.472114411187695
E10,simplex4,"V=5000,T=500",cbow,30,1,2.321928094887362,fractal,3.388,,3.4365,8.081,1.4591321787526557,,1.4800199918192154,3.4802972657910893
E10,simplex4,"V=5000,T=500",cbow,30,2,2.321928094887362,fractal,3.458,3.7409999999999997,3.6215,7.894,1.4892795378177934,1.6111610037525634,1.559695155062793,3.399760749431365
E10,simplex4,"V=5000,T=500",cbow,50,1,2.321928094887362,fractal,3.376,,3.433,8.047,1.453964060055775,,1.4785126238659583,3.4656542628165945
E10,simplex4,"V=5000,T=500",cbow,50,2,2.321928094887362,fractal,3.518,3.683,3.8390000000000004,7.736,1.5151201313021967,1.5861817633843067,1.6533673064437562,3.331713853255769
E10,simplex4,"V=5000,T=500",cbow,5,1,2.321928094887362,fractal,3.859,3.73,3.8345000000000002,4.744,1.6619808376052239,1.606423561613756,1.6514292619324258,2.043129591500177
E10,simplex4,"V=5000,T=500",cbow,5,2,2.321928094887362,fractal,3.535,4.6690000000000005,3.7880000000000003,4.017,1.5224416327894446,2.0108288496446725,1.631402801982013,1.73002773378082
E10,simplex4,"V=5000,T=500",svd,100,1,2.321928094887362,fractal,3.794,3.241,3.7975,6.034,1.6339868613304533,1.395822724715867,1.6354942292837102,2.598702351414854
E10,simplex4,"V=5000,T=500",svd,100,2,2.321928094887362,fractal,3.279,3.6365,3.4314999999999998,6.409,1.4121884339226558,1.566155303433894,1.4778666090288484,2.760206060692376
E10,simplex4,"V=5000,T=500",svd,10,1,2.321928094887362,fractal,2.765,2.58,2.8035,3.137,1.190820683072932,1.1111455198293543,1.2074017305587577,1.3510323626762342
E10,simplex4,"V=5000,T=500",svd,10,2,2.321928094887362,fractal,2.711,3.1849999999999996,2.752,3.131,1.1675641489369686,1.3717048374637568,1.1852218878179777,1.3484483033277936
E10,simplex4,"V=5000,T=500",svd,15,1,2.321928094887362,fractal,2.945,2.628,2.9435000000000002,3.837,1.2683424635261427,1.1318179946168772,1.2676964486890325,1.6525059533276094
E10,simplex4,"V=5000,T=500",svd,15,2,2.321928094887362,fractal,2.809,3.306,2.9215,3.773,1.2097704516281613,1.4238167009906375,1.2582215644114179,1.6249426536109122
E10,simplex4,"V=5000,T=500",svd,30,1,2.321928094887362,fractal,3.171,2.71,3.1585,4.217,1.3656753656507294,1.1671334723788953,1.360291908674812,1.8161630453954984
E10,simplex4,"V=5000,T=500",svd,30,2,2.321928094887362,fractal,2.945,3.274,3.0475000000000003,3.818,1.2683424635261427,1.410035051132289,1.3124868107286656,1.6443230987242148
E10,simplex4,"V=5000,T=500",svd,50,1,2.321928094887362,fractal,3.329,2.8655,3.348,5.146,1.4337222618263257,1.234103677159308,1.44190511642972,2.216261567845681
E10,simplex4,"V=5000,T=500",svd,50,2,2.321928094887362,fractal,3.02,3.3689999999999998,3.13,4.88,1.300643205381647,1.4509493241492613,1.3480176267697204,2.1017016033981584
E10,simplex4,"V=5000,T=500",svd,5,1,2.321928094887362,fractal,2.631,2.435,2.6295,1.954,1.1331100242910972,1.0486974189087122,1.1324640094539873,0.8415419944754101
E10,simplex4,"V=5000,T=500",svd,5,2,2.321928094887362,fractal,2.736,3.301,2.8415,1.968,1.1783310628888035,1.4216633182002707,1.2237674397655465,0.8475714662884376
E10,simplex4,"V=5000,T=500",truth,0,1,2.321928094887362,fractal,1.102,2.314,1.3860000000000001,2.874,0.4746055669968792,0.9965855553818316,0.5969177094897229,1.2377644279029318
E10,simplex4,"V=5000,T=500",truth,0,2,2.321928094887362,fractal,2.069,2.9655,2.623,2.867,0.8910697986538503,1.2771713329666472,1.1296646118265101,1.234749691996418
E10,simplex7,"V=5000,T=500",cbow,100,1,3.0,fractal,3.433,3.497,3.499,7.803,1.1443333333333332,1.1656666666666666,1.1663333333333334,2.601
E10,simplex7,"V=5000,T=500",cbow,100,2,3.0,fractal,3.918,4.05,4.0545,7.536,1.306,1.3499999999999999,1.3515,2.512
E10,simplex7,"V=5000,T=500",cbow,10,1,3.0,fractal,3.717,4.2255,3.7415000000000003,7.611,1.239,1.4085,1.2471666666666668,2.537
E10,simplex7,"V=5000,T=500",cbow,10,2,3.0,fractal,3.862,4.6370000000000005,4.2125,7.896,1.2873333333333334,1.5456666666666667,1.4041666666666668,2.632
E10,simplex7,"V=5000,T=500",cbow,15,1,3.0,fractal,3.54,3.919,3.6065,8.001,1.18,1.3063333333333333,1.2021666666666666,2.667
E10,simplex7,"V=5000,T=500",cbow,15,2,3.0,fractal,3.869,4.448,3.9915,7.954,1.2896666666666667,1.4826666666666668,1.3305,2.651333333333333
E10,simplex7,"V=5000,T=500",cbow,30,1,3.0,fractal,3.463,3.7655000000000003,3.537,7.986,1.1543333333333334,1.2551666666666668,1.179,2.662
E10,simplex7,"V=5000,T=500",cbow,30,2,3.0,fractal,3.932,4.2395,4.0945,8.268,1.3106666666666666,1.4131666666666665,1.3648333333333333,2.7560000000000002
E10,simplex7,"V=5000,T=500",cbow,50,1,3.0,fractal,3.442,3.557,3.5164999999999997,7.887,1.1473333333333333,1.1856666666666666,1.1721666666666666,2.629
E10,simplex7,"V=5000,T=500",cbow,50,2,3.0,fractal,3.908,4.084,4.0145,7.606,1.3026666666666666,1.3613333333333333,1.3381666666666667,2.5353333333333334
E10,simplex7,"V=5000,T=500",cbow,5,1,3.0,fractal,3.782,3.888,3.7655000000000003,4.81,1.2606666666666666,1.296,1.2551666666666668,1.6033333333333333
E10,simplex7,"V=5000,T=500",cbow,5,2,3.0,fractal,3.907,5.1105,4.047,4.871,1.3023333333333333,1.7035,1.349,1.6236666666666668
E10,simplex7,"V=5000,T=500",svd,100,1,3.0,fractal,3.588,3.2205,3.5685000000000002,5.923,1.196,1.0735,1.1895,1.9743333333333333
E10,simplex7,"V=5000,T=500",svd,100,2,3.0,fractal,3.171,3.9234999999999998,3.3805,6.63,1.057,1.3078333333333332,1.1268333333333334,2.21
E10,simplex7,"V=5000,T=500",svd,10,1,3.0,fractal,2.944,2.5105,2.9125,2.978,0.9813333333333333,0.8368333333333333,0.9708333333333333,0.9926666666666667
E10,simplex7,"V=5000,T=500",svd,10,2,3.0,fractal,2.732,3.402,2.9539999999999997,3.144,0.9106666666666667,1.1340000000000001,0.9846666666666666,1.048
E10,simplex7,"V=5000,T=500",svd,15,1,3.0,fractal,3.039,2.601,3.054,3.351,1.0130000000000001,0.867,1.018,1.117
E10,simplex7,"V=5000,T=500",svd,15,2,3.0,fractal,2.832,3.2560000000000002,3.0225,3.563,0.944,1.0853333333333335,1.0075,1.1876666666666666
E10,simplex7,"V=5000,T=500",svd,30,1,3.0,fractal,3.351,2.6775,3.338,4.588,1.117,0.8925000000000001,1.1126666666666667,1.5293333333333334
E10,simplex7,"V=5000,T=500",svd,30,2,3.0,fractal,2.981,3.5765000000000002,3.2190000000000003,5.522,0.9936666666666666,1.1921666666666668,1.0730000000000002,1.8406666666666667
E10,simplex7,"V=5000,T=500",svd,50,1,3.0,fractal,3.592,,3.568,4.937,1.1973333333333334,,1.1893333333333334,1.6456666666666668
E10,simplex7,"V=5000,T=500",svd,50,2,3.0,fractal,3.044,3.7615000000000003,3.255,5.188,1.0146666666666666,1.2538333333333334,1.085,1.7293333333333332
E10,simplex7,"V=5000,T=500",svd,5,1,3.0,fractal,2.914,2.4995000000000003,2.899,2.409,0.9713333333333334,0.8331666666666667,0.9663333333333334,0.8029999999999999
E10,simplex7,"V=5000,T=500",svd,5,2,3.0,fractal,2.784,3.2335,2.9335,3.13,0.9279999999999999,1.0778333333333332,0.9778333333333333,1.0433333333333332
E10,simplex7,"V=5000,T=500",truth,0,1,3.0,fractal,1.89,2.9675000000000002,2.0905,3.469,0.63,0.9891666666666667,0.6968333333333333,1.1563333333333332
E10,simplex7,"V=5000,T=500",truth,0,2,3.0,fractal,3.565,3.8975,3.8955,3.397,1.1883333333333332,1.2991666666666666,1.2985,1.1323333333333332
E10,sphere12,"V=5000,T=500",cbow,100,1,12.0,manifold,17.85,16.375,18.17,14.29,1.4875,1.3645833333333333,1.5141666666666669,1.1908333333333332
E10,sphere12,"V=5000,T=500",cbow,100,2,12.0,manifold,12.3,16.994999999999997,13.8,19.83,1.0250000000000001,1.4162499999999998,1.1500000000000001,1.6524999999999999
E10,sphere12,"V=5000,T=500",cbow,10,1,12.0,manifold,8.621,8.901,8.6235,9.143,0.7184166666666667,0.74175,0.718625,0.7619166666666667
E10,sphere12,"V=5000,T=500",cbow,10,2,12.0,manifold,12.24,14.01,12.205,15.86,1.02,1.1675,1.0170833333333333,1.3216666666666665
E10,sphere12,"V=5000,T=500",cbow,15,1,12.0,manifold,13.89,13.24,13.925,15.27,1.1575,1.1033333333333333,1.1604166666666667,1.2725
E10,sphere12,"V=5000,T=500",cbow,15,2,12.0,manifold,12.84,16.6,13.684999999999999,20.07,1.07,1.3833333333333335,1.1404166666666666,1.6725
E10,sphere12,"V=5000,T=500",cbow,30,1,12.0,manifold,17.22,16.215,17.38,14.29,1.4349999999999998,1.35125,1.4483333333333333,1.1908333333333332
E10,sphere12,"V=5000,T=500",cbow,30,2,12.0,manifold,12.42,16.755,13.735,19.89,1.035,1.39625,1.1445833333333333,1.6575
E10,sphere12,"V=5000,T=500",cbow,50,1,12.0,manifold,18.55,17.14,18.845,14.29,1.5458333333333334,1.4283333333333335,1.5704166666666666,1.1908333333333332
E10,sphere12,"V=5000,T=500",cbow,50,2,12.0,manifold,12.27,,13.64,20.04,1.0225,,1.1366666666666667,1.67
E10,sphere12,"V=5000,T=500",cbow,5,1,12.0,manifold,4.131,4.098,4.096,3.996,0.34425,0.34149999999999997,0.3413333333333333,0.333
E10,sphere12,"V=5000,T=500",cbow,5,2,12.0,manifold,7.356,7.6625,7.455,7.967,0.613,0.6385416666666667,0.62125,0.6639166666666666
E10,sphere12,"V=5000,T=500",svd,100,1,12.0,manifold,50.69,43.58,48.480000000000004,,4.224166666666666,3.6316666666666664,4.04,
E10,sphere12,"V=5000,T=500",svd,100,2,12.0,manifold,14.55,,11.25,36.9,1.2125000000000001,,0.9375,3.0749999999999997
E10,sphere12,"V=5000,T=500",svd,10,1,12.0,manifold,9.002,9.013,9.082,9.041,0.7501666666666668,0.7510833333333333,0.7568333333333334,0.7534166666666667
E10,sphere12,"V=5000,T=500",svd,10,2,12.0,manifold,12.42,14.815,12.645,15.84,1.035,1.2345833333333334,1.05375,1.32
E10,sphere12,"V=5000,T=500",svd,15,1,12.0,manifold,12.96,12.945,12.975,13.92,1.08,1.07875,1.08125,1.16
E10,sphere12,"V=5000,T=500",svd,15,2,12.0,manifold,12.97,17.205,14.245,18.86,1.0808333333333333,1.4337499999999999,1.1870833333333333,1.5716666666666665
E10,sphere12,"V=5000,T=500",svd,30,1,12.0,manifold,22.19,21.52,22.235,27.46,1.8491666666666668,1.7933333333333332,1.8529166666666665,2.2883333333333336
E10,sphere12,"V=5000,T=500",svd,30,2,12.0,manifold,12.01,,12.719999999999999,25.21,1.0008333333333332,,1.0599999999999998,2.1008333333333336
E10,sphere12,"V=5000,T=500",svd,50,1,12.0,manifold,32.67,30.9,32.425,48.46,2.7225,2.5749999999999997,2.702083333333333,4.038333333333333
E10,sphere12,"V=5000,T=500",svd,50,2,12.0,manifold,12.12,,11.5,29.76,1.01,,0.9583333333333334,2.48
E10,sphere12,"V=5000,T=500",svd,5,1,12.0,manifold,4.424,4.5555,4.462999999999999,3.993,0.3686666666666667,0.37962500000000005,0.3719166666666666,0.33275
E10,sphere12,"V=5000,T=500",svd,5,2,12.0,manifold,7.564,8.4185,7.682,7.958,0.6303333333333333,0.7015416666666666,0.6401666666666667,0.6631666666666667
E10,sphere12,"V=5000,T=500",truth,0,1,12.0,manifold,11.15,11.395,11.26,13.11,0.9291666666666667,0.9495833333333333,0.9383333333333334,1.0925
E10,sphere12,"V=5000,T=500",truth,0,2,12.0,manifold,12.59,15.7,13.870000000000001,20.04,1.0491666666666666,1.3083333333333333,1.1558333333333335,1.67
E10,sphere4,"V=10000,T=500",cbow,15,1,4.0,manifold,7.536,6.0995,6.880000000000001,7.701,1.884,1.524875,1.7200000000000002,1.92525
E10,sphere4,"V=10000,T=500",cbow,15,2,4.0,manifold,6.729,7.5625,7.1195,7.553,1.68225,1.890625,1.779875,1.88825
E10,sphere4,"V=10000,T=500",cbow,30,1,4.0,manifold,7.869,6.447,7.186,8.932,1.96725,1.61175,1.7965,2.233
E10,sphere4,"V=10000,T=500",cbow,30,2,4.0,manifold,6.871,7.4990000000000006,6.9025,8.143,1.71775,1.8747500000000001,1.725625,2.03575
E10,sphere4,"V=10000,T=500",truth,0,1,4.0,manifold,4.058,4.027,3.9829999999999997,4.993,1.0145,1.00675,0.9957499999999999,1.24825
E10,sphere4,"V=10000,T=500",truth,0,2,4.0,manifold,5.913,6.1625,6.2059999999999995,4.986,1.47825,1.540625,1.5514999999999999,1.2465
E10,sphere4,"V=1000,T=500",cbow,15,1,4.0,manifold,8.617,,8.837,8.048,2.15425,,2.20925,2.012
E10,sphere4,"V=1000,T=500",cbow,15,2,4.0,manifold,6.357,7.115,6.640499999999999,12.15,1.58925,1.77875,1.6601249999999999,3.0375
E10,sphere4,"V=1000,T=500",cbow,30,1,4.0,manifold,9.362,7.250500000000001,9.711500000000001,10.22,2.3405,1.8126250000000002,2.4278750000000002,2.555
E10,sphere4,"V=1000,T=500",cbow,30,2,4.0,manifold,6.692,7.3545,6.654,13.45,1.673,1.838625,1.6635,3.3625
E10,sphere4,"V=1000,T=500",truth,0,1,4.0,manifold,4.048,4.0535,3.9575,5.041,1.012,1.013375,0.989375,1.26025
E10,sphere4,"V=1000,T=500",truth,0,2,4.0,manifold,4.809,5.989,4.9879999999999995,8.989,1.20225,1.49725,1.2469999999999999,2.24725
E10,sphere4,"V=20000,T=500",cbow,15,1,4.0,manifold,6.372,6.0255,6.317,8.508,1.593,1.506375,1.57925,2.127
E10,sphere4,"V=20000,T=500",cbow,15,2,4.0,manifold,6.836,7.4055,6.8855,8.282,1.709,1.851375,1.721375,2.0705
E10,sphere4,"V=20000,T=500",cbow,30,1,4.0,manifold,6.498,5.9399999999999995,6.02,8.949,1.6245,1.4849999999999999,1.505,2.23725
E10,sphere4,"V=20000,T=500",cbow,30,2,4.0,manifold,6.921,7.4535,7.1685,9.181,1.73025,1.863375,1.792125,2.29525
E10,sphere4,"V=20000,T=500",truth,0,1,4.0,manifold,4.039,4.0105,4.194,4.991,1.00975,1.002625,1.0485,1.24775
E10,sphere4,"V=20000,T=500",truth,0,2,4.0,manifold,6.145,5.7575,5.8605,4.992,1.53625,1.439375,1.465125,1.248
E10,sphere4,"V=2000,T=500",cbow,15,1,4.0,manifold,8.598,6.576,8.753499999999999,7.812,2.1495,1.644,2.1883749999999997,1.953
E10,sphere4,"V=2000,T=500",cbow,15,2,4.0,manifold,6.274,7.433,6.6765,12.61,1.5685,1.85825,1.669125,3.1525
E10,sphere4,"V=2000,T=500",cbow,30,1,4.0,manifold,9.122,7.2295,9.1715,9.333,2.2805,1.807375,2.292875,2.33325
E10,sphere4,"V=2000,T=500",cbow,30,2,4.0,manifold,6.438,7.572,6.987500000000001,12.97,1.6095,1.893,1.7468750000000002,3.2425
E10,sphere4,"V=2000,T=500",truth,0,1,4.0,manifold,4.185,4.3469999999999995,4.196,5.004,1.04625,1.0867499999999999,1.049,1.251
E10,sphere4,"V=2000,T=500",truth,0,2,4.0,manifold,5.094,6.2515,5.306,4.958,1.2735,1.562875,1.3265,1.2395
E10,sphere4,"V=5000,T=100",cbow,15,1,4.0,manifold,6.841,5.920999999999999,6.9075,7.793,1.71025,1.4802499999999998,1.726875,1.94825
E10,sphere4,"V=5000,T=100",cbow,15,2,4.0,manifold,5.933,7.2780000000000005,6.561,6.881,1.48325,1.8195000000000001,1.64025,1.72025
E10,sphere4,"V=5000,T=100",truth,0,1,4.0,manifold,4.01,4.055,4.006,4.988,1.0025,1.01375,1.0015,1.247
E10,sphere4,"V=5000,T=100",truth,0,2,4.0,manifold,5.373,6.116,5.543,4.983,1.34325,1.529,1.38575,1.24575
E10,sphere4,"V=5000,T=500",cbow,100,1,4.0,manifold,8.456,6.241,8.5745,8.786,2.114,1.56025,2.143625,2.1965
E10,sphere4,"V=5000,T=500",cbow,100,2,4.0,manifold,6.343,7.6075,7.2635000000000005,9.946,1.58575,1.901875,1.8158750000000001,2.4865
E10,sphere4,"V=5000,T=500",cbow,10,1,4.0,manifold,7.677,5.93,7.747,6.868,1.91925,1.4825,1.93675,1.717
E10,sphere4,"V=5000,T=500",cbow,10,2,4.0,manifold,6.357,7.4275,6.6865000000000006,6.704,1.58925,1.856875,1.6716250000000001,1.676
E10,sphere4,"V=5000,T=500",cbow,15,1,4.0,manifold,7.866,6.176,7.993500000000001,7.67,1.9665,1.544,1.9983750000000002,1.9175
E10,sphere4,"V=5000,T=500",cbow,15,2,4.0,manifold,6.499,7.5809999999999995,6.7379999999999995,8.074,1.62475,1.8952499999999999,1.6844999999999999,2.0185
E10,sphere4,"V=5000,T=500",cbow,30,1,4.0,manifold,8.316,6.675,8.4465,8.535,2.079,1.66875,2.111625,2.13375
E10,sphere4,"V=5000,T=500",cbow,30,2,4.0,manifold,6.574,7.725999999999999,7.0915,10.68,1.6435,1.9314999999999998,1.772875,2.67
E10,sphere4,"V=5000,T=500",cbow,50,1,4.0,manifold,8.459,6.573,8.533999999999999,8.617,2.11475,1.64325,2.1334999999999997,2.15425
E10,sphere4,"V=5000,T=500",cbow,50,2,4.0,manifold,6.554,7.5504999999999995,6.9079999999999995,10.61,1.6385,1.8876249999999999,1.7269999999999999,2.6525
E10,sphere4,"V=5000,T=500",cbow,5,1,4.0,manifold,3.963,4.098,3.936,3.991,0.99075,1.0245,0.984,0.99775
E10,sphere4,"V=5000,T=500",cbow,5,2,4.0,manifold,5.954,6.4145,5.9395,3.989,1.4885,1.603625,1.484875,0.99725
E10,sphere4,"V=5000,T=500",svd,100,1,4.0,manifold,21.72,21.99,22.035,33.85,5.43,5.4975,5.50875,8.4625
E10,sphere4,"V=5000,T=500",svd,100,2,4.0,manifold,10.01,,9.0145,24.88,2.5025,,2.253625,6.22
E10,sphere4,"V=5000,T=500",svd,10,1,4.0,manifold,8.302,8.271,8.213000000000001,7.301,2.0755,2.06775,2.0532500000000002,1.82525
E10,sphere4,"V=5000,T=500",svd,10,2,4.0,manifold,7.213,9.182500000000001,8.003,12.6,1.80325,2.2956250000000002,2.00075,3.15
E10,sphere4,"V=5000,T=500",svd,15,1,4.0,manifold,10.78,10.350999999999999,10.915,9.836,2.695,2.5877499999999998,2.72875,2.459
E10,sphere4,"V=5000,T=500",svd,15,2,4.0,manifold,7.463,9.825500000000002,8.381,14.59,1.86575,2.4563750000000004,2.09525,3.6475
E10,sphere4,"V=5000,T=500",svd,30,1,4.0,manifold,15.11,14.215,15.355,15.61,3.7775,3.55375,3.83875,3.9025
E10,sphere4,"V=5000,T=500",svd,30,2,4.0,manifold,8.062,,8.597999999999999,17.32,2.0155,,2.1494999999999997,4.33
E10,sphere4,"V=5000,T=500",svd,50,1,4.0,manifold,17.83,16.385,18.11,21.66,4.4575,4.09625,4.5275,5.415
E10,sphere4,"V=5000,T=500",svd,50,2,4.0,manifold,8.758,,8.8535,20.2,2.1895,,2.213375,5.05
E10,sphere4,"V=5000,T=500",svd,5,1,4.0,manifold,4.748,4.6395,4.862,3.946,1.187,1.159875,1.2155,0.9865
E10,sphere4,"V=5000,T=500",svd,5,2,4.0,manifold,6.32,7.245,6.696,7.772,1.58,1.81125,1.674,1.943
E10,sphere4,"V=5000,T=500",truth,0,1,4.0,manifold,3.917,3.9905,3.9284999999999997,4.996,0.97925,0.997625,0.9821249999999999,1.249
E10,sphere4,"V=5000,T=500",truth,0,2,4.0,manifold,5.413,6.141500000000001,5.679,4.977,1.35325,1.5353750000000002,1.41975,1.24425
E10,sphere8,"V=5000,T=500",cbow,100,1,8.0,manifold,12.53,11.045,12.66,9.786,1.56625,1.380625,1.5825,1.22325
E10,sphere8,"V=5000,T=500",cbow,100,2,8.0,manifold,10.89,13.265,11.71,16.44,1.36125,1.658125,1.46375,2.055
E10,sphere8,"V=5000,T=500",cbow,10,1,8.0,manifold,11.0,9.783999999999999,11.030000000000001,9.797,1.375,1.2229999999999999,1.3787500000000001,1.224625
E10,sphere8,"V=5000,T=500",cbow,10,2,8.0,manifold,10.7,12.370000000000001,11.15,15.93,1.3375,1.5462500000000001,1.39375,1.99125
E10,sphere8,"V=5000,T=500",cbow,15,1,8.0,manifold,11.83,10.6755,11.84,9.805,1.47875,1.3344375,1.48,1.225625
E10,sphere8,"V=5000,T=500",cbow,15,2,8.0,manifold,10.55,12.785,11.01,16.74,1.31875,1.598125,1.37625,2.0925
E10,sphere8,"V=5000,T=500",cbow,30,1,8.0,manifold,12.75,10.6155,12.745000000000001,9.572,1.59375,1.3269375,1.5931250000000001,1.1965
E10,sphere8,"V=5000,T=500",cbow,30,2,8.0,manifold,10.71,13.25,11.105,15.99,1.33875,1.65625,1.388125,1.99875
E10,sphere8,"V=5000,T=500",cbow,50,1,8.0,manifold,12.88,11.035,13.02,9.786,1.61,1.379375,1.6275,1.22325
E10,sphere8,"V=5000,T=500",cbow,50,2,8.0,manifold,10.89,13.495000000000001,11.530000000000001,16.52,1.36125,1.6868750000000001,1.4412500000000001,2.065
E10,sphere8,"V=5000,T=500",cbow,5,1,8.0,manifold,4.036,4.093,4.01,3.999,0.5045,0.511625,0.50125,0.499875
E10,sphere8,"V=5000,T=500",cbow,5,2,8.0,manifold,7.113,7.4385,7.2195,7.942,0.889125,0.9298125,0.9024375,0.99275
E10,sphere8,"V=5000,T=500",svd,100,1,8.0,manifold,49.81,50.9,49.36,,6.22625,6.3625,6.17,
E10,sphere8,"V=5000,T=500",svd,100,2,8.0,manifold,14.68,,11.875,36.25,1.835,,1.484375,4.53125
E10,sphere8,"V=5000,T=500",svd,10,1,8.0,manifold,8.935,8.901,9.0185,8.974,1.116875,1.112625,1.1273125,1.12175
E10,sphere8,"V=5000,T=500",svd,10,2,8.0,manifold,11.73,14.385000000000002,12.504999999999999,14.57,1.46625,1.7981250000000002,1.5631249999999999,1.82125
E10,sphere8,"V=5000,T=500",svd,15,1,8.0,manifold,12.99,13.565000000000001,12.945,13.97,1.62375,1.6956250000000002,1.618125,1.74625
E10,sphere8,"V=5000,T=500",svd,15,2,8.0,manifold,12.57,17.14,14.04,18.72,1.57125,2.1425,1.755,2.34
E10,sphere8,"V=5000,T=500",svd,30,1,8.0,manifold,23.36,22.795,23.18,28.62,2.92,2.849375,2.8975,3.5775
E10,sphere8,"V=5000,T=500",svd,30,2,8.0,manifold,11.61,,12.655000000000001,24.95,1.45125,,1.5818750000000001,3.11875
E10,sphere8,"V=5000,T=500",svd,50,1,8.0,manifold,33.56,35.215,33.345,49.25,4.195,4.401875,4.168125,6.15625
E10,sphere8,"V=5000,T=500",svd,50,2,8.0,manifold,12.19,,11.495000000000001,29.51,1.52375,,1.4368750000000001,3.68875
E10,sphere8,"V=5000,T=500",svd,5,1,8.0,manifold,4.58,4.642,4.6415,3.991,0.5725,0.58025,0.5801875,0.498875
E10,sphere8,"V=5000,T=500",svd,5,2,8.0,manifold,7.397,8.449,7.675000000000001,7.953,0.924625,1.056125,0.9593750000000001,0.994125
E10,sphere8,"V=5000,T=500",truth,0,1,8.0,manifold,7.761,7.686,7.748,9.023,0.970125,0.96075,0.9685,1.127875
E10,sphere8,"V=5000,T=500",truth,0,2,8.0,manifold,10.43,12.16,10.5,16.18,1.30375,1.52,1.3125,2.0225
E10,sponge,"V=5000,T=500",cbow,100,1,2.7268330278608417,fractal,4.066,3.6535,4.123,8.247,1.4911070675969162,1.3398326786683064,1.5120104377034151,3.024387601198172
E10,sponge,"V=5000,T=500",cbow,100,2,2.7268330278608417,fractal,4.169,4.3260000000000005,4.4555,7.958,1.5288798241051509,1.5864557733458584,1.6339467633246583,2.91840384750031
E10,sponge,"V=5000,T=500",cbow,10,1,2.7268330278608417,fractal,4.42,4.8135,4.4405,7.916,1.6209279977320143,1.7652345966251246,1.628445876454527,2.9030013642639423
E10,sponge,"V=5000,T=500",cbow,10,2,2.7268330278608417,fractal,4.184,5.586,4.420999999999999,8.205,1.5343807109752823,2.0485302704368853,1.6212947235233561,3.008985117961805
E10,sponge,"V=5000,T=500",cbow,15,1,2.7268330278608417,fractal,4.24,4.228,4.2365,8.328,1.5549173552904392,1.550516645794334,1.5536338150207418,3.054092390296881
E10,sponge,"V=5000,T=500",cbow,15,2,2.7268330278608417,fractal,4.283,5.0615000000000006,4.422,8.344,1.570686564318149,1.8561825928779618,1.6216614493146984,3.0599600029583542
E10,sponge,"V=5000,T=500",cbow,30,1,2.7268330278608417,fractal,4.109,3.8754999999999997,4.140000000000001,8.361,1.506876276624626,1.421245804346249,1.5182447761562308,3.0661943414111703
E10,sponge,"V=5000,T=500",cbow,30,2,2.7268330278608417,fractal,4.225,4.7065,4.407500000000001,8.167,1.5494164684203076,1.7259949369515215,1.6163439253402385,2.9950495378908055
E10,sponge,"V=5000,T=500",cbow,50,1,2.7268330278608417,fractal,4.111,3.786,4.138,8.323,1.50760972820731,1.3884238460211327,1.5175113245735463,3.052258761340171
E10,sponge,"V=5000,T=500",cbow,50,2,2.7268330278608417,fractal,4.189,4.5695,4.4125,8.067,1.5362143399319927,1.6757535035376558,1.6181775542969485,2.958376958756597
E10,sponge,"V=5000,T=500",cbow,5,1,2.7268330278608417,fractal,4.14,4.1015,4.17,4.788,1.5182447761562305,1.5041258331895602,1.5292465498964931,1.7558830889459016
E10,sponge,"V=5000,T=500",cbow,5,2,2.7268330278608417,fractal,4.672,5.868,5.064500000000001,4.842,1.7133428971502196,2.151946943595353,1.857282770251988,1.7756862816783738
E10,sponge,"V=5000,T=500",svd,100,1,2.7268330278608417,fractal,3.776,3.5545,3.7515,6.491,1.3847565881077117,1.30352682532544,1.3757718062198308,2.3804171116014716
E10,sponge,"V=5000,T=500",svd,100,2,2.7268330278608417,fractal,3.733,4.1515,4.015,7.739,1.3689873790800022,1.5224621227566646,1.4724040522384698,2.838090899196393
E10,sponge,"V=5000,T=500",svd,10,1,2.7268330278608417,fractal,3.04,2.652,3.0145,3.579,1.1148464056799374,0.9725567986392086,1.1054948980007142,1.3125116072133212
E10,sponge,"V=5000,T=500",svd,10,2,2.7268330278608417,fractal,3.186,3.5255,3.323,3.495,1.1683883712158818,1.2928917773765196,1.2186298046297475,1.281706640740586
E10,sponge,"V=5000,T=500",svd,15,1,2.7268330278608417,fractal,3.153,2.7554999999999996,3.1545,4.178,1.156286420101593,1.0105129180431143,1.156836508788606,1.5321803562272298
E10,sponge,"V=5000,T=500",svd,15,2,2.7268330278608417,fractal,3.323,3.5549999999999997,3.432,4.248,1.2186298046297475,1.3037101882211108,1.2586029158860346,1.5578511616211759
E10,sponge,"V=5000,T=500",svd,30,1,2.7268330278608417,fractal,3.366,3.0435,3.343,5.031,1.234399013657457,1.1161299459496348,1.225964320456589,1.844997456242028
E10,sponge,"V=5000,T=500",svd,30,2,2.7268330278608417,fractal,3.532,3.667,3.6544999999999996,5.215,1.295275495020243,1.3447834768514244,1.3401994044596484,1.9124750018489716
E10,sponge,"V=5000,T=500",svd,50,1,2.7268330278608417,fractal,3.567,3.1995,3.5235,5.568,1.308110897717216,1.1733391693989998,1.2921583257938354,2.0419292061927274
E10,sponge,"V=5000,T=500",svd,50,2,2.7268330278608417,fractal,3.615,3.833,3.8025,6.0,1.3257137357016362,1.4056599582142106,1.394474821578277,2.200354748052508
E10,sponge,"V=5000,T=500",svd,5,1,2.7268330278608417,fractal,2.795,2.3945,2.8040000000000003,2.87,1.0249985868011267,0.8781249073686217,1.0282991189232056,1.052503021151783
E10,sponge,"V=5000,T=500",svd,5,2,2.7268330278608417,fractal,3.114,3.3434999999999997,3.2195,2.904,1.1419841142392517,1.22614768335226,1.1806736852258417,1.0649716980574138
E10,sponge,"V=5000,T=500",truth,0,1,2.7268330278608417,fractal,2.489,2.7595,2.1985,2.752,0.9127804946504487,1.0119798212084827,0.8062466522655732,1.009229377773417
E10,sponge,"V=5000,T=500",truth,0,2,2.7268330278608417,fractal,3.593,3.6515,3.6205,2.73,1.3176457682921103,1.3390992270856221,1.3277307275540176,1.001161410363891
E10,tetra,"V=5000,T=500",cbow,100,1,2.0,fractal,3.295,3.1855,3.3125,8.058,1.6475,1.59275,1.65625,4.029
E10,tetra,"V=5000,T=500",cbow,100,2,2.0,fractal,3.442,3.5789999999999997,3.5365,7.731,1.721,1.7894999999999999,1.76825,3.8655
E10,tetra,"V=5000,T=500",cbow,10,1,2.0,fractal,3.429,,3.4725,7.525,1.7145,,1.73625,3.7625
E10,tetra,"V=5000,T=500",cbow,10,2,2.0,fractal,3.311,3.9795,3.4545,8.126,1.6555,1.98975,1.72725,4.063
E10,tetra,"V=5000,T=500",cbow,15,1,2.0,fractal,3.325,,3.3914999999999997,7.987,1.6625,,1.6957499999999999,3.9935
E10,tetra,"V=5000,T=500",cbow,15,2,2.0,fractal,3.478,3.7045000000000003,3.572,8.193,1.739,1.8522500000000002,1.786,4.0965
E10,tetra,"V=5000,T=500",cbow,30,1,2.0,fractal,3.333,3.2385,3.3585,8.147,1.6665,1.61925,1.67925,4.0735
E10,tetra,"V=5000,T=500",cbow,30,2,2.0,fractal,3.326,3.433,3.5035,7.995,1.663,1.7165,1.75175,3.9975
E10,tetra,"V=5000,T=500",cbow,50,1,2.0,fractal,3.308,3.146,3.3395,8.113,1.654,1.573,1.66975,4.0565
E10,tetra,"V=5000,T=500",cbow,50,2,2.0,fractal,3.372,3.3965,3.4895,7.843,1.686,1.69825,1.74475,3.9215
E10,tetra,"V=5000,T=500",cbow,5,1,2.0,fractal,3.818,3.949,3.795,4.767,1.909,1.9745,1.8975,2.3835
E10,tetra,"V=5000,T=500",cbow,5,2,2.0,fractal,3.649,4.910500000000001,3.935,4.01,1.8245,2.4552500000000004,1.9675,2.005
E10,tetra,"V=5000,T=500",svd,100,1,2.0,fractal,3.165,2.8689999999999998,3.2110000000000003,5.938,1.5825,1.4344999999999999,1.6055000000000001,2.969
E10,tetra,"V=5000,T=500",svd,100,2,2.0,fractal,2.976,3.5380000000000003,3.2474999999999996,5.882,1.488,1.7690000000000001,1.6237499999999998,2.941
E10,tetra,"V=5000,T=500",svd,10,1,2.0,fractal,2.516,2.349,2.5355,3.189,1.258,1.1745,1.26775,1.5945
E10,tetra,"V=5000,T=500",svd,10,2,2.0,fractal,2.524,3.0795,2.7365,3.132,1.262,1.53975,1.36825,1.566
E10,tetra,"V=5000,T=500",svd,15,1,2.0,fractal,2.558,2.3655,2.5545,3.614,1.279,1.18275,1.27725,1.807
E10,tetra,"V=5000,T=500",svd,15,2,2.0,fractal,2.504,3.0685000000000002,2.6715,3.522,1.252,1.5342500000000001,1.33575,1.761
E10,tetra,"V=5000,T=500",svd,30,1,2.0,fractal,2.77,2.4775,2.8165,4.503,1.385,1.23875,1.40825,2.2515
E10,tetra,"V=5000,T=500",svd,30,2,2.0,fractal,2.701,3.1975,2.9145000000000003,4.367,1.3505,1.59875,1.4572500000000002,2.1835
E10,tetra,"V=5000,T=500",svd,50,1,2.0,fractal,2.964,2.5785,3.014,5.006,1.482,1.28925,1.507,2.503
E10,tetra,"V=5000,T=500",svd,50,2,2.0,fractal,2.79,3.2750000000000004,3.0425,4.687,1.395,1.6375000000000002,1.52125,2.3435
E10,tetra,"V=5000,T=500",svd,5,1,2.0,fractal,2.397,2.125,2.4255,2.101,1.1985,1.0625,1.21275,1.0505
E10,tetra,"V=5000,T=500",svd,5,2,2.0,fractal,2.545,2.9335,2.633,2.154,1.2725,1.46675,1.3165,1.077
E10,tetra,"V=5000,T=500",truth,0,1,2.0,fractal,0.9932,1.968,1.2375,2.432,0.4966,0.984,0.61875,1.216
E10,tetra,"V=5000,T=500",truth,0,2,2.0,fractal,1.663,2.4675000000000002,2.2015000000000002,2.407,0.8315,1.2337500000000001,1.1007500000000001,1.2035
E10,torus10,"V=5000,T=500",cbow,100,1,10.0,manifold,22.77,21.975,22.78,19.63,2.277,2.1975000000000002,2.278,1.9629999999999999
E10,torus10,"V=5000,T=500",cbow,100,2,10.0,manifold,12.33,,12.66,23.07,1.233,,1.266,2.307
E10,torus10,"V=5000,T=500",cbow,10,1,10.0,manifold,8.853,8.924,8.8355,8.949,0.8853,0.8924,0.88355,0.8949
E10,torus10,"V=5000,T=500",cbow,10,2,10.0,manifold,12.23,14.07,12.4,15.61,1.223,1.407,1.24,1.561
E10,torus10,"V=5000,T=500",cbow,15,1,10.0,manifold,12.42,12.325,12.405000000000001,13.89,1.242,1.2325,1.2405000000000002,1.389
E10,torus10,"V=5000,T=500",cbow,15,2,10.0,manifold,13.19,16.880000000000003,14.015,19.7,1.319,1.6880000000000002,1.4015,1.97
E10,torus10,"V=5000,T=500",cbow,30,1,10.0,manifold,18.73,18.555,18.705,28.21,1.873,1.8555,1.8704999999999998,2.821
E10,torus10,"V=5000,T=500",cbow,30,2,10.0,manifold,13.0,,13.75,26.78,1.3,,1.375,2.678
E10,torus10,"V=5000,T=500",cbow,50,1,10.0,manifold,22.21,20.475,22.200000000000003,33.27,2.221,2.0475000000000003,2.22,3.3270000000000004
E10,torus10,"V=5000,T=500",cbow,50,2,10.0,manifold,12.16,,12.535,25.43,1.216,,1.2535,2.543
E10,torus10,"V=5000,T=500",cbow,5,1,10.0,manifold,3.999,4.189,3.9925,3.993,0.39990000000000003,0.4189,0.39925,0.3993
E10,torus10,"V=5000,T=500",cbow,5,2,10.0,manifold,7.484,7.843500000000001,7.436999999999999,7.953,0.7484,0.7843500000000001,0.7436999999999999,0.7953
E10,torus10,"V=5000,T=500",svd,100,1,10.0,manifold,51.63,,51.135,,5.163,,5.1135,
E10,torus10,"V=5000,T=500",svd,100,2,10.0,manifold,14.48,,11.51,36.52,1.448,,1.151,3.652
E10,torus10,"V=5000,T=500",svd,10,1,10.0,manifold,8.898,9.213999999999999,8.9265,8.983,0.8897999999999999,0.9213999999999999,0.89265,0.8983000000000001
E10,torus10,"V=5000,T=500",svd,10,2,10.0,manifold,12.17,14.235,12.175,15.27,1.217,1.4235,1.2175,1.527
E10,torus10,"V=5000,T=500",svd,15,1,10.0,manifold,13.09,13.344999999999999,13.175,14.04,1.309,1.3344999999999998,1.3175000000000001,1.404
E10,torus10,"V=5000,T=500",svd,15,2,10.0,manifold,12.63,17.33,13.745000000000001,18.69,1.2630000000000001,1.7329999999999999,1.3745,1.8690000000000002
E10,torus10,"V=5000,T=500",svd,30,1,10.0,manifold,23.39,23.14,23.475,29.38,2.339,2.314,2.3475,2.9379999999999997
E10,torus10,"V=5000,T=500",svd,30,2,10.0,manifold,12.0,,12.594999999999999,24.43,1.2,,1.2594999999999998,2.443
E10,torus10,"V=5000,T=500",svd,50,1,10.0,manifold,33.76,33.41,33.575,47.99,3.376,3.3409999999999997,3.3575000000000004,4.799
E10,torus10,"V=5000,T=500",svd,50,2,10.0,manifold,12.2,,11.440000000000001,29.95,1.22,,1.1440000000000001,2.995
E10,torus10,"V=5000,T=500",svd,5,1,10.0,manifold,4.297,4.664,4.292,3.991,0.42969999999999997,0.4664,0.42919999999999997,0.3991
E10,torus10,"V=5000,T=500",svd,5,2,10.0,manifold,7.528,8.397,7.1515,7.97,0.7527999999999999,0.8397,0.7151500000000001,0.7969999999999999
E10,torus10,"V=5000,T=500",truth,0,1,10.0,manifold,11.86,13.395,11.73,16.35,1.186,1.3395,1.173,1.6350000000000002
E10,torus10,"V=5000,T=500",truth,0,2,10.0,manifold,13.81,17.465,14.475,22.48,1.381,1.7465,1.4475,2.248
E10,torus12,"V=5000,T=500",cbow,100,1,12.0,manifold,35.1,31.925,34.775000000000006,,2.9250000000000003,2.660416666666667,2.897916666666667,
E10,torus12,"V=5000,T=500",cbow,100,2,12.0,manifold,12.87,,11.68,31.41,1.0725,,0.9733333333333333,2.6175
E10,torus12,"V=5000,T=500",cbow,10,1,12.0,manifold,8.725,9.1975,8.778,9.021,0.7270833333333333,0.7664583333333334,0.7315,0.75175
E10,torus12,"V=5000,T=500",cbow,10,2,12.0,manifold,12.52,14.29,12.75,15.67,1.0433333333333332,1.1908333333333332,1.0625,1.3058333333333334
E10,torus12,"V=5000,T=500",cbow,15,1,12.0,manifold,12.8,13.165,12.815000000000001,14.02,1.0666666666666667,1.0970833333333332,1.0679166666666668,1.1683333333333332
E10,torus12,"V=5000,T=500",cbow,15,2,12.0,manifold,13.42,17.335,14.365,19.45,1.1183333333333334,1.4445833333333333,1.1970833333333333,1.6208333333333333
E10,torus12,"V=5000,T=500",cbow,30,1,12.0,manifold,22.04,20.695,22.03,29.33,1.8366666666666667,1.7245833333333334,1.8358333333333334,2.4441666666666664
E10,torus12,"V=5000,T=500",cbow,30,2,12.0,manifold,12.51,,13.245000000000001,26.75,1.0425,,1.10375,2.2291666666666665
E10,torus12,"V=5000,T=500",cbow,50,1,12.0,manifold,29.22,28.425,29.105,47.43,2.435,2.36875,2.4254166666666666,3.9525
E10,torus12,"V=5000,T=500",cbow,50,2,12.0,manifold,12.48,,12.235,31.05,1.04,,1.0195833333333333,2.5875
E10,torus12,"V=5000,T=500",cbow,5,1,12.0,manifold,4.153,4.3995,4.148,3.99,0.3460833333333333,0.366625,0.3456666666666666,0.3325
E10,torus12,"V=5000,T=500",cbow,5,2,12.0,manifold,7.479,7.936,7.402,7.961,0.62325,0.6613333333333333,0.6168333333333333,0.6634166666666667
E10,torus12,"V=5000,T=500",svd,100,1,12.0,manifold,49.6,57.84,47.935,,4.133333333333334,4.82,3.9945833333333334,
E10,torus12,"V=5000,T=500",svd,100,2,12.0,manifold,14.65,,11.045,37.04,1.2208333333333334,,0.9204166666666667,3.0866666666666664
E10,torus12,"V=5000,T=500",svd,10,1,12.0,manifold,8.748,9.2975,8.6665,8.989,0.729,0.7747916666666667,0.7222083333333332,0.7490833333333334
E10,torus12,"V=5000,T=500",svd,10,2,12.0,manifold,12.26,14.004999999999999,12.515,15.33,1.0216666666666667,1.1670833333333333,1.0429166666666667,1.2775
E10,torus12,"V=5000,T=500",svd,15,1,12.0,manifold,13.3,13.515,13.275,14.0,1.1083333333333334,1.12625,1.10625,1.1666666666666667
E10,torus12,"V=5000,T=500",svd,15,2,12.0,manifold,13.04,17.065,13.89,18.71,1.0866666666666667,1.4220833333333334,1.1575,1.5591666666666668
E10,torus12,"V=5000,T=500",svd,30,1,12.0,manifold,23.85,23.195,23.380000000000003,28.46,1.9875,1.9329166666666666,1.9483333333333335,2.3716666666666666
E10,torus12,"V=5000,T=500",svd,30,2,12.0,manifold,11.75,,12.785,24.45,0.9791666666666666,,1.0654166666666667,2.0375
E10,torus12,"V=5000,T=500",svd,50,1,12.0,manifold,34.22,33.135000000000005,33.275,48.46,2.8516666666666666,2.7612500000000004,2.7729166666666667,4.038333333333333
E10,torus12,"V=5000,T=500",svd,50,2,12.0,manifold,12.34,,11.825,30.35,1.0283333333333333,,0.9854166666666666,2.529166666666667
E10,torus12,"V=5000,T=500",svd,5,1,12.0,manifold,4.302,4.509,4.287,3.987,0.3585,0.37575000000000003,0.35725,0.33225
E10,torus12,"V=5000,T=500",svd,5,2,12.0,manifold,7.617,7.9174999999999995,7.556,7.951,0.63475,0.6597916666666667,0.6296666666666667,0.6625833333333333
E10,torus12,"V=5000,T=500",truth,0,1,12.0,manifold,14.54,15.665,14.215,19.53,1.2116666666666667,1.3054166666666667,1.1845833333333333,1.6275000000000002
E10,torus12,"V=5000,T=500",truth,0,2,12.0,manifold,13.75,,14.4,25.99,1.1458333333333333,,1.2,2.165833333333333
E10,torus2,"V=5000,T=500",cbow,100,1,2.0,manifold,5.013,3.4050000000000002,5.0455000000000005,7.804,2.5065,1.7025000000000001,2.5227500000000003,3.902
E10,torus2,"V=5000,T=500",cbow,100,2,2.0,manifold,4.139,4.1045,4.352,7.639,2.0695,2.05225,2.176,3.8195
E10,torus2,"V=5000,T=500",cbow,10,1,2.0,manifold,4.617,3.706,4.609500000000001,7.421,2.3085,1.853,2.3047500000000003,3.7105
E10,torus2,"V=5000,T=500",cbow,10,2,2.0,manifold,4.043,4.4315,4.365,6.599,2.0215,2.21575,2.1825,3.2995
E10,torus2,"V=5000,T=500",cbow,15,1,2.0,manifold,4.867,3.619,4.849500000000001,7.754,2.4335,1.8095,2.4247500000000004,3.877
E10,torus2,"V=5000,T=500",cbow,15,2,2.0,manifold,4.097,4.282,4.371499999999999,6.942,2.0485,2.141,2.1857499999999996,3.471
E10,torus2,"V=5000,T=500",cbow,30,1,2.0,manifold,5.003,3.5115,4.998,7.82,2.5015,1.75575,2.499,3.91
E10,torus2,"V=5000,T=500",cbow,30,2,2.0,manifold,4.112,4.128,4.431,7.834,2.056,2.064,2.2155,3.917
E10,torus2,"V=5000,T=500",cbow,50,1,2.0,manifold,5.024,3.454,5.0375,7.802,2.512,1.727,2.51875,3.901
E10,torus2,"V=5000,T=500",cbow,50,2,2.0,manifold,4.107,4.165,4.323499999999999,7.71,2.0535,2.0825,2.1617499999999996,3.855
E10,torus2,"V=5000,T=500",cbow,5,1,2.0,manifold,3.984,3.857,3.958,4.011,1.992,1.9285,1.979,2.0055
E10,torus2,"V=5000,T=500",cbow,5,2,2.0,manifold,4.374,5.4275,4.7065,4.0,2.187,2.71375,2.35325,2.0
E10,torus2,"V=5000,T=500",svd,100,1,2.0,manifold,6.529,5.391,6.728,8.528,3.2645,2.6955,3.364,4.264
E10,torus2,"V=5000,T=500",svd,100,2,2.0,manifold,4.863,5.5325,5.0565,11.28,2.4315,2.76625,2.52825,5.64
E10,torus2,"V=5000,T=500",svd,10,1,2.0,manifold,4.409,3.623,4.4525,4.698,2.2045,1.8115,2.22625,2.349
E10,torus2,"V=5000,T=500",svd,10,2,2.0,manifold,3.935,4.411,4.0745000000000005,3.927,1.9675,2.2055,2.0372500000000002,1.9635
E10,torus2,"V=5000,T=500",svd,15,1,2.0,manifold,4.956,3.891,5.021,5.167,2.478,1.9455,2.5105,2.5835
E10,torus2,"V=5000,T=500",svd,15,2,2.0,manifold,4.109,4.6434999999999995,4.2595,4.44,2.0545,2.3217499999999998,2.12975,2.22
E10,torus2,"V=5000,T=500",svd,30,1,2.0,manifold,5.385,4.281499999999999,5.497999999999999,6.048,2.6925,2.1407499999999997,2.7489999999999997,3.024
E10,torus2,"V=5000,T=500",svd,30,2,2.0,manifold,4.273,4.9115,4.5235,5.64,2.1365,2.45575,2.26175,2.82
E10,torus2,"V=5000,T=500",svd,50,1,2.0,manifold,5.912,4.6935,6.0969999999999995,6.597,2.956,2.34675,3.0484999999999998,3.2985
E10,torus2,"V=5000,T=500",svd,50,2,2.0,manifold,4.56,5.1315,4.817,8.725,2.28,2.56575,2.4085,4.3625
E10,torus2,"V=5000,T=500",svd,5,1,2.0,manifold,3.58,3.33,3.6535,4.212,1.79,1.665,1.82675,2.106
E10,torus2,"V=5000,T=500",svd,5,2,2.0,manifold,3.66,4.1225000000000005,3.8049999999999997,3.39,1.83,2.0612500000000002,1.9024999999999999,1.695
E10,torus2,"V=5000,T=500",truth,0,1,2.0,manifold,1.962,2.044,1.9655,3.449,0.981,1.022,0.98275,1.7245
E10,torus2,"V=5000,T=500",truth,0,2,2.0,manifold,2.819,2.9154999999999998,3.013,3.44,1.4095,1.4577499999999999,1.5065,1.72
E10,torus4,"V=10000,T=500",cbow,15,1,4.0,manifold,7.746,6.3385,7.041499999999999,7.821,1.9365,1.584625,1.7603749999999998,1.95525
E10,torus4,"V=10000,T=500",cbow,15,2,4.0,manifold,7.034,7.807499999999999,7.1615,7.65,1.7585,1.9518749999999998,1.790375,1.9125
E10,torus4,"V=10000,T=500",cbow,30,1,4.0,manifold,8.016,6.496,7.4405,8.436,2.004,1.624,1.860125,2.109
E10,torus4,"V=10000,T=500",cbow,30,2,4.0,manifold,7.174,7.945,7.221,8.162,1.7935,1.98625,1.80525,2.0405
E10,torus4,"V=10000,T=500",truth,0,1,4.0,manifold,4.149,4.1129999999999995,4.0625,6.417,1.03725,1.0282499999999999,1.015625,1.60425
E10,torus4,"V=10000,T=500",truth,0,2,4.0,manifold,6.003,6.441,6.119,6.405,1.50075,1.61025,1.52975,1.60125
E10,torus4,"V=1000,T=500",cbow,15,1,4.0,manifold,9.195,7.0195,9.2955,8.66,2.29875,1.754875,2.323875,2.165
E10,torus4,"V=1000,T=500",cbow,15,2,4.0,manifold,6.661,7.5085,7.005000000000001,12.84,1.66525,1.877125,1.7512500000000002,3.21
E10,torus4,"V=1000,T=500",cbow,30,1,4.0,manifold,9.952,7.751,10.18,10.83,2.488,1.93775,2.545,2.7075
E10,torus4,"V=1000,T=500",cbow,30,2,4.0,manifold,6.692,7.9675,7.166499999999999,13.57,1.673,1.991875,1.7916249999999998,3.3925
E10,torus4,"V=1000,T=500",truth,0,1,4.0,manifold,4.571,4.496,4.4785,6.439,1.14275,1.124,1.119625,1.60975
E10,torus4,"V=1000,T=500",truth,0,2,4.0,manifold,5.184,6.6215,5.6345,10.92,1.296,1.655375,1.408625,2.73
E10,torus4,"V=20000,T=500",cbow,15,1,4.0,manifold,6.608,5.9865,6.239,8.678,1.652,1.496625,1.55975,2.1695
E10,torus4,"V=20000,T=500",cbow,15,2,4.0,manifold,7.234,7.9975000000000005,7.138,7.834,1.8085,1.9993750000000001,1.7845,1.9585
E10,torus4,"V=20000,T=500",cbow,30,1,4.0,manifold,6.874,6.1365,6.4605,9.096,1.7185,1.534125,1.615125,2.274
E10,torus4,"V=20000,T=500",cbow,30,2,4.0,manifold,7.191,7.5975,7.462,9.333,1.79775,1.899375,1.8655,2.33325
E10,torus4,"V=20000,T=500",truth,0,1,4.0,manifold,3.985,4.1415,3.9955,6.415,0.99625,1.035375,0.998875,1.60375
E10,torus4,"V=20000,T=500",truth,0,2,4.0,manifold,6.377,6.0489999999999995,6.3134999999999994,6.418,1.59425,1.5122499999999999,1.5783749999999999,1.6045
E10,torus4,"V=2000,T=500",cbow,15,1,4.0,manifold,8.341,6.534,8.323,8.257,2.08525,1.6335,2.08075,2.06425
E10,torus4,"V=2000,T=500",cbow,15,2,4.0,manifold,6.525,7.7010000000000005,6.9185,12.24,1.63125,1.9252500000000001,1.729625,3.06
E10,torus4,"V=2000,T=500",cbow,30,1,4.0,manifold,8.942,,8.96,9.778,2.2355,,2.24,2.4445
E10,torus4,"V=2000,T=500",cbow,30,2,4.0,manifold,6.63,8.0445,7.069,13.69,1.6575,2.011125,1.76725,3.4225
E10,torus4,"V=2000,T=500",truth,0,1,4.0,manifold,3.968,4.429,4.0125,6.436,0.992,1.10725,1.003125,1.609
E10,torus4,"V=2000,T=500",truth,0,2,4.0,manifold,5.286,6.7225,5.605,11.18,1.3215,1.680625,1.40125,2.795
E10,torus4,"V=5000,T=1000",cbow,15,1,4.0,manifold,8.06,6.2989999999999995,8.174,7.984,2.015,1.5747499999999999,2.0435,1.996
E10,torus4,"V=5000,T=1000",cbow,15,2,4.0,manifold,6.848,8.1495,7.1579999999999995,12.72,1.712,2.037375,1.7894999999999999,3.18
E10,torus4,"V=5000,T=1000",cbow,30,1,4.0,manifold,8.771,6.715999999999999,8.9245,9.207,2.19275,1.6789999999999998,2.231125,2.30175
E10,torus4,"V=5000,T=1000",cbow,30,2,4.0,manifold,7.134,8.1795,7.746,13.49,1.7835,2.044875,1.9365,3.3725
E10,torus4,"V=5000,T=1000",truth,0,1,4.0,manifold,3.945,4.1715,3.917,6.416,0.98625,1.042875,0.97925,1.604
E10,torus4,"V=5000,T=1000",truth,0,2,4.0,manifold,6.092,6.7364999999999995,6.023,8.806,1.523,1.6841249999999999,1.50575,2.2015
E10,torus4,"V=5000,T=100",cbow,15,1,4.0,manifold,7.377,6.505,7.256,8.271,1.84425,1.62625,1.814,2.06775
E10,torus4,"V=5000,T=100",cbow,15,2,4.0,manifold,6.092,7.6245,6.4625,7.307,1.523,1.906125,1.615625,1.82675
E10,torus4,"V=5000,T=100",cbow,30,1,4.0,manifold,7.362,6.7595,7.3805,8.533,1.8405,1.689875,1.845125,2.13325
E10,torus4,"V=5000,T=100",cbow,30,2,4.0,manifold,6.153,7.702,6.5600000000000005,8.136,1.53825,1.9255,1.6400000000000001,2.034
E10,torus4,"V=5000,T=100",truth,0,1,4.0,manifold,3.941,4.1995000000000005,3.9349999999999996,6.414,0.98525,1.0498750000000001,0.9837499999999999,1.6035
E10,torus4,"V=5000,T=100",truth,0,2,4.0,manifold,5.891,6.4965,6.0344999999999995,6.394,1.47275,1.624125,1.5086249999999999,1.5985
E10,torus4,"V=5000,T=2000",cbow,15,1,4.0,manifold,8.7,6.195,8.795,8.026,2.175,1.54875,2.19875,2.0065
E10,torus4,"V=5000,T=2000",cbow,15,2,4.0,manifold,7.046,8.0215,7.398,13.81,1.7615,2.005375,1.8495,3.4525
E10,torus4,"V=5000,T=2000",cbow,30,1,4.0,manifold,9.059,6.564,9.2575,9.24,2.26475,1.641,2.314375,2.31
E10,torus4,"V=5000,T=2000",cbow,30,2,4.0,manifold,7.277,8.2385,7.5095,14.42,1.81925,2.059625,1.877375,3.605
E10,torus4,"V=5000,T=2000",truth,0,1,4.0,manifold,4.064,4.127,4.0440000000000005,6.411,1.016,1.03175,1.0110000000000001,1.60275
E10,torus4,"V=5000,T=2000",truth,0,2,4.0,manifold,5.868,6.884,6.199,11.37,1.467,1.721,1.54975,2.8425
E10,torus4,"V=5000,T=250",cbow,15,1,4.0,manifold,7.895,6.6325,8.0205,7.754,1.97375,1.658125,2.005125,1.9385
E10,torus4,"V=5000,T=250",cbow,15,2,4.0,manifold,6.5,7.5375,7.0675,9.529,1.625,1.884375,1.766875,2.38225
E10,torus4,"V=5000,T=250",cbow,30,1,4.0,manifold,8.193,6.6305,8.396999999999998,8.354,2.04825,1.657625,2.0992499999999996,2.0885
E10,torus4,"V=5000,T=250",cbow,30,2,4.0,manifold,6.51,7.9375,6.968500000000001,9.214,1.6275,1.984375,1.7421250000000001,2.3035
E10,torus4,"V=5000,T=250",truth,0,1,4.0,manifold,4.223,4.175,4.197,6.425,1.05575,1.04375,1.04925,1.60625
E10,torus4,"V=5000,T=250",truth,0,2,4.0,manifold,5.698,6.672000000000001,5.7995,6.412,1.4245,1.6680000000000001,1.449875,1.603
E10,torus4,"V=5000,T=500",cbow,100,1,4.0,manifold,8.737,6.5015,8.8255,8.867,2.18425,1.625375,2.206375,2.21675
E10,torus4,"V=5000,T=500",cbow,100,2,4.0,manifold,6.794,8.205,7.3205,9.928,1.6985,2.05125,1.830125,2.482
E10,torus4,"V=5000,T=500",cbow,10,1,4.0,manifold,7.631,6.1135,7.667,6.805,1.90775,1.528375,1.91675,1.70125
E10,torus4,"V=5000,T=500",cbow,10,2,4.0,manifold,6.454,7.6,6.736,10.57,1.6135,1.9,1.684,2.6425
E10,torus4,"V=5000,T=500",cbow,15,1,4.0,manifold,8.115,6.223,8.171,7.923,2.02875,1.55575,2.04275,1.98075
E10,torus4,"V=5000,T=500",cbow,15,2,4.0,manifold,6.768,7.8755,7.089,10.81,1.692,1.968875,1.77225,2.7025
E10,torus4,"V=5000,T=500",cbow,30,1,4.0,manifold,8.495,,8.602,9.047,2.12375,,2.1505,2.26175
E10,torus4,"V=5000,T=500",cbow,30,2,4.0,manifold,6.892,7.975,7.582,10.59,1.723,1.99375,1.8955,2.6475
E10,torus4,"V=5000,T=500",cbow,50,1,4.0,manifold,8.743,6.809,8.842500000000001,9.099,2.18575,1.70225,2.2106250000000003,2.27475
E10,torus4,"V=5000,T=500",cbow,50,2,4.0,manifold,6.775,7.861,7.263,10.45,1.69375,1.96525,1.81575,2.6125
E10,torus4,"V=5000,T=500",cbow,5,1,4.0,manifold,3.973,4.053,3.9795000000000003,3.968,0.99325,1.01325,0.9948750000000001,0.992
E10,torus4,"V=5000,T=500",cbow,5,2,4.0,manifold,6.279,6.599,6.4235,5.904,1.56975,1.64975,1.605875,1.476
E10,torus4,"V=5000,T=500",svd,100,1,4.0,manifold,28.32,26.59,28.425,46.71,7.08,6.6475,7.10625,11.6775
E10,torus4,"V=5000,T=500",svd,100,2,4.0,manifold,11.18,,9.4315,27.37,2.795,,2.357875,6.8425
E10,torus4,"V=5000,T=500",svd,10,1,4.0,manifold,8.612,8.959,8.704999999999998,8.377,2.153,2.23975,2.1762499999999996,2.09425
E10,torus4,"V=5000,T=500",svd,10,2,4.0,manifold,8.248,10.415,8.8215,13.84,2.062,2.60375,2.205375,3.46
E10,torus4,"V=5000,T=500",svd,15,1,4.0,manifold,11.95,11.684999999999999,11.895,11.86,2.9875,2.9212499999999997,2.97375,2.965
E10,torus4,"V=5000,T=500",svd,15,2,4.0,manifold,8.335,,8.9635,15.41,2.08375,,2.240875,3.8525
E10,torus4,"V=5000,T=500",svd,30,1,4.0,manifold,17.42,16.86,17.490000000000002,19.6,4.355,4.215,4.3725000000000005,4.9
E10,torus4,"V=5000,T=500",svd,30,2,4.0,manifold,8.776,,9.127500000000001,19.0,2.194,,2.2818750000000003,4.75
E10,torus4,"V=5000,T=500",svd,50,1,4.0,manifold,21.77,20.615000000000002,21.925,28.08,5.4425,5.1537500000000005,5.48125,7.02
E10,torus4,"V=5000,T=500",svd,50,2,4.0,manifold,9.528,,9.046500000000002,22.77,2.382,,2.2616250000000004,5.6925
E10,torus4,"V=5000,T=500",svd,5,1,4.0,manifold,4.887,4.6315,4.897,3.969,1.22175,1.157875,1.22425,0.99225
E10,torus4,"V=5000,T=500",svd,5,2,4.0,manifold,7.171,7.795999999999999,7.1445,7.854,1.79275,1.9489999999999998,1.786125,1.9635
E10,torus4,"V=5000,T=500",truth,0,1,4.0,manifold,4.061,4.2695,4.0545,6.414,1.01525,1.067375,1.013625,1.6035
E10,torus4,"V=5000,T=500",truth,0,2,4.0,manifold,5.789,6.805,6.162,6.409,1.44725,1.70125,1.5405,1.60225
E10,torus6,"V=10000,T=500",cbow,15,1,6.0,manifold,10.11,9.0595,9.285,10.31,1.6849999999999998,1.5099166666666666,1.5475,1.7183333333333335
E10,torus6,"V=10000,T=500",cbow,15,2,6.0,manifold,10.09,11.61,10.46,18.22,1.6816666666666666,1.9349999999999998,1.7433333333333334,3.0366666666666666
E10,torus6,"V=10000,T=500",cbow,30,1,6.0,manifold,10.32,8.9885,9.9535,10.34,1.72,1.4980833333333334,1.6589166666666666,1.7233333333333334
E10,torus6,"V=10000,T=500",cbow,30,2,6.0,manifold,10.25,11.915,10.84,17.76,1.7083333333333333,1.9858333333333331,1.8066666666666666,2.9600000000000004
E10,torus6,"V=10000,T=500",truth,0,1,6.0,manifold,6.244,6.526999999999999,6.1865000000000006,9.386,1.0406666666666666,1.0878333333333332,1.0310833333333334,1.5643333333333331
E10,torus6,"V=10000,T=500",truth,0,2,6.0,manifold,9.514,10.77,9.875499999999999,15.95,1.5856666666666666,1.795,1.6459166666666665,2.658333333333333
E10,torus6,"V=1000,T=500",cbow,15,1,6.0,manifold,12.69,11.059000000000001,12.545,12.52,2.1149999999999998,1.8431666666666668,2.0908333333333333,2.0866666666666664
E10,torus6,"V=1000,T=500",cbow,15,2,6.0,manifold,9.256,10.754999999999999,9.312000000000001,16.02,1.5426666666666666,1.7924999999999998,1.5520000000000003,2.67
E10,torus6,"V=1000,T=500",cbow,30,1,6.0,manifold,14.0,12.305,13.72,12.52,2.3333333333333335,2.0508333333333333,2.2866666666666666,2.0866666666666664
E10,torus6,"V=1000,T=500",cbow,30,2,6.0,manifold,9.894,11.024999999999999,10.025,16.09,1.649,1.8374999999999997,1.6708333333333334,2.6816666666666666
E10,torus6,"V=1000,T=500",truth,0,1,6.0,manifold,6.707,7.522,6.73,9.68,1.1178333333333332,1.2536666666666667,1.1216666666666668,1.6133333333333333
E10,torus6,"V=1000,T=500",truth,0,2,6.0,manifold,8.685,10.455,8.7895,14.71,1.4475,1.7425,1.4649166666666666,2.4516666666666667
E10,torus6,"V=20000,T=500",cbow,15,1,6.0,manifold,9.505,8.8205,9.237,9.957,1.5841666666666667,1.4700833333333332,1.5395,1.6595000000000002
E10,torus6,"V=20000,T=500",cbow,15,2,6.0,manifold,10.36,11.73,10.780000000000001,17.51,1.7266666666666666,1.955,1.7966666666666669,2.9183333333333334
E10,torus6,"V=20000,T=500",cbow,30,1,6.0,manifold,9.693,8.925,9.186499999999999,9.94,1.6155,1.4875,1.5310833333333331,1.6566666666666665
E10,torus6,"V=20000,T=500",cbow,30,2,6.0,manifold,10.54,11.745,10.68,18.51,1.7566666666666666,1.9574999999999998,1.78,3.0850000000000004
E10,torus6,"V=20000,T=500",truth,0,1,6.0,manifold,6.24,6.4795,6.202,9.378,1.04,1.0799166666666666,1.0336666666666667,1.563
E10,torus6,"V=20000,T=500",truth,0,2,6.0,manifold,9.746,10.535,9.6075,17.47,1.6243333333333334,1.7558333333333334,1.60125,2.9116666666666666
E10,torus6,"V=2000,T=500",cbow,15,1,6.0,manifold,10.91,9.887,11.105,11.49,1.8183333333333334,1.6478333333333335,1.8508333333333333,1.915
E10,torus6,"V=2000,T=500",cbow,15,2,6.0,manifold,9.494,11.445,9.91,16.63,1.5823333333333334,1.9075,1.6516666666666666,2.7716666666666665
E10,torus6,"V=2000,T=500",cbow,30,1,6.0,manifold,11.97,11.73,12.25,11.5,1.995,1.955,2.0416666666666665,1.9166666666666667
E10,torus6,"V=2000,T=500",cbow,30,2,6.0,manifold,9.445,12.14,10.06,16.45,1.5741666666666667,2.0233333333333334,1.6766666666666667,2.7416666666666667
E10,torus6,"V=2000,T=500",truth,0,1,6.0,manifold,6.49,6.8385,6.455,9.391,1.0816666666666668,1.13975,1.0758333333333334,1.5651666666666666
E10,torus6,"V=2000,T=500",truth,0,2,6.0,manifold,8.884,10.850000000000001,9.1015,14.58,1.4806666666666668,1.8083333333333336,1.5169166666666667,2.43
E10,torus6,"V=5000,T=1000",cbow,15,1,6.0,manifold,10.59,9.321,10.864999999999998,11.15,1.765,1.5534999999999999,1.810833333333333,1.8583333333333334
E10,torus6,"V=5000,T=1000",cbow,15,2,6.0,manifold,10.01,12.059999999999999,10.795,17.08,1.6683333333333332,2.01,1.7991666666666666,2.8466666666666662
E10,torus6,"V=5000,T=1000",cbow,30,1,6.0,manifold,11.59,10.144,11.93,14.37,1.9316666666666666,1.6906666666666668,1.9883333333333333,2.395
E10,torus6,"V=5000,T=1000",cbow,30,2,6.0,manifold,10.12,12.455,10.635000000000002,17.77,1.6866666666666665,2.075833333333333,1.7725000000000002,2.9616666666666664
E10,torus6,"V=5000,T=1000",truth,0,1,6.0,manifold,6.267,6.7765,6.253500000000001,9.347,1.0445,1.1294166666666667,1.0422500000000001,1.5578333333333332
E10,torus6,"V=5000,T=1000",truth,0,2,6.0,manifold,9.557,11.559999999999999,9.824,15.49,1.5928333333333333,1.9266666666666665,1.6373333333333333,2.5816666666666666
E10,torus6,"V=5000,T=100",cbow,15,1,6.0,manifold,10.02,9.968499999999999,10.11,10.54,1.67,1.6614166666666665,1.6849999999999998,1.7566666666666666
E10,torus6,"V=5000,T=100",cbow,15,2,6.0,manifold,8.717,11.004999999999999,9.241499999999998,15.14,1.4528333333333334,1.8341666666666665,1.5402499999999997,2.5233333333333334
E10,torus6,"V=5000,T=100",cbow,30,1,6.0,manifold,10.1,10.0015,10.184999999999999,10.56,1.6833333333333333,1.6669166666666666,1.6974999999999998,1.76
E10,torus6,"V=5000,T=100",cbow,30,2,6.0,manifold,8.903,11.14,9.5875,15.92,1.4838333333333333,1.8566666666666667,1.5979166666666667,2.6533333333333333
E10,torus6,"V=5000,T=100",truth,0,1,6.0,manifold,6.364,6.7245,6.3309999999999995,9.355,1.0606666666666666,1.12075,1.0551666666666666,1.5591666666666668
E10,torus6,"V=5000,T=100",truth,0,2,6.0,manifold,9.13,10.84,9.239,15.83,1.5216666666666667,1.8066666666666666,1.5398333333333334,2.638333333333333
E10,torus6,"V=5000,T=2000",cbow,15,1,6.0,manifold,10.94,9.2985,11.100000000000001,11.05,1.8233333333333333,1.5497500000000002,1.8500000000000003,1.8416666666666668
E10,torus6,"V=5000,T=2000",cbow,15,2,6.0,manifold,10.27,12.175,11.059999999999999,17.27,1.7116666666666667,2.029166666666667,1.843333333333333,2.8783333333333334
E10,torus6,"V=5000,T=2000",cbow,30,1,6.0,manifold,11.8,10.0545,12.004999999999999,14.37,1.9666666666666668,1.67575,2.000833333333333,2.395
E10,torus6,"V=5000,T=2000",cbow,30,2,6.0,manifold,10.58,12.565000000000001,11.649999999999999,17.47,1.7633333333333334,2.0941666666666667,1.9416666666666664,2.9116666666666666
E10,torus6,"V=5000,T=2000",truth,0,1,6.0,manifold,6.281,6.54,6.298,9.369,1.0468333333333333,1.09,1.0496666666666667,1.5614999999999999
E10,torus6,"V=5000,T=2000",truth,0,2,6.0,manifold,9.855,11.715,10.174,15.34,1.6425,1.9525,1.6956666666666667,2.5566666666666666
E10,torus6,"V=5000,T=250",cbow,15,1,6.0,manifold,10.09,9.221,10.2,10.7,1.6816666666666666,1.5368333333333333,1.7,1.7833333333333332
E10,torus6,"V=5000,T=250",cbow,15,2,6.0,manifold,9.506,11.84,10.184999999999999,17.71,1.5843333333333334,1.9733333333333334,1.6974999999999998,2.9516666666666667
E10,torus6,"V=5000,T=250",cbow,30,1,6.0,manifold,10.35,9.654499999999999,10.435,10.7,1.7249999999999999,1.6090833333333332,1.7391666666666667,1.7833333333333332
E10,torus6,"V=5000,T=250",cbow,30,2,6.0,manifold,9.289,12.059999999999999,10.185,16.69,1.5481666666666667,2.01,1.6975,2.7816666666666667
E10,torus6,"V=5000,T=250",truth,0,1,6.0,manifold,6.182,6.644,6.2165,9.354,1.0303333333333333,1.1073333333333333,1.0360833333333332,1.559
E10,torus6,"V=5000,T=250",truth,0,2,6.0,manifold,9.092,11.05,9.399999999999999,15.86,1.5153333333333334,1.8416666666666668,1.5666666666666664,2.643333333333333
E10,torus6,"V=5000,T=500",cbow,100,1,6.0,manifold,11.71,9.917,11.835,10.7,1.9516666666666669,1.6528333333333334,1.9725000000000001,1.7833333333333332
E10,torus6,"V=5000,T=500",cbow,100,2,6.0,manifold,9.8,12.21,10.597000000000001,16.56,1.6333333333333335,2.035,1.7661666666666669,2.76
E10,torus6,"V=5000,T=500",cbow,10,1,6.0,manifold,8.496,8.4845,8.579,8.72,1.4160000000000001,1.4140833333333334,1.4298333333333335,1.4533333333333334
E10,torus6,"V=5000,T=500",cbow,10,2,6.0,manifold,9.735,11.645,9.7425,15.55,1.6224999999999998,1.9408333333333332,1.62375,2.591666666666667
E10,torus6,"V=5000,T=500",cbow,15,1,6.0,manifold,10.72,9.492,10.71,10.68,1.7866666666666668,1.582,1.7850000000000001,1.78
E10,torus6,"V=5000,T=500",cbow,15,2,6.0,manifold,9.77,11.95,9.993,17.1,1.6283333333333332,1.9916666666666665,1.6655,2.85
E10,torus6,"V=5000,T=500",cbow,30,1,6.0,manifold,11.49,9.412,11.489999999999998,10.69,1.915,1.5686666666666669,1.9149999999999998,1.7816666666666665
E10,torus6,"V=5000,T=500",cbow,30,2,6.0,manifold,9.778,12.23,10.51,17.16,1.6296666666666668,2.0383333333333336,1.7516666666666667,2.86
E10,torus6,"V=5000,T=500",cbow,50,1,6.0,manifold,11.64,10.1875,11.75,10.7,1.9400000000000002,1.6979166666666667,1.9583333333333333,1.7833333333333332
E10,torus6,"V=5000,T=500",cbow,50,2,6.0,manifold,9.736,11.934999999999999,10.690000000000001,17.02,1.6226666666666667,1.9891666666666665,1.781666666666667,2.8366666666666664
E10,torus6,"V=5000,T=500",cbow,5,1,6.0,manifold,4.054,4.1850000000000005,4.075,3.981,0.6756666666666667,0.6975000000000001,0.6791666666666667,0.6635
E10,torus6,"V=5000,T=500",cbow,5,2,6.0,manifold,7.127,7.4735,7.0115,7.884,1.1878333333333333,1.2455833333333333,1.1685833333333333,1.314
E10,torus6,"V=5000,T=500",svd,100,1,6.0,manifold,49.28,,47.11,,8.213333333333333,,7.851666666666667,
E10,torus6,"V=5000,T=500",svd,100,2,6.0,manifold,14.36,,11.035,35.89,2.393333333333333,,1.8391666666666666,5.9816666666666665
E10,torus6,"V=5000,T=500",svd,10,1,6.0,manifold,8.962,9.2695,9.0025,8.988,1.4936666666666667,1.5449166666666667,1.5004166666666665,1.498
E10,torus6,"V=5000,T=500",svd,10,2,6.0,manifold,11.71,14.184999999999999,12.17,15.08,1.9516666666666669,2.3641666666666663,2.0283333333333333,2.513333333333333
E10,torus6,"V=5000,T=500",svd,15,1,6.0,manifold,13.17,14.100000000000001,13.09,14.02,2.195,2.35,2.1816666666666666,2.3366666666666664
E10,torus6,"V=5000,T=500",svd,15,2,6.0,manifold,11.86,16.595,12.969999999999999,18.46,1.9766666666666666,2.765833333333333,2.1616666666666666,3.0766666666666667
E10,torus6,"V=5000,T=500",svd,30,1,6.0,manifold,23.25,,23.195,29.27,3.875,,3.8658333333333332,4.878333333333333
E10,torus6,"V=5000,T=500",svd,30,2,6.0,manifold,11.19,,11.875,23.74,1.865,,1.9791666666666667,3.9566666666666666
E10,torus6,"V=5000,T=500",svd,50,1,6.0,manifold,32.79,,32.705,49.03,5.465,,5.450833333333333,8.171666666666667
E10,torus6,"V=5000,T=500",svd,50,2,6.0,manifold,11.92,,10.985,28.79,1.9866666666666666,,1.8308333333333333,4.798333333333333
E10,torus6,"V=5000,T=500",svd,5,1,6.0,manifold,4.713,4.7364999999999995,4.7669999999999995,3.99,0.7855,0.7894166666666665,0.7944999999999999,0.665
E10,torus6,"V=5000,T=500",svd,5,2,6.0,manifold,7.442,8.248000000000001,7.4775,7.955,1.2403333333333333,1.374666666666667,1.24625,1.3258333333333334
E10,torus6,"V=5000,T=500",truth,0,1,6.0,manifold,6.313,6.6415,6.1775,9.409,1.0521666666666667,1.1069166666666665,1.0295833333333333,1.5681666666666667
E10,torus6,"V=5000,T=500",truth,0,2,6.0,manifold,9.405,11.02,9.9195,16.03,1.5675,1.8366666666666667,1.6532499999999999,2.671666666666667
E10,torus8,"V=5000,T=500",cbow,100,1,8.0,manifold,14.42,14.91,14.495000000000001,15.38,1.8025,1.86375,1.8118750000000001,1.9225
E10,torus8,"V=5000,T=500",cbow,100,2,8.0,manifold,11.8,15.43,12.695,19.54,1.475,1.92875,1.586875,2.4425
E10,torus8,"V=5000,T=500",cbow,10,1,8.0,manifold,8.604,8.6395,8.591999999999999,8.956,1.0755,1.0799375,1.0739999999999998,1.1195
E10,torus8,"V=5000,T=500",cbow,10,2,8.0,manifold,11.89,13.120000000000001,11.82,15.49,1.48625,1.6400000000000001,1.4775,1.93625
E10,torus8,"V=5000,T=500",cbow,15,1,8.0,manifold,12.5,11.59,12.5,13.79,1.5625,1.44875,1.5625,1.72375
E10,torus8,"V=5000,T=500",cbow,15,2,8.0,manifold,12.3,15.490000000000002,13.13,19.8,1.5375,1.9362500000000002,1.64125,2.475
E10,torus8,"V=5000,T=500",cbow,30,1,8.0,manifold,14.49,14.370000000000001,14.545,15.39,1.81125,1.7962500000000001,1.818125,1.92375
E10,torus8,"V=5000,T=500",cbow,30,2,8.0,manifold,12.23,15.745,13.38,20.66,1.52875,1.968125,1.6725,2.5825
E10,torus8,"V=5000,T=500",cbow,50,1,8.0,manifold,14.79,14.375,14.875,15.38,1.84875,1.796875,1.859375,1.9225
E10,torus8,"V=5000,T=500",cbow,50,2,8.0,manifold,12.38,16.075,13.195,20.8,1.5475,2.009375,1.649375,2.6
E10,torus8,"V=5000,T=500",cbow,5,1,8.0,manifold,4.057,4.2865,4.0685,3.993,0.507125,0.5358125,0.5085625,0.499125
E10,torus8,"V=5000,T=500",cbow,5,2,8.0,manifold,7.182,7.399,7.433,7.948,0.89775,0.924875,0.929125,0.9935
E10,torus8,"V=5000,T=500",svd,100,1,8.0,manifold,49.43,,49.43000000000001,,6.17875,,6.178750000000001,
E10,torus8,"V=5000,T=500",svd,100,2,8.0,manifold,14.4,,11.64,36.95,1.8,,1.455,4.61875
E10,torus8,"V=5000,T=500",svd,10,1,8.0,manifold,9.114,9.4315,9.105,9.007,1.13925,1.1789375,1.138125,1.125875
E10,torus8,"V=5000,T=500",svd,10,2,8.0,manifold,12.47,13.865,12.91,15.39,1.55875,1.733125,1.61375,1.92375
E10,torus8,"V=5000,T=500",svd,15,1,8.0,manifold,13.46,12.83,13.41,14.08,1.6825,1.60375,1.67625,1.76
E10,torus8,"V=5000,T=500",svd,15,2,8.0,manifold,13.18,16.835,14.239999999999998,18.97,1.6475,2.104375,1.7799999999999998,2.37125
E10,torus8,"V=5000,T=500",svd,30,1,8.0,manifold,23.81,23.259999999999998,23.67,29.33,2.97625,2.9074999999999998,2.95875,3.66625
E10,torus8,"V=5000,T=500",svd,30,2,8.0,manifold,11.8,,12.26,24.25,1.475,,1.5325,3.03125
E10,torus8,"V=5000,T=500",svd,50,1,8.0,manifold,32.85,31.915,32.425,47.99,4.10625,3.989375,4.053125,5.99875
E10,torus8,"V=5000,T=500",svd,50,2,8.0,manifold,12.13,,11.745,29.49,1.51625,,1.468125,3.68625
E10,torus8,"V=5000,T=500",svd,5,1,8.0,manifold,4.464,4.678,4.497,3.993,0.558,0.58475,0.562125,0.499125
E10,torus8,"V=5000,T=500",svd,5,2,8.0,manifold,7.621,8.218499999999999,7.224,7.969,0.952625,1.0273124999999999,0.903,0.996125
E10,torus8,"V=5000,T=500",truth,0,1,8.0,manifold,8.414,9.8795,8.4145,12.33,1.05175,1.2349375,1.0518125,1.54125
E10,torus8,"V=5000,T=500",truth,0,2,8.0,manifold,12.34,15.185,12.895,19.59,1.5425,1.898125,1.611875,2.44875
E12,sphere4,"step=0.5,k=0.0,V=5000,s=20,w=5",cbow,15,1,4.0,manifold,8.153546391870886,6.258594222838228,8.291100664547116,8.316178696618767,2.0383865979677216,1.564648555709557,2.072775166136779,2.0790446741546917
E12,sphere4,"step=0.5,k=0.0,V=5000,s=20,w=5",cbow,15,2,4.0,manifold,6.190842222111003,7.381710824153975,6.506108748852429,10.385655264819851,1.5477105555277508,1.8454277060384938,1.6265271872131073,2.596413816204963
E12,sphere4,"step=0.5,k=0.0,V=5000,s=20,w=5",cbow,30,1,4.0,manifold,8.380910243435652,6.3070193782765855,8.450113866549703,9.113335313917194,2.095227560858913,1.5767548445691464,2.1125284666374258,2.2783338284792984
E12,sphere4,"step=0.5,k=0.0,V=5000,s=20,w=5",cbow,30,2,4.0,manifold,6.277493609035997,7.285014153557421,6.721193708092618,10.512725063508068,1.5693734022589994,1.8212535383893553,1.6802984270231545,2.628181265877017
E12,sphere4,"step=0.5,k=0.0,V=5000,s=20,w=5",truth,0,1,4.0,manifold,3.958678711779332,3.9643986153491135,3.912509015683853,4.988594133704631,0.989669677944833,0.9910996538372784,0.9781272539209632,1.2471485334261578
E12,sphere4,"step=0.5,k=0.0,V=5000,s=20,w=5",truth,0,2,4.0,manifold,5.262941805541193,5.9278845608728,5.6171358893426415,4.976052402787546,1.3157354513852983,1.4819711402182,1.4042839723356604,1.2440131006968864
E12,sphere4,"step=1.0,k=0.0,V=18000,s=20,w=5",cbow,15,1,4.0,manifold,6.754360701605567,6.039624838927956,6.294084092455476,8.56485098754064,1.6885901754013917,1.509906209731989,1.573521023113869,2.14121274688516
E12,sphere4,"step=1.0,k=0.0,V=18000,s=20,w=5",cbow,15,2,4.0,manifold,6.854450336304073,7.574163689288589,7.023308531279092,8.32993985174299,1.7136125840760184,1.8935409223221473,1.755827132819773,2.0824849629357476
E12,sphere4,"step=1.0,k=0.0,V=18000,s=20,w=5",cbow,30,1,4.0,manifold,6.779687825046564,5.920223798622602,6.356943918994661,8.895222148001263,1.694921956261641,1.4800559496556505,1.5892359797486653,2.223805537000316
E12,sphere4,"step=1.0,k=0.0,V=18000,s=20,w=5",cbow,30,2,4.0,manifold,6.782747096181546,7.331197346661321,7.138604979900817,9.111796663322464,1.6956867740453865,1.8327993366653303,1.7846512449752043,2.277949165830616
E12,sphere4,"step=1.0,k=0.0,V=18000,s=20,w=5",truth,0,1,4.0,manifold,4.056267213832375,4.024585968167479,3.9959989224378,4.9926463676059525,1.0140668034580937,1.0061464920418697,0.99899973060945,1.2481615919014881
E12,sphere4,"step=1.0,k=0.0,V=18000,s=20,w=5",truth,0,2,4.0,manifold,6.000305192216321,5.716674091779644,5.907233054060058,4.987935287164514,1.5000762980540803,1.429168522944911,1.4768082635150146,1.2469838217911284
E12,sphere4,"step=1.0,k=0.0,V=5000,s=10,w=5",cbow,15,1,4.0,manifold,8.065248942023132,6.3133633408661325,8.236725732962988,7.737154282361357,2.016312235505783,1.5783408352165331,2.059181433240747,1.9342885705903392
E12,sphere4,"step=1.0,k=0.0,V=5000,s=10,w=5",cbow,15,2,4.0,manifold,6.525457265421854,7.525123584281149,7.06412087014936,8.804131849949055,1.6313643163554634,1.8812808960702871,1.76603021753734,2.2010329624872638
E12,sphere4,"step=1.0,k=0.0,V=5000,s=10,w=5",cbow,30,1,4.0,manifold,8.513653406936996,6.311451574159697,8.735253635195704,8.662507686894532,2.128413351734249,1.5778628935399241,2.183813408798926,2.165626921723633
E12,sphere4,"step=1.0,k=0.0,V=5000,s=10,w=5",cbow,30,2,4.0,manifold,6.587780813487483,7.662519636407445,7.151188892255561,10.7201080407905,1.6469452033718708,1.9156299091018612,1.7877972230638903,2.680027010197625
E12,sphere4,"step=1.0,k=0.0,V=5000,s=10,w=5",truth,0,1,4.0,manifold,3.917403477779352,3.915202921008937,3.928675101813319,4.996355943028577,0.979350869444838,0.9788007302522342,0.9821687754533297,1.2490889857571443
E12,sphere4,"step=1.0,k=0.0,V=5000,s=10,w=5",truth,0,2,4.0,manifold,5.413096946667548,6.1658152848477386,5.537657432587118,4.977017160458827,1.353274236666887,1.5414538212119346,1.3844143581467796,1.2442542901147067
E12,sphere4,"step=1.0,k=0.0,V=5000,s=20,w=10",cbow,15,1,4.0,manifold,7.776046273699761,5.9613255360519215,7.856373241367764,7.496177750044267,1.9440115684249402,1.4903313840129804,1.964093310341941,1.8740444375110668
E12,sphere4,"step=1.0,k=0.0,V=5000,s=20,w=10",cbow,15,2,4.0,manifold,6.538278739656856,7.56052380287251,7.08129943327058,7.221372720744678,1.634569684914214,1.8901309507181274,1.770324858317645,1.8053431801861695
E12,sphere4,"step=1.0,k=0.0,V=5000,s=20,w=10",cbow,30,1,4.0,manifold,8.349296589011187,6.733507311449265,8.459893730230291,8.545560362451079,2.087324147252797,1.6833768278623162,2.114973432557573,2.1363900906127697
E12,sphere4,"step=1.0,k=0.0,V=5000,s=20,w=10",cbow,30,2,4.0,manifold,6.377145274689857,7.835194186077142,7.05570404698417,10.232259729914594,1.5942863186724643,1.9587985465192854,1.7639260117460425,2.5580649324786484
E12,sphere4,"step=1.0,k=0.0,V=5000,s=20,w=10",truth,0,1,4.0,manifold,3.917403477779352,3.915202921008937,3.928675101813319,4.996355943028577,0.979350869444838,0.9788007302522342,0.9821687754533297,1.2490889857571443
E12,sphere4,"step=1.0,k=0.0,V=5000,s=20,w=10",truth,0,2,4.0,manifold,5.412868288492352,6.135155297425399,5.678322950308573,4.977221910030957,1.353217072123088,1.5337888243563498,1.4195807375771432,1.2443054775077393
E12,sphere4,"step=1.0,k=0.0,V=5000,s=20,w=2",cbow,15,1,4.0,manifold,8.39121611981172,6.420361489421059,8.427927761459479,8.032226489461728,2.09780402995293,1.6050903723552647,2.1069819403648697,2.008056622365432
E12,sphere4,"step=1.0,k=0.0,V=5000,s=20,w=2",cbow,15,2,4.0,manifold,6.582209987714327,7.677063363554099,6.907536064140681,10.744440335422324,1.6455524969285817,1.9192658408885248,1.7268840160351702,2.686110083855581
E12,sphere4,"step=1.0,k=0.0,V=5000,s=20,w=2",cbow,30,1,4.0,manifold,8.826910221127555,6.28398361856002,8.902281842248922,8.941666205891186,2.206727555281889,1.570995904640005,2.2255704605622304,2.2354165514727966
E12,sphere4,"step=1.0,k=0.0,V=5000,s=20,w=2",cbow,30,2,4.0,manifold,6.644018746918275,7.690218874215455,7.053356136929876,11.5858357970407,1.6610046867295687,1.9225547185538638,1.763339034232469,2.896458949260175
E12,sphere4,"step=1.0,k=0.0,V=5000,s=20,w=2",truth,0,1,4.0,manifold,3.917403477779352,3.915202921008937,3.928675101813319,4.996355943028577,0.979350869444838,0.9788007302522342,0.9821687754533297,1.2490889857571443
E12,sphere4,"step=1.0,k=0.0,V=5000,s=20,w=2",truth,0,2,4.0,manifold,5.412868288492352,6.135155297425399,5.678322950308573,4.977221910030957,1.353217072123088,1.5337888243563498,1.4195807375771432,1.2443054775077393
E12,sphere4,"step=1.0,k=0.0,V=5000,s=20,w=5",cbow,15,1,4.0,manifold,7.866359115999765,6.056840967761831,7.98994851038079,7.669979940734855,1.9665897789999411,1.5142102419404577,1.9974871275951975,1.9174949851837138
E12,sphere4,"step=1.0,k=0.0,V=5000,s=20,w=5",cbow,15,2,4.0,manifold,6.499407295700813,7.569420605835937,6.7379637495618905,8.073701408768384,1.6248518239252032,1.8923551514589843,1.6844909373904726,2.018425352192096
E12,sphere4,"step=1.0,k=0.0,V=5000,s=20,w=5",cbow,30,1,4.0,manifold,8.315858436856022,6.6754439424867735,8.446197976400363,8.53517208246113,2.0789646092140055,1.6688609856216934,2.1115494941000907,2.1337930206152826
E12,sphere4,"step=1.0,k=0.0,V=5000,s=20,w=5",cbow,30,2,4.0,manifold,6.573776618453372,7.734955010240477,7.091522522001814,10.677464329405584,1.643444154613343,1.9337387525601193,1.7728806305004534,2.669366082351396
E12,sphere4,"step=1.0,k=0.0,V=5000,s=20,w=5",truth,0,1,4.0,manifold,3.917403477779352,3.915202921008937,3.928675101813319,4.996355943028577,0.979350869444838,0.9788007302522342,0.9821687754533297,1.2490889857571443
E12,sphere4,"step=1.0,k=0.0,V=5000,s=20,w=5",truth,0,2,4.0,manifold,5.412868288492352,6.135155297425399,5.678322950308573,4.977221910030957,1.353217072123088,1.5337888243563498,1.4195807375771432,1.2443054775077393
E12,sphere4,"step=1.0,k=0.0,V=5000,s=40,w=5",cbow,15,1,4.0,manifold,8.014399949160529,6.097990230939263,8.101480025759837,7.667817690052759,2.0035999872901322,1.5244975577348157,2.0253700064399593,1.9169544225131898
E12,sphere4,"step=1.0,k=0.0,V=5000,s=40,w=5",cbow,15,2,4.0,manifold,6.45886916009484,7.528692014577786,7.002275575600947,9.411214899740148,1.61471729002371,1.8821730036444464,1.7505688939002368,2.352803724935037
E12,sphere4,"step=1.0,k=0.0,V=5000,s=40,w=5",cbow,30,1,4.0,manifold,8.291366117874844,6.489072612896338,8.432486381325031,8.487537948413443,2.072841529468711,1.6222681532240846,2.1081215953312578,2.121884487103361
E12,sphere4,"step=1.0,k=0.0,V=5000,s=40,w=5",cbow,30,2,4.0,manifold,6.524015287988268,7.684844761910159,7.014397217250545,10.929102605620512,1.631003821997067,1.9212111904775397,1.7535993043126363,2.732275651405128
E12,sphere4,"step=1.0,k=0.0,V=5000,s=40,w=5",truth,0,1,4.0,manifold,3.917403477779352,3.915202921008937,3.928675101813319,4.996355943028577,0.979350869444838,0.9788007302522342,0.9821687754533297,1.2490889857571443
E12,sphere4,"step=1.0,k=0.0,V=5000,s=40,w=5",truth,0,2,4.0,manifold,5.336587986125839,6.267190521762581,5.506883080329311,4.975566956599599,1.3341469965314599,1.5667976304406452,1.3767207700823278,1.2438917391498998
E12,sphere4,"step=1.0,k=1.5,V=5000,s=20,w=5",cbow,15,1,4.0,manifold,7.554185639579772,6.094595976634627,7.620083051136803,6.745401570715365,1.888546409894943,1.5236489941586568,1.9050207627842008,1.6863503926788412
E12,sphere4,"step=1.0,k=1.5,V=5000,s=20,w=5",cbow,15,2,4.0,manifold,5.695088108189625,7.636201165054746,6.313561345326471,8.900337681068446,1.4237720270474064,1.9090502912636864,1.5783903363316178,2.2250844202671116
E12,sphere4,"step=1.0,k=1.5,V=5000,s=20,w=5",cbow,30,1,4.0,manifold,7.978794565696872,7.461151782282994,8.078714609314911,7.422572643406537,1.994698641424218,1.8652879455707485,2.019678652328728,1.8556431608516342
E12,sphere4,"step=1.0,k=1.5,V=5000,s=20,w=5",cbow,30,2,4.0,manifold,5.777996282249151,7.77895939233084,6.31107480177368,9.193630678090049,1.4444990705622878,1.94473984808271,1.57776870044342,2.298407669522512
E12,sphere4,"step=1.0,k=1.5,V=5000,s=20,w=5",truth,0,1,4.0,manifold,4.06099553641306,4.018150497548398,4.0832309855737465,4.412629472962762,1.015248884103265,1.0045376243870996,1.0208077463934366,1.1031573682406906
E12,sphere4,"step=1.0,k=1.5,V=5000,s=20,w=5",truth,0,2,4.0,manifold,5.301125336500695,6.477889115266889,5.561229673830892,4.6316975214532,1.3252813341251737,1.6194722788167222,1.390307418457723,1.1579243803633
E12,sphere4,"step=1.0,k=3.0,V=5000,s=20,w=5",cbow,15,1,4.0,manifold,7.538801835202488,,7.585090808655179,6.351106650574739,1.884700458800622,,1.8962727021637948,1.5877766626436847
E12,sphere4,"step=1.0,k=3.0,V=5000,s=20,w=5",cbow,15,2,4.0,manifold,4.996424466247253,6.7522231862685125,5.154466817689997,9.999583456439554,1.2491061165618131,1.6880557965671281,1.2886167044224992,2.4998958641098885
E12,sphere4,"step=1.0,k=3.0,V=5000,s=20,w=5",cbow,30,1,4.0,manifold,7.932225198230592,6.933683932184176,8.055749830202982,6.869462059281162,1.983056299557648,1.733420983046044,2.0139374575507456,1.7173655148202904
E12,sphere4,"step=1.0,k=3.0,V=5000,s=20,w=5",cbow,30,2,4.0,manifold,4.854614505857072,6.864827054168219,5.101592632401884,9.385504353857362,1.213653626464268,1.7162067635420548,1.275398158100471,2.3463760884643405
E12,sphere4,"step=1.0,k=3.0,V=5000,s=20,w=5",truth,0,1,4.0,manifold,4.029351328273341,3.985907137071152,4.024719229677843,3.973541799567773,1.0073378320683353,0.996476784267788,1.0061798074194608,0.9933854498919432
E12,sphere4,"step=1.0,k=3.0,V=5000,s=20,w=5",truth,0,2,4.0,manifold,5.054783414949712,5.811118388242853,5.229664343564933,4.293805321082399,1.263695853737428,1.4527795970607134,1.3074160858912331,1.0734513302705997
E12,sphere4,"step=1.0,k=5.0,V=5000,s=20,w=5",cbow,15,1,4.0,manifold,7.772608682476735,,7.947963325756455,6.440545330614138,1.9431521706191837,,1.9869908314391138,1.6101363326535345
E12,sphere4,"step=1.0,k=5.0,V=5000,s=20,w=5",cbow,15,2,4.0,manifold,4.30095105100878,6.530756953748924,4.328634823664588,9.617547836282077,1.075237762752195,1.632689238437231,1.082158705916147,2.404386959070519
E12,sphere4,"step=1.0,k=5.0,V=5000,s=20,w=5",cbow,30,1,4.0,manifold,8.352536724742142,,8.541750982816275,7.726317880175297,2.0881341811855356,,2.1354377457040687,1.9315794700438242
E12,sphere4,"step=1.0,k=5.0,V=5000,s=20,w=5",cbow,30,2,4.0,manifold,4.438758325300981,,4.430831840869252,9.825418883145945,1.1096895813252452,,1.107707960217313,2.456354720786486
E12,sphere4,"step=1.0,k=5.0,V=5000,s=20,w=5",truth,0,1,4.0,manifold,4.012098235400488,3.8259068128575966,4.050785390498599,3.143032624568658,1.003024558850122,0.9564767032143991,1.0126963476246498,0.7857581561421645
E12,sphere4,"step=1.0,k=5.0,V=5000,s=20,w=5",truth,0,2,4.0,manifold,4.803157821743468,5.185095407861105,4.969469009276617,4.155040390534364,1.200789455435867,1.2962738519652763,1.2423672523191542,1.038760097633591
E12,sphere4,"step=2.0,k=0.0,V=5000,s=20,w=5",cbow,15,1,4.0,manifold,7.927780502769563,,8.08238772692269,7.058385129551961,1.9819451256923908,,2.0205969317306725,1.7645962823879902
E12,sphere4,"step=2.0,k=0.0,V=5000,s=20,w=5",cbow,15,2,4.0,manifold,7.64428064626796,8.424971157392035,7.843682862475012,8.360744956264227,1.91107016156699,2.1062427893480087,1.960920715618753,2.090186239066057
E12,sphere4,"step=2.0,k=0.0,V=5000,s=20,w=5",cbow,30,1,4.0,manifold,9.276074892314126,7.291038513290751,9.37739856254187,7.313012362516575,2.3190187230785315,1.8227596283226877,2.3443496406354676,1.8282530906291437
E12,sphere4,"step=2.0,k=0.0,V=5000,s=20,w=5",cbow,30,2,4.0,manifold,7.689353307877636,8.560680209044744,7.969843713080065,7.778385998390594,1.922338326969409,2.140170052261186,1.9924609282700163,1.9445964995976486
E12,sphere4,"step=2.0,k=0.0,V=5000,s=20,w=5",truth,0,1,4.0,manifold,4.078080553976308,3.965927362716688,4.043523854968778,5.000885737638959,1.019520138494077,0.991481840679172,1.0108809637421945,1.2502214344097398
E12,sphere4,"step=2.0,k=0.0,V=5000,s=20,w=5",truth,0,2,4.0,manifold,6.259764274972682,6.866326085029042,6.236400800324862,4.983772833690358,1.5649410687431704,1.7165815212572606,1.5591002000812155,1.2459432084225894
E12,sphere4,"step=3.0,k=0.0,V=5000,s=20,w=5",cbow,15,1,4.0,manifold,8.888856588798777,6.834284663418198,9.060594457018173,7.078319819581318,2.2222141471996943,1.7085711658545495,2.265148614254543,1.7695799548953295
E12,sphere4,"step=3.0,k=0.0,V=5000,s=20,w=5",cbow,15,2,4.0,manifold,8.827194388259434,9.095413934115538,8.694940243712264,10.582805763219524,2.2067985970648585,2.2738534835288844,2.173735060928066,2.645701440804881
E12,sphere4,"step=3.0,k=0.0,V=5000,s=20,w=5",cbow,30,1,4.0,manifold,11.04767642244778,8.175438405428485,11.195483355682285,8.125016478384852,2.761919105611945,2.0438596013571213,2.798870838920571,2.031254119596213
E12,sphere4,"step=3.0,k=0.0,V=5000,s=20,w=5",cbow,30,2,4.0,manifold,9.117980041925948,9.154434522796842,9.461137790703583,10.91421210751447,2.279495010481487,2.2886086306992106,2.365284447675896,2.7285530268786173
E12,sphere4,"step=3.0,k=0.0,V=5000,s=20,w=5",truth,0,1,4.0,manifold,3.959628551051185,3.9667600827264056,3.936681713655216,4.995139420768307,0.9899071377627963,0.9916900206816014,0.984170428413804,1.2487848551920768
E12,sphere4,"step=3.0,k=0.0,V=5000,s=20,w=5",truth,0,2,4.0,manifold,7.00910802414408,7.272276014586923,6.850442112818085,9.278686563385856,1.75227700603602,1.8180690036467309,1.7126105282045212,2.319671640846464
E12,sphere8,"step=0.5,k=0.0,V=5000,s=20,w=5",cbow,15,1,8.0,manifold,11.603447982868431,10.115935259859008,11.70494318442509,9.617154386952988,1.450430997858554,1.264491907482376,1.4631178980531363,1.2021442983691235
E12,sphere8,"step=0.5,k=0.0,V=5000,s=20,w=5",cbow,15,2,8.0,manifold,9.081152810390543,11.28450115399211,9.424082806362271,16.45488450611604,1.135144101298818,1.4105626442490138,1.178010350795284,2.056860563264505
E12,sphere8,"step=0.5,k=0.0,V=5000,s=20,w=5",cbow,30,1,8.0,manifold,12.072585982496449,10.263062703249702,12.221910934003652,9.612301252332395,1.509073247812056,1.2828828379062127,1.5277388667504566,1.2015376565415494
E12,sphere8,"step=0.5,k=0.0,V=5000,s=20,w=5",cbow,30,2,8.0,manifold,9.265148990809257,11.845695111379465,9.80652893641938,16.49945743603316,1.158143623851157,1.480711888922433,1.2258161170524224,2.062432179504145
E12,sphere8,"step=0.5,k=0.0,V=5000,s=20,w=5",truth,0,1,8.0,manifold,7.814552354103997,7.624146346585983,7.85792137647098,8.988043951053577,0.9768190442629996,0.9530182933232478,0.9822401720588725,1.123505493881697
E12,sphere8,"step=0.5,k=0.0,V=5000,s=20,w=5",truth,0,2,8.0,manifold,9.0635539771513,10.885776970411513,9.412822020281556,15.670428313524129,1.1329442471439124,1.360722121301439,1.1766027525351945,1.958803539190516
E12,sphere8,"step=1.0,k=0.0,V=18000,s=20,w=5",cbow,15,1,8.0,manifold,9.888662542114684,9.03985819903439,9.586887411796262,9.19849339064749,1.2360828177643355,1.1299822748792987,1.1983609264745327,1.1498116738309363
E12,sphere8,"step=1.0,k=0.0,V=18000,s=20,w=5",cbow,15,2,8.0,manifold,12.165277088813925,13.057751902937492,12.648927421187324,17.156449440657475,1.5206596361017406,1.6322189878671864,1.5811159276484155,2.1445561800821844
E12,sphere8,"step=1.0,k=0.0,V=18000,s=20,w=5",cbow,30,1,8.0,manifold,9.96490811904842,9.287924876992845,9.725964893659654,9.194228137964052,1.2456135148810525,1.1609906096241056,1.2157456117074568,1.1492785172455064
E12,sphere8,"step=1.0,k=0.0,V=18000,s=20,w=5",cbow,30,2,8.0,manifold,12.281646751393684,13.215089093168126,12.724570043139416,17.167105978699652,1.5352058439242104,1.6518861366460158,1.590571255392427,2.1458882473374565
E12,sphere8,"step=1.0,k=0.0,V=18000,s=20,w=5",truth,0,1,8.0,manifold,7.608433489561377,7.626842708577202,7.371391842161678,8.997249227248059,0.9510541861951721,0.9533553385721503,0.9214239802702098,1.1246561534060073
E12,sphere8,"step=1.0,k=0.0,V=18000,s=20,w=5",truth,0,2,8.0,manifold,12.234764252963013,12.485462450824471,11.758309773436174,16.329574550335792,1.5293455316203766,1.560682806353059,1.4697887216795218,2.041196818791974
E12,sphere8,"step=1.0,k=0.0,V=5000,s=10,w=5",cbow,15,1,8.0,manifold,11.980075588269036,9.915583627946331,12.023538321590395,9.612059047730108,1.4975094485336296,1.2394479534932914,1.5029422901987994,1.2015073809662635
E12,sphere8,"step=1.0,k=0.0,V=5000,s=10,w=5",cbow,15,2,8.0,manifold,10.599632631169094,12.444215220348571,11.167630318528133,16.325259651095436,1.3249540788961367,1.5555269025435714,1.3959537898160166,2.0406574563869295
E12,sphere8,"step=1.0,k=0.0,V=5000,s=10,w=5",cbow,30,1,8.0,manifold,12.89467581165183,10.91690421189022,13.049990278149377,9.601925051254469,1.6118344764564787,1.3646130264862775,1.631248784768672,1.2002406314068086
E12,sphere8,"step=1.0,k=0.0,V=5000,s=10,w=5",cbow,30,2,8.0,manifold,10.921033139653586,13.07001639307354,11.636181176252466,16.421448519851346,1.3651291424566983,1.6337520491341926,1.4545226470315582,2.0526810649814182
E12,sphere8,"step=1.0,k=0.0,V=5000,s=10,w=5",truth,0,1,8.0,manifold,7.7610634486690335,7.390512302538676,7.747446137405417,9.023459283362383,0.9701329310836292,0.9238140378173345,0.9684307671756771,1.127932410420298
E12,sphere8,"step=1.0,k=0.0,V=5000,s=10,w=5",truth,0,2,8.0,manifold,10.208956980078543,11.982668676292136,10.87811857432792,15.747423486258077,1.276119622509818,1.497833584536517,1.35976482179099,1.9684279357822596
E12,sphere8,"step=1.0,k=0.0,V=5000,s=20,w=10",cbow,15,1,8.0,manifold,11.721878129197886,9.99068496006842,11.848342985179189,9.654101175994388,1.4652347661497358,1.2488356200085524,1.4810428731473986,1.2067626469992985
E12,sphere8,"step=1.0,k=0.0,V=5000,s=20,w=10",cbow,15,2,8.0,manifold,10.804275016352156,12.784876745593978,10.797754268973772,16.007297104125026,1.3505343770440195,1.5981095931992473,1.3497192836217216,2.0009121380156283
E12,sphere8,"step=1.0,k=0.0,V=5000,s=20,w=10",cbow,30,1,8.0,manifold,13.453218214022664,11.368447587594332,13.663440682069888,9.63777006325824,1.681652276752833,1.4210559484492915,1.707930085258736,1.20472125790728
E12,sphere8,"step=1.0,k=0.0,V=5000,s=20,w=10",cbow,30,2,8.0,manifold,10.843320541845852,13.484255659738032,11.547978720808514,15.828854964451036,1.3554150677307315,1.685531957467254,1.4434973401010642,1.9786068705563795
E12,sphere8,"step=1.0,k=0.0,V=5000,s=20,w=10",truth,0,1,8.0,manifold,7.7610634486690335,7.390512302538676,7.747446137405417,9.023459283362383,0.9701329310836292,0.9238140378173345,0.9684307671756771,1.127932410420298
E12,sphere8,"step=1.0,k=0.0,V=5000,s=20,w=10",truth,0,2,8.0,manifold,10.429299891350702,12.147964646255437,10.50227316654954,16.177124503528717,1.3036624864188378,1.5184955807819296,1.3127841458186924,2.0221405629410896
E12,sphere8,"step=1.0,k=0.0,V=5000,s=20,w=2",cbow,15,1,8.0,manifold,11.963619660675944,9.738851289872985,12.061837839161706,9.636987858463982,1.495452457584493,1.217356411234123,1.5077297298952133,1.2046234823079978
E12,sphere8,"step=1.0,k=0.0,V=5000,s=20,w=2",cbow,15,2,8.0,manifold,11.085070437589064,12.872911820892206,11.559508029689187,16.889890855862603,1.385633804698633,1.6091139776115257,1.4449385037111484,2.1112363569828254
E12,sphere8,"step=1.0,k=0.0,V=5000,s=20,w=2",cbow,30,1,8.0,manifold,12.759410344064046,10.331925132267331,12.947968325888349,9.63649465941124,1.5949262930080057,1.2914906415334164,1.6184960407360436,1.204561832426405
E12,sphere8,"step=1.0,k=0.0,V=5000,s=20,w=2",cbow,30,2,8.0,manifold,10.791170082466724,12.96178858999357,11.086560650738232,16.47529760944555,1.3488962603083405,1.6202235737491963,1.385820081342279,2.059412201180694
E12,sphere8,"step=1.0,k=0.0,V=5000,s=20,w=2",truth,0,1,8.0,manifold,7.7610634486690335,7.390512302538676,7.747446137405417,9.023459283362383,0.9701329310836292,0.9238140378173345,0.9684307671756771,1.127932410420298
E12,sphere8,"step=1.0,k=0.0,V=5000,s=20,w=2",truth,0,2,8.0,manifold,10.429299891350702,12.147964646255437,10.50227316654954,16.177124503528717,1.3036624864188378,1.5184955807819296,1.3127841458186924,2.0221405629410896
E12,sphere8,"step=1.0,k=0.0,V=5000,s=20,w=5",cbow,15,1,8.0,manifold,11.826741073479216,10.000601119530897,11.846509483226448,9.80474453144594,1.478342634184902,1.250075139941362,1.480813685403306,1.2255930664307424
E12,sphere8,"step=1.0,k=0.0,V=5000,s=20,w=5",cbow,15,2,8.0,manifold,10.547243398091032,12.75266830980688,11.01038572880094,16.737940279173053,1.318405424761379,1.59408353872586,1.3762982161001176,2.0922425348966316
E12,sphere8,"step=1.0,k=0.0,V=5000,s=20,w=5",cbow,30,1,8.0,manifold,12.745500643389343,10.15838757084816,12.73626186573164,9.572437102924177,1.593187580423668,1.26979844635602,1.592032733216455,1.196554637865522
E12,sphere8,"step=1.0,k=0.0,V=5000,s=20,w=5",cbow,30,2,8.0,manifold,10.710894295590313,13.315143381046582,11.107917101037524,15.989578641191123,1.338861786948789,1.6643929226308227,1.3884896376296905,1.9986973301488904
E12,sphere8,"step=1.0,k=0.0,V=5000,s=20,w=5",truth,0,1,8.0,manifold,7.7610634486690335,7.390512302538676,7.747446137405417,9.023459283362383,0.9701329310836292,0.9238140378173345,0.9684307671756771,1.127932410420298
E12,sphere8,"step=1.0,k=0.0,V=5000,s=20,w=5",truth,0,2,8.0,manifold,10.429299891350702,12.147964646255437,10.50227316654954,16.177124503528717,1.3036624864188378,1.5184955807819296,1.3127841458186924,2.0221405629410896
E12,sphere8,"step=1.0,k=0.0,V=5000,s=40,w=5",cbow,15,1,8.0,manifold,11.52582120433847,9.680114904754802,11.56411189794006,9.5835391681224,1.4407276505423088,1.2100143630943503,1.4455139872425076,1.1979423960153
E12,sphere8,"step=1.0,k=0.0,V=5000,s=40,w=5",cbow,15,2,8.0,manifold,10.73600989903082,12.71624924568165,11.110148302988804,16.294478480190744,1.3420012373788526,1.5895311557102063,1.3887685378736006,2.036809810023843
E12,sphere8,"step=1.0,k=0.0,V=5000,s=40,w=5",cbow,30,1,8.0,manifold,12.381507240287302,10.350084294667388,12.420530470490442,9.582116846005029,1.5476884050359128,1.2937605368334235,1.5525663088113053,1.1977646057506286
E12,sphere8,"step=1.0,k=0.0,V=5000,s=40,w=5",cbow,30,2,8.0,manifold,10.682643440588288,13.038626051316657,11.474449665445736,15.8931617496932,1.335330430073536,1.629828256414582,1.434306208180717,1.98664521871165
E12,sphere8,"step=1.0,k=0.0,V=5000,s=40,w=5",truth,0,1,8.0,manifold,7.7610634486690335,7.390512302538676,7.747446137405417,9.023459283362383,0.9701329310836292,0.9238140378173345,0.9684307671756771,1.127932410420298
E12,sphere8,"step=1.0,k=0.0,V=5000,s=40,w=5",truth,0,2,8.0,manifold,10.220684425193092,12.008237114773213,10.83782565131714,15.762338904606407,1.2775855531491365,1.5010296393466516,1.3547282064146424,1.970292363075801
E12,sphere8,"step=1.0,k=1.5,V=5000,s=20,w=5",cbow,15,1,8.0,manifold,11.48529624008462,11.08930720828076,11.596548454570176,9.170917935928294,1.4356620300105776,1.386163401035095,1.449568556821272,1.1463647419910368
E12,sphere8,"step=1.0,k=1.5,V=5000,s=20,w=5",cbow,15,2,8.0,manifold,9.671278063030485,12.725834225140469,10.347633753407552,15.854367964944094,1.2089097578788106,1.5907292781425586,1.293454219175944,1.9817959956180118
E12,sphere8,"step=1.0,k=1.5,V=5000,s=20,w=5",cbow,30,1,8.0,manifold,13.007903128079244,10.69043927900361,13.14068853621135,9.163608574725304,1.6259878910099055,1.3363049098754511,1.6425860670264187,1.145451071840663
E12,sphere8,"step=1.0,k=1.5,V=5000,s=20,w=5",cbow,30,2,8.0,manifold,9.45389097376703,12.705405067133068,10.306840695830232,15.414136673715138,1.1817363717208786,1.5881756333916335,1.288355086978779,1.9267670842143922
E12,sphere8,"step=1.0,k=1.5,V=5000,s=20,w=5",truth,0,1,8.0,manifold,7.937708702533902,7.324446070427789,7.860824109184644,8.207945283923157,0.9922135878167377,0.9155557588034736,0.9826030136480804,1.0259931604903947
E12,sphere8,"step=1.0,k=1.5,V=5000,s=20,w=5",truth,0,2,8.0,manifold,9.854588647993584,11.520105717425572,10.059566271136658,14.529792622044562,1.231823580999198,1.4400132146781965,1.2574457838920823,1.8162240777555703
E12,sphere8,"step=1.0,k=3.0,V=5000,s=20,w=5",cbow,15,1,8.0,manifold,11.220061176024762,,11.13770407239501,8.768828454397042,1.4025076470030953,,1.3922130090493763,1.0961035567996302
E12,sphere8,"step=1.0,k=3.0,V=5000,s=20,w=5",cbow,15,2,8.0,manifold,8.384722763117484,11.122946490758295,9.07264037862468,13.687897577224907,1.0480903453896855,1.390368311344787,1.134080047328085,1.7109871971531134
E12,sphere8,"step=1.0,k=3.0,V=5000,s=20,w=5",cbow,30,1,8.0,manifold,13.258481173471171,12.641638996181328,13.25912640900875,8.759119561054733,1.6573101466838964,1.580204874522666,1.6573908011260938,1.0948899451318417
E12,sphere8,"step=1.0,k=3.0,V=5000,s=20,w=5",cbow,30,2,8.0,manifold,8.396405123347243,10.856628375863574,8.645694530376554,13.666908195527094,1.0495506404184054,1.3570785469829467,1.0807118162970692,1.7083635244408868
E12,sphere8,"step=1.0,k=3.0,V=5000,s=20,w=5",truth,0,1,8.0,manifold,7.298768273619787,6.749911983277691,7.367734020839204,7.319030194140675,0.9123460342024734,0.8437389979097114,0.9209667526049005,0.9148787742675843
E12,sphere8,"step=1.0,k=3.0,V=5000,s=20,w=5",truth,0,2,8.0,manifold,8.20892641887279,9.956212735856914,8.358404934799847,13.13964458563382,1.0261158023590988,1.2445265919821142,1.0448006168499808,1.6424555732042274
E12,sphere8,"step=1.0,k=5.0,V=5000,s=20,w=5",cbow,15,1,8.0,manifold,11.181209271365892,10.201710097852471,11.254309280659577,8.85277234733113,1.3976511589207365,1.275213762231559,1.406788660082447,1.1065965434163914
E12,sphere8,"step=1.0,k=5.0,V=5000,s=20,w=5",cbow,15,2,8.0,manifold,8.169089217387459,10.477593713460958,8.830613132983448,13.4387911512898,1.0211361521734323,1.3096992141826198,1.103826641622931,1.679848893911225
E12,sphere8,"step=1.0,k=5.0,V=5000,s=20,w=5",cbow,30,1,8.0,manifold,13.687381217683344,13.46617407830481,13.836546143667825,8.85005386104582,1.710922652210418,1.6832717597881013,1.729568267958478,1.1062567326307275
E12,sphere8,"step=1.0,k=5.0,V=5000,s=20,w=5",cbow,30,2,8.0,manifold,8.06408038392253,10.602160938601411,8.916378404385865,13.291059009618124,1.0080100479903162,1.3252701173251764,1.1145473005482331,1.6613823762022655
E12,sphere8,"step=1.0,k=5.0,V=5000,s=20,w=5",truth,0,1,8.0,manifold,7.294830426116624,6.5099526861688055,7.360646704270906,6.346616509660671,0.911853803264578,0.8137440857711007,0.9200808380338632,0.7933270637075839
E12,sphere8,"step=1.0,k=5.0,V=5000,s=20,w=5",truth,0,2,8.0,manifold,7.820783073667597,8.793760622444504,7.915393190601165,11.78079305207988,0.9775978842084496,1.099220077805563,0.9894241488251456,1.472599131509985
E12,sphere8,"step=2.0,k=0.0,V=5000,s=20,w=5",cbow,15,1,8.0,manifold,11.738375497662782,11.108942717468384,11.63337413530538,14.130851471395465,1.4672969372078477,1.388617839683548,1.4541717669131724,1.766356433924433
E12,sphere8,"step=2.0,k=0.0,V=5000,s=20,w=5",cbow,15,2,8.0,manifold,12.561034670297522,14.844831732703446,12.934172359260732,19.128496550564357,1.5701293337871902,1.8556039665879307,1.6167715449075915,2.3910620688205446
E12,sphere8,"step=2.0,k=0.0,V=5000,s=20,w=5",cbow,30,1,8.0,manifold,17.297817667951357,15.525818602132848,17.440545871197074,13.097805414367436,2.1622272084939196,1.940727325266606,2.1800682338996342,1.6372256767959295
E12,sphere8,"step=2.0,k=0.0,V=5000,s=20,w=5",cbow,30,2,8.0,manifold,12.615460259647064,16.773795340900644,13.9674464517062,16.01923389777978,1.576932532455883,2.0967244176125805,1.745930806463275,2.0024042372224726
E12,sphere8,"step=2.0,k=0.0,V=5000,s=20,w=5",truth,0,1,8.0,manifold,7.694838052218335,7.561456481296146,7.710647931998721,8.972956469804659,0.9618547565272919,0.9451820601620182,0.9638309914998401,1.1216195587255824
E12,sphere8,"step=2.0,k=0.0,V=5000,s=20,w=5",truth,0,2,8.0,manifold,12.040649947641327,13.152012304677648,12.748960526918768,16.001366260768176,1.505081243455166,1.644001538084706,1.593620065864846,2.000170782596022
E12,sphere8,"step=3.0,k=0.0,V=5000,s=20,w=5",cbow,15,1,8.0,manifold,12.314151960035696,11.879713702552754,12.30461738890032,14.006896982718745,1.539268995004462,1.4849642128190943,1.53807717361254,1.750862122839843
E12,sphere8,"step=3.0,k=0.0,V=5000,s=20,w=5",cbow,15,2,8.0,manifold,13.390509092648877,16.763358694937395,14.816349973333969,18.940559791539307,1.6738136365811096,2.0954198368671744,1.852043746666746,2.3675699739424134
E12,sphere8,"step=3.0,k=0.0,V=5000,s=20,w=5",cbow,30,1,8.0,manifold,20.69305715871334,19.17862678044393,20.61733810815924,28.663889921539987,2.5866321448391676,2.3973283475554914,2.577167263519905,3.5829862401924983
E12,sphere8,"step=3.0,k=0.0,V=5000,s=20,w=5",cbow,30,2,8.0,manifold,12.13260143577966,,13.13343039107869,23.93487866363091,1.5165751794724576,,1.6416787988848363,2.991859832953864
E12,sphere8,"step=3.0,k=0.0,V=5000,s=20,w=5",truth,0,1,8.0,manifold,7.447040817386606,7.388748337369744,7.580807638544901,8.988296973711785,0.9308801021733257,0.923593542171218,0.9476009548181126,1.1235371217139731
E12,sphere8,"step=3.0,k=0.0,V=5000,s=20,w=5",truth,0,2,8.0,manifold,12.133626622534226,13.295524015230022,12.151054900859354,15.792650288788357,1.5167033278167783,1.6619405019037528,1.5188818626074192,1.9740812860985446
E12,torus2,"step=0.5,k=0.0,V=5000,s=20,w=5",cbow,15,1,2.0,manifold,4.890701103738103,3.8554679442637134,4.96339358437705,8.179258722483585,2.4453505518690517,1.9277339721318567,2.481696792188525,4.089629361241792
E12,torus2,"step=0.5,k=0.0,V=5000,s=20,w=5",cbow,15,2,2.0,manifold,4.123606195771861,4.077114257188088,4.242489165319807,7.729904177863441,2.0618030978859303,2.038557128594044,2.1212445826599033,3.8649520889317204
E12,torus2,"step=0.5,k=0.0,V=5000,s=20,w=5",cbow,30,1,2.0,manifold,4.985337269416183,3.4416984810022364,5.042033848905119,8.18359823150102,2.4926686347080915,1.7208492405011182,2.5210169244525593,4.09179911575051
E12,torus2,"step=0.5,k=0.0,V=5000,s=20,w=5",cbow,30,2,2.0,manifold,4.191326857881781,3.867748953893244,4.271270177762759,8.104218776213129,2.0956634289408904,1.933874476946622,2.1356350888813793,4.052109388106564
E12,torus2,"step=0.5,k=0.0,V=5000,s=20,w=5",truth,0,1,2.0,manifold,1.961631650166484,2.028572723574858,1.9477812265617005,3.4314424571268103,0.980815825083242,1.014286361787429,0.9738906132808502,1.7157212285634051
E12,torus2,"step=0.5,k=0.0,V=5000,s=20,w=5",truth,0,2,2.0,manifold,2.665163246768142,2.8266344203623053,2.8573227074589687,3.4183833236162147,1.332581623384071,1.4133172101811526,1.4286613537294843,1.7091916618081073
E12,torus2,"step=1.0,k=0.0,V=18000,s=20,w=5",cbow,15,1,2.0,manifold,3.773586620599475,3.926844125093926,3.688057274999721,8.642979207512889,1.8867933102997374,1.963422062546963,1.8440286374998605,4.3214896037564445
E12,torus2,"step=1.0,k=0.0,V=18000,s=20,w=5",cbow,15,2,2.0,manifold,4.276541761454267,4.800733529398766,4.226895152667447,9.035230283473986,2.1382708807271333,2.400366764699383,2.1134475763337237,4.517615141736993
E12,torus2,"step=1.0,k=0.0,V=18000,s=20,w=5",cbow,30,1,2.0,manifold,3.7638583654595927,3.6793066564137007,3.542315098281985,8.70916182707441,1.8819291827297964,1.8396533282068503,1.7711575491409925,4.354580913537205
E12,torus2,"step=1.0,k=0.0,V=18000,s=20,w=5",cbow,30,2,2.0,manifold,4.1892194106830045,4.103461775104067,4.032208600752836,8.763753423772144,2.0946097053415023,2.0517308875520337,2.016104300376418,4.381876711886072
E12,torus2,"step=1.0,k=0.0,V=18000,s=20,w=5",truth,0,1,2.0,manifold,2.030720520533778,2.063461203041204,1.9685194073473296,3.4308518246494217,1.015360260266889,1.031730601520602,0.9842597036736648,1.7154259123247109
E12,torus2,"step=1.0,k=0.0,V=18000,s=20,w=5",truth,0,2,2.0,manifold,3.253277834966231,2.474302178370806,2.9562981214049424,3.4125009643589954,1.6266389174831155,1.237151089185403,1.4781490607024712,1.7062504821794977
E12,torus2,"step=1.0,k=0.0,V=5000,s=10,w=5",cbow,15,1,2.0,manifold,4.875968168805199,3.5594206203003766,4.8896826897569134,7.7565152664565264,2.4379840844025993,1.7797103101501883,2.4448413448784567,3.8782576332282632
E12,torus2,"step=1.0,k=0.0,V=5000,s=10,w=5",cbow,15,2,2.0,manifold,4.143000441120131,4.190159183870688,4.444018671249881,7.406345159428957,2.0715002205600657,2.095079591935344,2.2220093356249406,3.7031725797144786
E12,torus2,"step=1.0,k=0.0,V=5000,s=10,w=5",cbow,30,1,2.0,manifold,5.030364791653744,3.3832156254569066,5.02628463093329,7.821205820319601,2.515182395826872,1.6916078127284533,2.513142315466645,3.9106029101598003
E12,torus2,"step=1.0,k=0.0,V=5000,s=10,w=5",cbow,30,2,2.0,manifold,4.175559272722464,4.077007642733074,4.408510434509113,7.8313896843401025,2.087779636361232,2.038503821366537,2.2042552172545564,3.9156948421700513
E12,torus2,"step=1.0,k=0.0,V=5000,s=10,w=5",truth,0,1,2.0,manifold,1.961638491856225,2.021199567328063,1.965112650007497,3.4493255137352934,0.9808192459281125,1.0105997836640315,0.9825563250037485,1.7246627568676467
E12,torus2,"step=1.0,k=0.0,V=5000,s=10,w=5",truth,0,2,2.0,manifold,2.772860884120188,2.961376408707875,2.964957615987307,3.4390641360497125,1.386430442060094,1.4806882043539376,1.4824788079936535,1.7195320680248563
E12,torus2,"step=1.0,k=0.0,V=5000,s=20,w=10",cbow,15,1,2.0,manifold,4.555579962494551,3.4807257482181555,4.647814847975598,7.476301879159444,2.2777899812472757,1.7403628741090778,2.323907423987799,3.738150939579722
E12,torus2,"step=1.0,k=0.0,V=5000,s=20,w=10",cbow,15,2,2.0,manifold,3.963422922737344,4.154202144952958,4.300058790934971,6.668126372335443,1.981711461368672,2.077101072476479,2.1500293954674854,3.3340631861677217
E12,torus2,"step=1.0,k=0.0,V=5000,s=20,w=10",cbow,30,1,2.0,manifold,4.7186193956734845,3.4480585535326664,4.83208694093347,7.555543843859113,2.3593096978367423,1.7240292767663332,2.416043470466735,3.7777719219295567
E12,torus2,"step=1.0,k=0.0,V=5000,s=20,w=10",cbow,30,2,2.0,manifold,4.111571072718886,4.213737033604209,4.362170487156311,7.227477600610144,2.055785536359443,2.1068685168021046,2.1810852435781554,3.613738800305072
E12,torus2,"step=1.0,k=0.0,V=5000,s=20,w=10",truth,0,1,2.0,manifold,1.961638491856225,2.021199567328063,1.965112650007497,3.4493255137352934,0.9808192459281125,1.0105997836640315,0.9825563250037485,1.7246627568676467
E12,torus2,"step=1.0,k=0.0,V=5000,s=20,w=10",truth,0,2,2.0,manifold,2.8186726997020743,2.910571740425196,3.013070769188801,3.4399613013117407,1.4093363498510372,1.455285870212598,1.5065353845944005,1.7199806506558704
E12,torus2,"step=1.0,k=0.0,V=5000,s=20,w=2",cbow,15,1,2.0,manifold,5.303703091828078,3.615297208711277,5.278387035241273,8.013278741104894,2.651851545914039,1.8076486043556386,2.6391935176206367,4.006639370552447
E12,torus2,"step=1.0,k=0.0,V=5000,s=20,w=2",cbow,15,2,2.0,manifold,4.205124600815425,4.207301112427511,4.417879855105758,7.602909184512681,2.1025623004077123,2.1036505562137555,2.208939927552879,3.8014545922563405
E12,torus2,"step=1.0,k=0.0,V=5000,s=20,w=2",cbow,30,1,2.0,manifold,5.449279483075504,3.3680071079372533,5.451542453157321,8.082737675258514,2.724639741537752,1.6840035539686267,2.7257712265786607,4.041368837629257
E12,torus2,"step=1.0,k=0.0,V=5000,s=20,w=2",cbow,30,2,2.0,manifold,4.200947507352155,4.050672653508089,4.349978804276564,8.027780992362764,2.1004737536760776,2.0253363267540445,2.174989402138282,4.013890496181382
E12,torus2,"step=1.0,k=0.0,V=5000,s=20,w=2",truth,0,1,2.0,manifold,1.961638491856225,2.021199567328063,1.965112650007497,3.4493255137352934,0.9808192459281125,1.0105997836640315,0.9825563250037485,1.7246627568676467
E12,torus2,"step=1.0,k=0.0,V=5000,s=20,w=2",truth,0,2,2.0,manifold,2.8186726997020743,2.910571740425196,3.013070769188801,3.4399613013117407,1.4093363498510372,1.455285870212598,1.5065353845944005,1.7199806506558704
E12,torus2,"step=1.0,k=0.0,V=5000,s=20,w=5",cbow,15,1,2.0,manifold,4.866605724241579,3.544348720500016,4.849728432609433,7.754472510836816,2.4333028621207893,1.772174360250008,2.4248642163047167,3.877236255418408
E12,torus2,"step=1.0,k=0.0,V=5000,s=20,w=5",cbow,15,2,2.0,manifold,4.096760122684268,4.247323019764883,4.371906575122219,6.942494360711478,2.048380061342134,2.1236615098824414,2.1859532875611096,3.471247180355739
E12,torus2,"step=1.0,k=0.0,V=5000,s=20,w=5",cbow,30,1,2.0,manifold,5.003154698702299,3.4486764511898453,4.997667474044347,7.819834787685991,2.5015773493511495,1.7243382255949227,2.4988337370221734,3.9099173938429956
E12,torus2,"step=1.0,k=0.0,V=5000,s=20,w=5",cbow,30,2,2.0,manifold,4.111799588475207,4.104602539535232,4.429639521822368,7.833788082912951,2.0558997942376034,2.052301269767616,2.214819760911184,3.9168940414564757
E12,torus2,"step=1.0,k=0.0,V=5000,s=20,w=5",truth,0,1,2.0,manifold,1.961638491856225,2.021199567328063,1.965112650007497,3.4493255137352934,0.9808192459281125,1.0105997836640315,0.9825563250037485,1.7246627568676467
E12,torus2,"step=1.0,k=0.0,V=5000,s=20,w=5",truth,0,2,2.0,manifold,2.8186726997020743,2.910571740425196,3.013070769188801,3.4399613013117407,1.4093363498510372,1.455285870212598,1.5065353845944005,1.7199806506558704
E12,torus2,"step=1.0,k=0.0,V=5000,s=40,w=5",cbow,15,1,2.0,manifold,4.806182371106057,3.463814886472737,4.819104674450851,7.76089082173704,2.4030911855530284,1.7319074432363686,2.4095523372254255,3.88044541086852
E12,torus2,"step=1.0,k=0.0,V=5000,s=40,w=5",cbow,15,2,2.0,manifold,4.096176203965602,4.2405184464874734,4.216480751334264,6.937349803116113,2.048088101982801,2.1202592232437367,2.108240375667132,3.4686749015580567
E12,torus2,"step=1.0,k=0.0,V=5000,s=40,w=5",cbow,30,1,2.0,manifold,4.91578037204431,3.4458218235064257,4.936344402100728,7.829957836212829,2.457890186022155,1.7229109117532129,2.468172201050364,3.9149789181064145
E12,torus2,"step=1.0,k=0.0,V=5000,s=40,w=5",cbow,30,2,2.0,manifold,4.169267512642695,4.1009486051182105,4.269751772512563,7.825623160888773,2.0846337563213475,2.0504743025591052,2.1348758862562813,3.9128115804443864
E12,torus2,"step=1.0,k=0.0,V=5000,s=40,w=5",truth,0,1,2.0,manifold,1.961638491856225,2.021199567328063,1.965112650007497,3.4493255137352934,0.9808192459281125,1.0105997836640315,0.9825563250037485,1.7246627568676467
E12,torus2,"step=1.0,k=0.0,V=5000,s=40,w=5",truth,0,2,2.0,manifold,2.678108220876233,2.9163684013643936,2.88159265762828,3.437645024601224,1.3390541104381164,1.4581842006821968,1.44079632881414,1.718822512300612
E12,torus2,"step=1.0,k=1.5,V=5000,s=20,w=5",cbow,15,1,2.0,manifold,4.658869301763887,3.575339061724337,4.716348095705902,6.063113124558105,2.3294346508819435,1.7876695308621684,2.358174047852951,3.0315565622790523
E12,torus2,"step=1.0,k=1.5,V=5000,s=20,w=5",cbow,15,2,2.0,manifold,4.17550789037854,4.551766852646379,4.195589568113251,6.618733469928053,2.08775394518927,2.2758834263231895,2.0977947840566253,3.3093667349640263
E12,torus2,"step=1.0,k=1.5,V=5000,s=20,w=5",cbow,30,1,2.0,manifold,4.727581618305419,3.58954997140109,4.842711012574643,6.613463218145162,2.3637908091527096,1.794774985700545,2.4213555062873215,3.306731609072581
E12,torus2,"step=1.0,k=1.5,V=5000,s=20,w=5",cbow,30,2,2.0,manifold,4.101614669084987,4.414297311919341,4.402854103765517,6.886248871507004,2.0508073345424935,2.2071486559596707,2.2014270518827583,3.443124435753502
E12,torus2,"step=1.0,k=1.5,V=5000,s=20,w=5",truth,0,1,2.0,manifold,2.03648146104698,2.0567606855521348,2.0411238178267626,3.041060339950977,1.01824073052349,1.0283803427760674,1.0205619089133813,1.5205301699754885
E12,torus2,"step=1.0,k=1.5,V=5000,s=20,w=5",truth,0,2,2.0,manifold,2.950793551510786,3.0983067243256475,3.073297763309251,3.0189364355556783,1.475396775755393,1.5491533621628237,1.5366488816546255,1.5094682177778391
E12,torus2,"step=1.0,k=3.0,V=5000,s=20,w=5",cbow,15,1,2.0,manifold,5.786715779017704,4.028453589979058,5.864849731963346,3.535883585679638,2.893357889508852,2.014226794989529,2.932424865981673,1.767941792839819
E12,torus2,"step=1.0,k=3.0,V=5000,s=20,w=5",cbow,15,2,2.0,manifold,4.328056701689908,4.607105891298021,4.343552599766796,4.818425309936483,2.164028350844954,2.3035529456490105,2.171776299883398,2.4092126549682416
E12,torus2,"step=1.0,k=3.0,V=5000,s=20,w=5",cbow,30,1,2.0,manifold,6.059931254069856,3.892940247397747,6.15317449614489,4.121053604207967,3.029965627034928,1.9464701236988735,3.076587248072445,2.0605268021039835
E12,torus2,"step=1.0,k=3.0,V=5000,s=20,w=5",cbow,30,2,2.0,manifold,4.3333721391976825,4.651754822852254,4.6357632396044455,5.219935444490699,2.1666860695988412,2.325877411426127,2.3178816198022227,2.6099677222453495
E12,torus2,"step=1.0,k=3.0,V=5000,s=20,w=5",truth,0,1,2.0,manifold,1.971173843040954,1.99988739766518,1.9778895656438171,2.245504799167034,0.985586921520477,0.99994369883259,0.9889447828219086,1.122752399583517
E12,torus2,"step=1.0,k=3.0,V=5000,s=20,w=5",truth,0,2,2.0,manifold,3.1834332055775008,3.360885394606038,3.172755061955714,2.278008856249541,1.5917166027887504,1.680442697303019,1.586377530977857,1.1390044281247704
E12,torus2,"step=1.0,k=5.0,V=5000,s=20,w=5",cbow,15,1,2.0,manifold,7.564297543978852,4.121575757759787,8.486701202999573,3.012979275289997,3.782148771989426,2.0607878788798937,4.243350601499786,1.5064896376449985
E12,torus2,"step=1.0,k=5.0,V=5000,s=20,w=5",cbow,15,2,2.0,manifold,4.689490346488694,4.914911819849721,4.9026642078192015,4.094525706844147,2.344745173244347,2.4574559099248603,2.4513321039096008,2.0472628534220734
E12,torus2,"step=1.0,k=5.0,V=5000,s=20,w=5",cbow,30,1,2.0,manifold,8.303315309628172,4.283263676748593,10.40428007743499,2.912295710168894,4.151657654814086,2.1416318383742965,5.202140038717495,1.456147855084447
E12,torus2,"step=1.0,k=5.0,V=5000,s=20,w=5",cbow,30,2,2.0,manifold,4.51266437329129,4.892725248738909,5.009282235785356,4.226230109976383,2.256332186645645,2.4463626243694545,2.504641117892678,2.1131150549881914
E12,torus2,"step=1.0,k=5.0,V=5000,s=20,w=5",truth,0,1,2.0,manifold,2.049756056322516,2.00265469678461,2.049262580332041,2.25961124231186,1.024878028161258,1.001327348392305,1.0246312901660204,1.12980562115593
E12,torus2,"step=1.0,k=5.0,V=5000,s=20,w=5",truth,0,2,2.0,manifold,3.0841565997276743,3.510704920231375,3.1564176750116504,2.245386804367987,1.5420782998638372,1.7553524601156876,1.5782088375058252,1.1226934021839936
E12,torus2,"step=2.0,k=0.0,V=5000,s=20,w=5",cbow,15,1,2.0,manifold,4.466446131981271,3.3544448963524784,4.4978525629073545,6.403919624442423,2.2332230659906354,1.6772224481762392,2.2489262814536772,3.2019598122212116
E12,torus2,"step=2.0,k=0.0,V=5000,s=20,w=5",cbow,15,2,2.0,manifold,4.4128600267783895,4.529154567409259,4.573166820167807,6.246848480628479,2.2064300133891948,2.2645772837046296,2.2865834100839035,3.1234242403142396
E12,torus2,"step=2.0,k=0.0,V=5000,s=20,w=5",cbow,30,1,2.0,manifold,4.612645353064847,3.3241704651604334,4.674600968284713,7.074497297087072,2.3063226765324236,1.6620852325802167,2.3373004841423564,3.537248648543536
E12,torus2,"step=2.0,k=0.0,V=5000,s=20,w=5",cbow,30,2,2.0,manifold,4.3467084115991845,4.451962475228693,4.499682102174006,6.495072673405615,2.1733542057995923,2.2259812376143464,2.249841051087003,3.2475363367028076
E12,torus2,"step=2.0,k=0.0,V=5000,s=20,w=5",truth,0,1,2.0,manifold,1.9683373225388692,1.9943959714226325,1.975742431975836,3.4491498007741024,0.9841686612694346,0.9971979857113162,0.987871215987918,1.7245749003870512
E12,torus2,"step=2.0,k=0.0,V=5000,s=20,w=5",truth,0,2,2.0,manifold,3.097771588953804,3.216428858922624,3.150702791253037,3.442435095573161,1.548885794476902,1.608214429461312,1.5753513956265186,1.7212175477865805
E12,torus2,"step=3.0,k=0.0,V=5000,s=20,w=5",cbow,15,1,2.0,manifold,4.669135893477722,3.478495088742924,4.769356985804057,5.903029206403538,2.334567946738861,1.739247544371462,2.3846784929020286,2.951514603201769
E12,torus2,"step=3.0,k=0.0,V=5000,s=20,w=5",cbow,15,2,2.0,manifold,4.685729410143538,4.886216009560965,4.959507887704199,5.773145394355375,2.342864705071769,2.4431080047804823,2.4797539438520997,2.8865726971776877
E12,torus2,"step=3.0,k=0.0,V=5000,s=20,w=5",cbow,30,1,2.0,manifold,4.958034762783068,3.4773283123813057,5.099308240612316,6.165553657561534,2.479017381391534,1.7386641561906528,2.549654120306158,3.082776828780767
E12,torus2,"step=3.0,k=0.0,V=5000,s=20,w=5",cbow,30,2,2.0,manifold,4.868215401411339,4.898065626225421,4.892942643429967,6.051381894644316,2.4341077007056695,2.4490328131127104,2.4464713217149834,3.025690947322158
E12,torus2,"step=3.0,k=0.0,V=5000,s=20,w=5",truth,0,1,2.0,manifold,1.9573790322516675,2.0225972074285874,1.953204351450672,3.44896270967386,0.9786895161258338,1.0112986037142937,0.976602175725336,1.72448135483693
E12,torus2,"step=3.0,k=0.0,V=5000,s=20,w=5",truth,0,2,2.0,manifold,3.272802727280116,3.469093200855251,3.3638411040544605,3.440969038206801,1.636401363640058,1.7345466004276255,1.6819205520272302,1.7204845191034004
E12,torus4,"step=0.5,k=0.0,V=5000,s=20,w=5",cbow,15,1,4.0,manifold,8.505389646335667,6.68557970540649,8.533993497977638,8.60181490771789,2.1263474115839167,1.6713949263516226,2.1334983744944096,2.1504537269294723
E12,torus4,"step=0.5,k=0.0,V=5000,s=20,w=5",cbow,15,2,4.0,manifold,6.418876670470841,7.479247129328894,6.891444165244486,9.970951729135985,1.6047191676177102,1.8698117823322236,1.7228610413111216,2.492737932283996
E12,torus4,"step=0.5,k=0.0,V=5000,s=20,w=5",cbow,30,1,4.0,manifold,8.765559371292092,6.551265801835887,8.812977629069522,9.57267237946852,2.191389842823023,1.6378164504589718,2.2032444072673805,2.39316809486713
E12,torus4,"step=0.5,k=0.0,V=5000,s=20,w=5",cbow,30,2,4.0,manifold,6.297077461977501,7.572463248852922,6.647932640861313,10.367908502687786,1.5742693654943754,1.8931158122132306,1.6619831602153283,2.5919771256719466
E12,torus4,"step=0.5,k=0.0,V=5000,s=20,w=5",truth,0,1,4.0,manifold,4.089769122437186,4.092653515943632,4.0985000796524975,6.422508010348837,1.0224422806092965,1.023163378985908,1.0246250199131244,1.6056270025872093
E12,torus4,"step=0.5,k=0.0,V=5000,s=20,w=5",truth,0,2,4.0,manifold,5.344657920395143,6.411140872634274,5.713862085613972,6.384503834317796,1.3361644800987857,1.6027852181585684,1.428465521403493,1.596125958579449
E12,torus4,"step=1.0,k=0.0,V=18000,s=20,w=5",cbow,15,1,4.0,manifold,6.70392484401768,6.185828155670019,6.504917116951264,8.686704239462738,1.67598121100442,1.5464570389175047,1.626229279237816,2.1716760598656846
E12,torus4,"step=1.0,k=0.0,V=18000,s=20,w=5",cbow,15,2,4.0,manifold,7.161876675665083,7.883600100943622,7.130884815143169,7.846476249936308,1.7904691689162708,1.9709000252359055,1.7827212037857922,1.961619062484077
E12,torus4,"step=1.0,k=0.0,V=18000,s=20,w=5",cbow,30,1,4.0,manifold,6.993705145594792,6.1699991633479305,6.527027512113658,9.069607404401188,1.748426286398698,1.5424997908369826,1.6317568780284144,2.267401851100297
E12,torus4,"step=1.0,k=0.0,V=18000,s=20,w=5",cbow,30,2,4.0,manifold,7.212924676131499,7.450919868836591,7.211610600296883,8.782357587355351,1.8032311690328748,1.8627299672091477,1.8029026500742207,2.195589396838838
E12,torus4,"step=1.0,k=0.0,V=18000,s=20,w=5",truth,0,1,4.0,manifold,4.014757926122852,4.062006311138603,3.902806471987226,6.412398314749426,1.003689481530713,1.0155015777846508,0.9757016179968065,1.6030995786873565
E12,torus4,"step=1.0,k=0.0,V=18000,s=20,w=5",truth,0,2,4.0,manifold,6.339017458450575,6.075441509578333,6.257465942061381,6.419922591153709,1.5847543646126439,1.5188603773945832,1.5643664855153452,1.6049806477884272
E12,torus4,"step=1.0,k=0.0,V=5000,s=10,w=5",cbow,15,1,4.0,manifold,8.225286729662809,6.420974634896102,8.356367745600895,7.981256321595951,2.0563216824157022,1.6052436587240255,2.089091936400224,1.9953140803989877
E12,torus4,"step=1.0,k=0.0,V=5000,s=10,w=5",cbow,15,2,4.0,manifold,6.9001274251982005,7.800865622623923,7.0926596845882015,10.35665838223441,1.7250318562995501,1.9502164056559808,1.7731649211470504,2.5891645955586027
E12,torus4,"step=1.0,k=0.0,V=5000,s=10,w=5",cbow,30,1,4.0,manifold,8.700434155040396,6.445159271453311,8.825999307814582,9.199899852927944,2.175108538760099,1.6112898178633277,2.2064998269536455,2.299974963231986
E12,torus4,"step=1.0,k=0.0,V=5000,s=10,w=5",cbow,30,2,4.0,manifold,6.871127013340254,8.006104449038027,7.382398356557013,10.665021566918597,1.7177817533350634,2.0015261122595067,1.8455995891392531,2.666255391729649
E12,torus4,"step=1.0,k=0.0,V=5000,s=10,w=5",truth,0,1,4.0,manifold,4.061258863841481,4.164838300217079,4.054697674745443,6.414033990380873,1.0153147159603702,1.0412095750542698,1.0136744186863607,1.6035084975952183
E12,torus4,"step=1.0,k=0.0,V=5000,s=10,w=5",truth,0,2,4.0,manifold,5.730923673249591,6.633262671333483,6.0159659595706,6.395003779738714,1.4327309183123977,1.6583156678333708,1.50399148989265,1.5987509449346784
E12,torus4,"step=1.0,k=0.0,V=5000,s=20,w=10",cbow,15,1,4.0,manifold,7.958281672874452,6.467683808830471,8.005498734309901,7.859727233707601,1.989570418218613,1.6169209522076178,2.0013746835774753,1.9649318084269003
E12,torus4,"step=1.0,k=0.0,V=5000,s=20,w=10",cbow,15,2,4.0,manifold,6.788805557762867,7.9735229319871,7.326055821817461,11.218904151568376,1.6972013894407167,1.993380732996775,1.8315139554543653,2.804726037892094
E12,torus4,"step=1.0,k=0.0,V=5000,s=20,w=10",cbow,30,1,4.0,manifold,8.793512830911379,6.634113993091249,8.836466946017559,9.170158525232749,2.1983782077278446,1.6585284982728123,2.2091167365043898,2.292539631308187
E12,torus4,"step=1.0,k=0.0,V=5000,s=20,w=10",cbow,30,2,4.0,manifold,7.05188588094847,8.15466247628693,7.448048714759201,11.252153908567362,1.7629714702371175,2.0386656190717325,1.8620121786898003,2.8130384771418404
E12,torus4,"step=1.0,k=0.0,V=5000,s=20,w=10",truth,0,1,4.0,manifold,4.061258863841481,4.164838300217079,4.054697674745443,6.414033990380873,1.0153147159603702,1.0412095750542698,1.0136744186863607,1.6035084975952183
E12,torus4,"step=1.0,k=0.0,V=5000,s=20,w=10",truth,0,2,4.0,manifold,5.789197530772423,6.699904797216504,6.161526227120602,6.408836631997754,1.4472993826931058,1.674976199304126,1.5403815567801504,1.6022091579994384
E12,torus4,"step=1.0,k=0.0,V=5000,s=20,w=2",cbow,15,1,4.0,manifold,8.332121998916103,6.404246821546368,8.457206712600208,8.268398817806089,2.0830304997290257,1.601061705386592,2.114301678150052,2.0670997044515222
E12,torus4,"step=1.0,k=0.0,V=5000,s=20,w=2",cbow,15,2,4.0,manifold,6.917508599618863,7.902016719122004,7.4891086723715805,12.171682521918688,1.7293771499047157,1.975504179780501,1.8722771680928951,3.042920630479672
E12,torus4,"step=1.0,k=0.0,V=5000,s=20,w=2",cbow,30,1,4.0,manifold,8.796613240554137,6.297486024471099,8.939489927446443,9.159866104152911,2.1991533101385343,1.5743715061177748,2.234872481861611,2.289966526038228
E12,torus4,"step=1.0,k=0.0,V=5000,s=20,w=2",cbow,30,2,4.0,manifold,7.086996333201396,8.369594878864419,7.669093003621826,11.678469023258478,1.771749083300349,2.0923987197161047,1.9172732509054564,2.9196172558146194
E12,torus4,"step=1.0,k=0.0,V=5000,s=20,w=2",truth,0,1,4.0,manifold,4.061258863841481,4.164838300217079,4.054697674745443,6.414033990380873,1.0153147159603702,1.0412095750542698,1.0136744186863607,1.6035084975952183
E12,torus4,"step=1.0,k=0.0,V=5000,s=20,w=2",truth,0,2,4.0,manifold,5.789197530772423,6.699904797216504,6.161526227120602,6.408836631997754,1.4472993826931058,1.674976199304126,1.5403815567801504,1.6022091579994384
E12,torus4,"step=1.0,k=0.0,V=5000,s=20,w=5",cbow,15,1,4.0,manifold,8.115064787109732,6.085940601515042,8.170798851124346,7.92312983648658,2.028766196777433,1.5214851503787605,2.0426997127810864,1.980782459121645
E12,torus4,"step=1.0,k=0.0,V=5000,s=20,w=5",cbow,15,2,4.0,manifold,6.768323974816947,7.858890705272473,7.093049413449784,10.81464450841506,1.6920809937042367,1.9647226763181183,1.773262353362446,2.703661127103765
E12,torus4,"step=1.0,k=0.0,V=5000,s=20,w=5",cbow,30,1,4.0,manifold,8.495275012181168,,8.603405101387184,9.046707925230196,2.123818753045292,,2.150851275346796,2.261676981307549
E12,torus4,"step=1.0,k=0.0,V=5000,s=20,w=5",cbow,30,2,4.0,manifold,6.892480955924271,7.971451877631146,7.580784384206435,10.589416871302326,1.7231202389810678,1.9928629694077864,1.8951960960516088,2.6473542178255816
E12,torus4,"step=1.0,k=0.0,V=5000,s=20,w=5",truth,0,1,4.0,manifold,4.061258863841481,4.164838300217079,4.054697674745443,6.414033990380873,1.0153147159603702,1.0412095750542698,1.0136744186863607,1.6035084975952183
E12,torus4,"step=1.0,k=0.0,V=5000,s=20,w=5",truth,0,2,4.0,manifold,5.789197530772423,6.699904797216504,6.161526227120602,6.408836631997754,1.4472993826931058,1.674976199304126,1.5403815567801504,1.6022091579994384
E12,torus4,"step=1.0,k=0.0,V=5000,s=40,w=5",cbow,15,1,4.0,manifold,8.077955933544631,6.403403279759619,8.108178880696096,7.89731041727144,2.019488983386158,1.6008508199399047,2.027044720174024,1.97432760431786
E12,torus4,"step=1.0,k=0.0,V=5000,s=40,w=5",cbow,15,2,4.0,manifold,6.593693218737864,8.087561745761263,7.006398277076412,11.235610399305472,1.648423304684466,2.021890436440316,1.751599569269103,2.808902599826368
E12,torus4,"step=1.0,k=0.0,V=5000,s=40,w=5",cbow,30,1,4.0,manifold,8.59088134001057,6.52209983118285,8.641284929779285,8.902991972398208,2.1477203350026426,1.6305249577957126,2.1603212324448213,2.225747993099552
E12,torus4,"step=1.0,k=0.0,V=5000,s=40,w=5",cbow,30,2,4.0,manifold,6.775462149301374,8.144876424825126,7.23439617539327,11.212508359509622,1.6938655373253435,2.0362191062062815,1.8085990438483175,2.8031270898774054
E12,torus4,"step=1.0,k=0.0,V=5000,s=40,w=5",truth,0,1,4.0,manifold,4.061258863841481,4.164838300217079,4.054697674745443,6.414033990380873,1.0153147159603702,1.0412095750542698,1.0136744186863607,1.6035084975952183
E12,torus4,"step=1.0,k=0.0,V=5000,s=40,w=5",truth,0,2,4.0,manifold,5.802871565490126,6.571114380326374,5.834211536787446,6.399015226543742,1.4507178913725316,1.6427785950815934,1.4585528841968616,1.5997538066359356
E12,torus4,"step=1.0,k=1.5,V=5000,s=20,w=5",cbow,15,1,4.0,manifold,7.573401926870485,7.995177147965078,7.618447630671403,6.885126974678886,1.8933504817176212,1.9987942869912696,1.9046119076678507,1.7212817436697214
E12,torus4,"step=1.0,k=1.5,V=5000,s=20,w=5",cbow,15,2,4.0,manifold,5.875672245365287,8.209095908250212,6.198637700467696,10.401491062556907,1.4689180613413217,2.052273977062553,1.549659425116924,2.600372765639227
E12,torus4,"step=1.0,k=1.5,V=5000,s=20,w=5",cbow,30,1,4.0,manifold,8.35800868140604,7.606930269525008,8.457276167108095,7.681548023190077,2.08950217035151,1.901732567381252,2.1143190417770237,1.9203870057975192
E12,torus4,"step=1.0,k=1.5,V=5000,s=20,w=5",cbow,30,2,4.0,manifold,5.77531495689006,8.421576315447616,6.250997103557431,10.294809738868556,1.443828739222515,2.105394078861904,1.5627492758893577,2.573702434717139
E12,torus4,"step=1.0,k=1.5,V=5000,s=20,w=5",truth,0,1,4.0,manifold,4.040458052756125,4.230654363550933,4.006825559955168,5.500377457835867,1.0101145131890312,1.0576635908877332,1.001706389988792,1.3750943644589668
E12,torus4,"step=1.0,k=1.5,V=5000,s=20,w=5",truth,0,2,4.0,manifold,5.532103631308191,6.671079069476063,5.772953992738977,6.043440212389752,1.3830259078270477,1.6677697673690157,1.4432384981847441,1.510860053097438
E12,torus4,"step=1.0,k=3.0,V=5000,s=20,w=5",cbow,15,1,4.0,manifold,8.431036461123021,7.233941461218621,8.575387038380534,6.740570368202159,2.1077591152807553,1.8084853653046553,2.1438467595951334,1.6851425920505398
E12,torus4,"step=1.0,k=3.0,V=5000,s=20,w=5",cbow,15,2,4.0,manifold,4.651474944793714,,4.655938145913504,9.921602976372196,1.1628687361984285,,1.163984536478376,2.480400744093049
E12,torus4,"step=1.0,k=3.0,V=5000,s=20,w=5",cbow,30,1,4.0,manifold,8.98977506682722,8.710192180670175,9.263041868231364,8.388405715997244,2.247443766706805,2.1775480451675437,2.315760467057841,2.097101428999311
E12,torus4,"step=1.0,k=3.0,V=5000,s=20,w=5",cbow,30,2,4.0,manifold,4.77448653023514,,4.693201596625771,10.468782503989466,1.193621632558785,,1.1733003991564428,2.6171956259973665
E12,torus4,"step=1.0,k=3.0,V=5000,s=20,w=5",truth,0,1,4.0,manifold,4.011942200239323,3.998585849282967,3.995293259567009,3.863723290249992,1.0029855500598308,0.9996464623207417,0.9988233148917522,0.965930822562498
E12,torus4,"step=1.0,k=3.0,V=5000,s=20,w=5",truth,0,2,4.0,manifold,4.771701000688789,5.955151707813903,5.0920258782950185,5.633705613111741,1.1929252501721972,1.4887879269534758,1.2730064695737546,1.4084264032779352
E12,torus4,"step=1.0,k=5.0,V=5000,s=20,w=5",cbow,15,1,4.0,manifold,9.009488112071974,,9.230583264322949,6.642323913610444,2.2523720280179935,,2.307645816080737,1.660580978402611
E12,torus4,"step=1.0,k=5.0,V=5000,s=20,w=5",cbow,15,2,4.0,manifold,4.320804939215073,7.3876835220643855,3.871193773476852,9.798899994272768,1.0802012348037682,1.8469208805160964,0.967798443369213,2.449724998568192
E12,torus4,"step=1.0,k=5.0,V=5000,s=20,w=5",cbow,30,1,4.0,manifold,9.5801358637707,,9.564082268196298,9.184777278338888,2.395033965942675,,2.3910205670490745,2.296194319584722
E12,torus4,"step=1.0,k=5.0,V=5000,s=20,w=5",cbow,30,2,4.0,manifold,4.590811934770195,7.68847987165689,3.964264590660468,9.953917581386351,1.1477029836925488,1.9221199679142225,0.991066147665117,2.488479395346588
E12,torus4,"step=1.0,k=5.0,V=5000,s=20,w=5",truth,0,1,4.0,manifold,4.017541429895519,3.859442101618277,4.013295729268136,2.6075085221016736,1.0043853574738797,0.9648605254045692,1.003323932317034,0.6518771305254184
E12,torus4,"step=1.0,k=5.0,V=5000,s=20,w=5",truth,0,2,4.0,manifold,4.515780704034606,5.039678159103749,4.527002381282014,5.155580251515359,1.1289451760086515,1.2599195397759373,1.1317505953205036,1.2888950628788398
E12,torus4,"step=2.0,k=0.0,V=5000,s=20,w=5",cbow,15,1,4.0,manifold,8.668400817085685,6.39929404044225,8.836369951426057,7.895747205246704,2.167100204271421,1.5998235101105625,2.2090924878565144,1.973936801311676
E12,torus4,"step=2.0,k=0.0,V=5000,s=20,w=5",cbow,15,2,4.0,manifold,8.30455089054654,8.970680595192277,8.310957284239393,12.621928753225337,2.076137722636635,2.2426701487980694,2.0777393210598483,3.155482188306334
E12,torus4,"step=2.0,k=0.0,V=5000,s=20,w=5",cbow,30,1,4.0,manifold,10.293707584141986,7.065774183567007,10.465390889801387,9.619052980497662,2.5734268960354965,1.7664435458917518,2.616347722450347,2.4047632451244154
E12,torus4,"step=2.0,k=0.0,V=5000,s=20,w=5",cbow,30,2,4.0,manifold,8.620379207986678,9.732021974580132,9.0808880215082,12.429676531540226,2.1550948019966696,2.433005493645033,2.27022200537705,3.1074191328850564
E12,torus4,"step=2.0,k=0.0,V=5000,s=20,w=5",truth,0,1,4.0,manifold,3.870437381060444,4.109840277462188,3.816264089838839,6.427046001613353,0.967609345265111,1.027460069365547,0.9540660224597097,1.6067615004033382
E12,torus4,"step=2.0,k=0.0,V=5000,s=20,w=5",truth,0,2,4.0,manifold,6.912794127658103,7.590801073982298,6.836960579263071,11.635757252511494,1.7281985319145257,1.8977002684955746,1.7092401448157677,2.9089393131278736
E12,torus4,"step=3.0,k=0.0,V=5000,s=20,w=5",cbow,15,1,4.0,manifold,9.306420409456912,7.599321858519402,9.49259351436276,7.80012581788469,2.326605102364228,1.8998304646298505,2.37314837859069,1.9500314544711725
E12,torus4,"step=3.0,k=0.0,V=5000,s=20,w=5",cbow,15,2,4.0,manifold,9.71895094195202,10.360673248360111,9.6783762132545,12.342296753051713,2.429737735488005,2.590168312090028,2.419594053313625,3.085574188262928
E12,torus4,"step=3.0,k=0.0,V=5000,s=20,w=5",cbow,30,1,4.0,manifold,12.809893990365028,10.100156313404025,13.019462335169756,6.662936369311378,3.202473497591257,2.525039078351006,3.254865583792439,1.6657340923278445
E12,torus4,"step=3.0,k=0.0,V=5000,s=20,w=5",cbow,30,2,4.0,manifold,11.012693976184654,12.13091226279839,11.225549361195096,12.39380733124776,2.7531734940461634,3.0327280656995974,2.806387340298774,3.09845183281194
E12,torus4,"step=3.0,k=0.0,V=5000,s=20,w=5",truth,0,1,4.0,manifold,3.9819710524790497,4.171234162966124,4.009740657334367,6.41161948122924,0.9954927631197624,1.042808540741531,1.0024351643335918,1.60290487030731
E12,torus4,"step=3.0,k=0.0,V=5000,s=20,w=5",truth,0,2,4.0,manifold,7.741688972349244,8.49987459970783,7.997790653548849,11.852261495273554,1.935422243087311,2.1249686499269576,1.9994476633872122,2.9630653738183885
E12,torus6,"step=0.5,k=0.0,V=5000,s=20,w=5",cbow,15,1,6.0,manifold,10.992237079023138,9.73826364842622,11.085959534601756,11.223220458861473,1.832039513170523,1.6230439414043698,1.8476599224336259,1.8705367431435789
E12,torus6,"step=0.5,k=0.0,V=5000,s=20,w=5",cbow,15,2,6.0,manifold,8.408289594739259,10.591501239595416,9.051294260437857,16.948044338779173,1.4013815991232097,1.7652502065992361,1.5085490434063094,2.8246740564631954
E12,torus6,"step=0.5,k=0.0,V=5000,s=20,w=5",cbow,30,1,6.0,manifold,11.410786114143589,9.62834479739654,11.525037366352189,11.219624733471331,1.901797685690598,1.6047241328994233,1.9208395610586981,1.8699374555785553
E12,torus6,"step=0.5,k=0.0,V=5000,s=20,w=5",cbow,30,2,6.0,manifold,8.597918845109662,10.74174274267818,8.946814332849847,17.13012335031279,1.4329864741849436,1.79029045711303,1.4911357221416413,2.855020558385465
E12,torus6,"step=0.5,k=0.0,V=5000,s=20,w=5",truth,0,1,6.0,manifold,6.321165688518206,6.703535328892194,6.262272685048994,9.384459052722908,1.0535276147530344,1.117255888148699,1.0437121141748322,1.5640765087871513
E12,torus6,"step=0.5,k=0.0,V=5000,s=20,w=5",truth,0,2,6.0,manifold,8.15721839516441,9.739464826130076,8.494020626772727,14.956939389136627,1.3595363991940683,1.623244137688346,1.4156701044621212,2.492823231522771
E12,torus6,"step=1.0,k=0.0,V=18000,s=20,w=5",cbow,15,1,6.0,manifold,9.67390583200184,9.067323414061333,9.396328418042298,10.00387098226112,1.6123176386669733,1.511220569010222,1.566054736340383,1.6673118303768533
E12,torus6,"step=1.0,k=0.0,V=18000,s=20,w=5",cbow,15,2,6.0,manifold,10.368233998493926,11.784752244237277,10.524675390269174,18.574708202461597,1.7280389997489876,1.9641253740395461,1.7541125650448623,3.0957847004102663
E12,torus6,"step=1.0,k=0.0,V=18000,s=20,w=5",cbow,30,1,6.0,manifold,10.01201012770036,9.085564168587672,9.497822100400771,9.980891295877573,1.6686683546167267,1.514260694764612,1.5829703500667953,1.663481882646262
E12,torus6,"step=1.0,k=0.0,V=18000,s=20,w=5",cbow,30,2,6.0,manifold,10.63699363343292,11.78827757785252,10.70569112820079,17.290354957653218,1.7728322722388201,1.9647129296420867,1.7842818547001318,2.8817258262755363
E12,torus6,"step=1.0,k=0.0,V=18000,s=20,w=5",truth,0,1,6.0,manifold,6.065143301257353,6.466627749829024,6.182432010648923,9.37785915781524,1.0108572168762255,1.0777712916381705,1.030405335108154,1.5629765263025401
E12,torus6,"step=1.0,k=0.0,V=18000,s=20,w=5",truth,0,2,6.0,manifold,9.929565527147876,10.55508504733713,9.966375516524549,16.76775890935842,1.6549275878579792,1.759180841222855,1.6610625860874249,2.79462648489307
E12,torus6,"step=1.0,k=0.0,V=5000,s=10,w=5",cbow,15,1,6.0,manifold,10.473854804681393,8.929132223193289,10.64212038592172,11.060012238174036,1.7456424674468989,1.4881887038655481,1.7736867309869533,1.8433353730290059
E12,torus6,"step=1.0,k=0.0,V=5000,s=10,w=5",cbow,15,2,6.0,manifold,9.49288290509772,11.859907243803764,10.299177398658427,17.13535302493431,1.5821471508496199,1.9766512073006275,1.7165295664430713,2.855892170822385
E12,torus6,"step=1.0,k=0.0,V=5000,s=10,w=5",cbow,30,1,6.0,manifold,11.40764391981487,9.538287281626785,11.562971148856208,10.68235201678536,1.9012739866358117,1.5897145469377973,1.9271618581427015,1.7803920027975602
E12,torus6,"step=1.0,k=0.0,V=5000,s=10,w=5",cbow,30,2,6.0,manifold,9.922243442579706,11.901293519183607,10.441390109026592,16.586667669388515,1.653707240429951,1.9835489198639344,1.7402316848377655,2.7644446115647523
E12,torus6,"step=1.0,k=0.0,V=5000,s=10,w=5",truth,0,1,6.0,manifold,6.312705508907949,6.590800004225245,6.176952967792932,9.409436831514643,1.0521175848179916,1.098466667370874,1.029492161298822,1.5682394719191073
E12,torus6,"step=1.0,k=0.0,V=5000,s=10,w=5",truth,0,2,6.0,manifold,9.204905132922804,10.961970078028717,9.49325786761082,15.983721456781474,1.534150855487134,1.826995013004786,1.5822096446018035,2.6639535761302455
E12,torus6,"step=1.0,k=0.0,V=5000,s=20,w=10",cbow,15,1,6.0,manifold,10.782991201434507,8.740237451199196,10.941860122330846,11.370145727426056,1.7971652002390845,1.4567062418665326,1.8236433537218077,1.8950242879043426
E12,torus6,"step=1.0,k=0.0,V=5000,s=20,w=10",cbow,15,2,6.0,manifold,9.687281888508451,11.843973910096404,9.951760272713091,16.53397444885868,1.6145469814180753,1.973995651682734,1.6586267121188485,2.755662408143113
E12,torus6,"step=1.0,k=0.0,V=5000,s=20,w=10",cbow,30,1,6.0,manifold,12.132659846762037,9.986005557666932,12.23559243024498,13.63924420962526,2.0221099744603395,1.6643342596111552,2.03926540504083,2.2732073682708767
E12,torus6,"step=1.0,k=0.0,V=5000,s=20,w=10",cbow,30,2,6.0,manifold,9.864454026948527,12.524633742533876,10.361704875194816,17.00961637871642,1.644075671158088,2.0874389570889793,1.7269508125324693,2.8349360631194034
E12,torus6,"step=1.0,k=0.0,V=5000,s=20,w=10",truth,0,1,6.0,manifold,6.312705508907949,6.590800004225245,6.176952967792932,9.409436831514643,1.0521175848179916,1.098466667370874,1.029492161298822,1.5682394719191073
E12,torus6,"step=1.0,k=0.0,V=5000,s=20,w=10",truth,0,2,6.0,manifold,9.40542613516388,11.043507268081177,9.924708137758271,16.02524027191486,1.5675710225273134,1.840584544680196,1.6541180229597119,2.6708733786524768
E12,torus6,"step=1.0,k=0.0,V=5000,s=20,w=2",cbow,15,1,6.0,manifold,10.97176603296596,8.94802150894435,11.097815780858074,10.734962400772648,1.8286276721609933,1.4913369181573917,1.8496359634763457,1.7891604001287746
E12,torus6,"step=1.0,k=0.0,V=5000,s=20,w=2",cbow,15,2,6.0,manifold,10.022718077371133,12.048264145338258,10.301652635660254,17.336392151218796,1.6704530128951889,2.008044024223043,1.7169421059433756,2.889398691869799
E12,torus6,"step=1.0,k=0.0,V=5000,s=20,w=2",cbow,30,1,6.0,manifold,11.621265017225998,9.335492315757664,11.741754041975897,10.750198491751348,1.9368775028709997,1.5559153859596107,1.9569590069959828,1.7916997486252246
E12,torus6,"step=1.0,k=0.0,V=5000,s=20,w=2",cbow,30,2,6.0,manifold,9.596661354411602,12.42694918675105,10.303652746923824,17.024178591052895,1.5994435590686003,2.0711581977918416,1.7172754578206373,2.8373630985088156
E12,torus6,"step=1.0,k=0.0,V=5000,s=20,w=2",truth,0,1,6.0,manifold,6.312705508907949,6.590800004225245,6.176952967792932,9.409436831514643,1.0521175848179916,1.098466667370874,1.029492161298822,1.5682394719191073
E12,torus6,"step=1.0,k=0.0,V=5000,s=20,w=2",truth,0,2,6.0,manifold,9.40542613516388,11.043507268081177,9.924708137758271,16.02524027191486,1.5675710225273134,1.840584544680196,1.6541180229597119,2.6708733786524768
E12,torus6,"step=1.0,k=0.0,V=5000,s=20,w=5",cbow,15,1,6.0,manifold,10.721617620840542,9.02803396028164,10.706447416765936,10.675825706581,1.7869362701400904,1.5046723267136066,1.7844079027943227,1.7793042844301665
E12,torus6,"step=1.0,k=0.0,V=5000,s=20,w=5",cbow,15,2,6.0,manifold,9.770164107827174,11.99319394999362,9.991092097973103,17.099109460681692,1.6283606846378624,1.99886565833227,1.6651820163288507,2.849851576780282
E12,torus6,"step=1.0,k=0.0,V=5000,s=20,w=5",cbow,30,1,6.0,manifold,11.487552641327095,8.99489356238502,11.487179100563909,10.693606285528354,1.9145921068878493,1.49914892706417,1.9145298500939847,1.7822677142547256
E12,torus6,"step=1.0,k=0.0,V=5000,s=20,w=5",cbow,30,2,6.0,manifold,9.778052617828273,12.193058243506195,10.51162329198333,17.15644944065747,1.6296754363047121,2.0321763739176992,1.751937215330555,2.8594082401095786
E12,torus6,"step=1.0,k=0.0,V=5000,s=20,w=5",truth,0,1,6.0,manifold,6.312705508907949,6.590800004225245,6.176952967792932,9.409436831514643,1.0521175848179916,1.098466667370874,1.029492161298822,1.5682394719191073
E12,torus6,"step=1.0,k=0.0,V=5000,s=20,w=5",truth,0,2,6.0,manifold,9.40542613516388,11.043507268081177,9.924708137758271,16.02524027191486,1.5675710225273134,1.840584544680196,1.6541180229597119,2.6708733786524768
E12,torus6,"step=1.0,k=0.0,V=5000,s=40,w=5",cbow,15,1,6.0,manifold,10.3910364037261,8.789801484891077,10.565886106583914,10.672418432069922,1.7318394006210165,1.4649669141485129,1.7609810177639857,1.778736405344987
E12,torus6,"step=1.0,k=0.0,V=5000,s=40,w=5",cbow,15,2,6.0,manifold,9.74560225144237,11.936791687391391,10.357059074832245,17.058697307054054,1.6242670419070617,1.9894652812318985,1.7261765124720407,2.843116217842342
E12,torus6,"step=1.0,k=0.0,V=5000,s=40,w=5",cbow,30,1,6.0,manifold,11.12275321524934,9.342004607057936,11.275913898230522,10.67924071787906,1.8537922025415565,1.5570007678429894,1.8793189830384203,1.7798734529798432
E12,torus6,"step=1.0,k=0.0,V=5000,s=40,w=5",cbow,30,2,6.0,manifold,9.59910152464982,12.396607684585824,10.176024410188418,16.426113246199776,1.5998502541083033,2.066101280764304,1.6960040683647364,2.737685541033296
E12,torus6,"step=1.0,k=0.0,V=5000,s=40,w=5",truth,0,1,6.0,manifold,6.312705508907949,6.590800004225245,6.176952967792932,9.409436831514643,1.0521175848179916,1.098466667370874,1.029492161298822,1.5682394719191073
E12,torus6,"step=1.0,k=0.0,V=5000,s=40,w=5",truth,0,2,6.0,manifold,9.31646715214691,11.342627934249265,9.906461797749404,15.157535567660956,1.5527445253578183,1.8904379890415441,1.6510769662915674,2.5262559279434926
E12,torus6,"step=1.0,k=1.5,V=5000,s=20,w=5",cbow,15,1,6.0,manifold,10.75793680598161,11.088492420376838,10.913249001446168,9.903275288313376,1.7929894676636016,1.8480820700628062,1.8188748335743614,1.6505458813855627
E12,torus6,"step=1.0,k=1.5,V=5000,s=20,w=5",cbow,15,2,6.0,manifold,8.825900234557187,12.125253124942198,9.593057499655854,15.553621364614964,1.4709833724261978,2.0208755208236995,1.598842916609309,2.592270227435827
E12,torus6,"step=1.0,k=1.5,V=5000,s=20,w=5",cbow,30,1,6.0,manifold,11.793604957142383,11.477012832325128,11.999799271405587,9.896102248545398,1.9656008261903972,1.912835472054188,1.9999665452342645,1.6493503747575664
E12,torus6,"step=1.0,k=1.5,V=5000,s=20,w=5",cbow,30,2,6.0,manifold,9.039882417162998,12.191831816407618,9.45332392201018,15.624352888301605,1.5066470695271663,2.0319719694012695,1.5755539870016966,2.604058814716934
E12,torus6,"step=1.0,k=1.5,V=5000,s=20,w=5",truth,0,1,6.0,manifold,5.826255967610924,6.034637417883595,5.856984779124396,8.431320753035788,0.9710426612684873,1.0057729029805993,0.976164129854066,1.4052201255059646
E12,torus6,"step=1.0,k=1.5,V=5000,s=20,w=5",truth,0,2,6.0,manifold,8.936307427505277,10.858486415484736,9.140414522371689,14.630866967308084,1.4893845712508795,1.8097477359141225,1.5234024203952814,2.4384778278846806
E12,torus6,"step=1.0,k=3.0,V=5000,s=20,w=5",cbow,15,1,6.0,manifold,10.526498095613126,11.376819679788234,10.58199010494264,9.614086981414625,1.7544163492688545,1.896136613298039,1.76366501749044,1.6023478302357708
E12,torus6,"step=1.0,k=3.0,V=5000,s=20,w=5",cbow,15,2,6.0,manifold,7.811085694822495,11.242318824750525,8.380815319683911,13.89730152456528,1.301847615803749,1.8737198041250875,1.3968025532806518,2.3162169207608803
E12,torus6,"step=1.0,k=3.0,V=5000,s=20,w=5",cbow,30,1,6.0,manifold,12.231745183213876,12.077355837406015,12.26034260921874,9.570086565010122,2.0386241972023127,2.0128926395676694,2.04339043486979,1.595014427501687
E12,torus6,"step=1.0,k=3.0,V=5000,s=20,w=5",cbow,30,2,6.0,manifold,8.165996836873544,,8.526253755970082,14.011361454415692,1.3609994728122574,,1.4210422926616804,2.335226909069282
E12,torus6,"step=1.0,k=3.0,V=5000,s=20,w=5",truth,0,1,6.0,manifold,5.856575633388781,5.320396847642581,5.819345805903393,7.419891146213828,0.9760959388981302,0.8867328079404301,0.9698909676505655,1.2366485243689713
E12,torus6,"step=1.0,k=3.0,V=5000,s=20,w=5",truth,0,2,6.0,manifold,7.540684528203318,9.289830124278216,7.980554661053357,13.132783578124084,1.256780754700553,1.548305020713036,1.3300924435088928,2.1887972630206805
E12,torus6,"step=1.0,k=5.0,V=5000,s=20,w=5",cbow,15,1,6.0,manifold,10.881312095102654,,10.938329825924288,9.775755509354903,1.8135520158504423,,1.8230549709873813,1.629292584892484
E12,torus6,"step=1.0,k=5.0,V=5000,s=20,w=5",cbow,15,2,6.0,manifold,7.606297994368848,10.401077821205934,7.98643950583111,13.37100806357672,1.267716332394808,1.733512970200989,1.3310732509718517,2.2285013439294534
E12,torus6,"step=1.0,k=5.0,V=5000,s=20,w=5",cbow,30,1,6.0,manifold,12.821549213143127,11.38716798408219,12.954975566802169,9.777121188382184,2.136924868857188,1.8978613306803649,2.1591625944670283,1.6295201980636973
E12,torus6,"step=1.0,k=5.0,V=5000,s=20,w=5",cbow,30,2,6.0,manifold,7.828920232036097,,7.813646229773851,13.362783385032325,1.304820038672683,,1.302274371628975,2.2271305641720542
E12,torus6,"step=1.0,k=5.0,V=5000,s=20,w=5",truth,0,1,6.0,manifold,5.6298726958076655,5.368021588631921,5.6373570196474825,6.23657528803685,0.9383121159679443,0.8946702647719867,0.9395595032745804,1.0394292146728084
E12,torus6,"step=1.0,k=5.0,V=5000,s=20,w=5",truth,0,2,6.0,manifold,6.4885297820020735,7.954952841818192,6.627372741404518,11.73795248479901,1.081421630333679,1.3258254736363653,1.1045621235674197,1.9563254141331683
E12,torus6,"step=2.0,k=0.0,V=5000,s=20,w=5",cbow,15,1,6.0,manifold,11.260427714100905,10.096213281012172,11.326897174601989,13.045162862875674,1.8767379523501508,1.6827022135020286,1.887816195766998,2.174193810479279
E12,torus6,"step=2.0,k=0.0,V=5000,s=20,w=5",cbow,15,2,6.0,manifold,13.19574630490072,15.492842284547486,13.622180964950578,19.491748544361723,2.1992910508167864,2.5821403807579144,2.27036349415843,3.2486247573936207
E12,torus6,"step=2.0,k=0.0,V=5000,s=20,w=5",cbow,30,1,6.0,manifold,18.52817337771528,16.661914174947533,18.46125910746876,28.128909452919277,3.08802889628588,2.776985695824589,3.07687651791146,4.688151575486546
E12,torus6,"step=2.0,k=0.0,V=5000,s=20,w=5",cbow,30,2,6.0,manifold,12.637635028560364,17.613645949626527,13.339970952868704,22.426220211332694,2.1062725047600606,2.935607658271088,2.223328492144784,3.737703368555449
E12,torus6,"step=2.0,k=0.0,V=5000,s=20,w=5",truth,0,1,6.0,manifold,6.273440958707835,6.5665588225569405,6.244092943834028,9.390394087919535,1.0455734931179725,1.0944264704261568,1.0406821573056713,1.5650656813199226
E12,torus6,"step=2.0,k=0.0,V=5000,s=20,w=5",truth,0,2,6.0,manifold,11.96227013661403,13.39603639738624,12.338870568007676,17.397178629573652,1.9937116894356717,2.2326727328977065,2.0564784280012796,2.8995297715956085
E12,torus6,"step=3.0,k=0.0,V=5000,s=20,w=5",cbow,15,1,6.0,manifold,13.369549399524775,13.121778137738987,13.149201225461304,14.057573619935312,2.228258233254129,2.186963022956498,2.191533537576884,2.3429289366558854
E12,torus6,"step=3.0,k=0.0,V=5000,s=20,w=5",cbow,15,2,6.0,manifold,12.487280668271186,17.05440406336419,13.70007332965777,18.241283703641564,2.081213444711864,2.842400677227365,2.2833455549429615,3.0402139506069275
E12,torus6,"step=3.0,k=0.0,V=5000,s=20,w=5",cbow,30,1,6.0,manifold,23.523119031813707,23.13954489080801,23.283280959359324,28.219994672626623,3.920519838635618,3.8565908151346684,3.8805468265598875,4.703332445437771
E12,torus6,"step=3.0,k=0.0,V=5000,s=20,w=5",cbow,30,2,6.0,manifold,11.022346155043916,,12.188733061666182,22.41484583836403,1.8370576925073194,,2.031455510277697,3.7358076397273385
E12,torus6,"step=3.0,k=0.0,V=5000,s=20,w=5",truth,0,1,6.0,manifold,6.302692869423138,6.584705309778771,6.328623816698019,9.436741918147652,1.050448811570523,1.0974508849631286,1.0547706361163365,1.5727903196912754
E12,torus6,"step=3.0,k=0.0,V=5000,s=20,w=5",truth,0,2,6.0,manifold,12.473865852103412,14.074295300344149,12.687800242925974,17.20482970953047,2.0789776420172354,2.3457158833906915,2.1146333738209955,2.867471618255078
E7,cube2,walk=dist,cbow,10,1,2.0,pseudo_dist,4.94,4.74,4.465,5.32,2.47,2.37,2.2325,2.66
E7,cube2,walk=dist,cbow,10,2,2.0,pseudo_dist,6.73,7.0649999999999995,6.62,9.38,3.365,3.5324999999999998,3.31,4.69
E7,cube2,walk=dist,cbow,15,1,2.0,pseudo_dist,5.46,5.535,5.01,6.63,2.73,2.7675,2.505,3.315
E7,cube2,walk=dist,cbow,15,2,2.0,pseudo_dist,7.39,9.870000000000001,7.42,11.08,3.695,4.9350000000000005,3.71,5.54
E7,cube2,walk=dist,cbow,2,1,2.0,pseudo_dist,1.99,1.895,1.995,0.92,0.995,0.9475,0.9975,0.46
E7,cube2,walk=dist,cbow,2,2,2.0,pseudo_dist,3.57,2.95,3.44,1.89,1.785,1.475,1.72,0.945
E7,cube2,walk=dist,cbow,5,1,2.0,pseudo_dist,3.54,3.6550000000000002,3.4299999999999997,3.35,1.77,1.8275000000000001,1.7149999999999999,1.675
E7,cube2,walk=dist,cbow,5,2,2.0,pseudo_dist,5.35,5.64,5.130000000000001,6.01,2.675,2.82,2.5650000000000004,3.005
E7,cube2,walk=dist,svd,10,1,2.0,pseudo_dist,6.25,5.279999999999999,5.529999999999999,2.09,3.125,2.6399999999999997,2.7649999999999997,1.045
E7,cube2,walk=dist,svd,10,2,2.0,pseudo_dist,6.66,,6.6850000000000005,3.72,3.33,,3.3425000000000002,1.86
E7,cube2,walk=dist,svd,15,1,2.0,pseudo_dist,6.95,5.984999999999999,5.99,3.86,3.475,2.9924999999999997,2.995,1.93
E7,cube2,walk=dist,svd,15,2,2.0,pseudo_dist,7.24,,7.545,7.0,3.62,,3.7725,3.5
E7,cube2,walk=dist,svd,2,1,2.0,pseudo_dist,2.0,1.88,1.9449999999999998,0.63,1.0,0.94,0.9724999999999999,0.315
E7,cube2,walk=dist,svd,2,2,2.0,pseudo_dist,3.65,3.795,3.455,0.8,1.825,1.8975,1.7275,0.4
E7,cube2,walk=dist,svd,5,1,2.0,pseudo_dist,4.37,4.32,3.995,1.06,2.185,2.16,1.9975,0.53
E7,cube2,walk=dist,svd,5,2,2.0,pseudo_dist,6.28,,5.79,1.74,3.14,,2.895,0.87
E7,cube2,walk=dist,truth,2,1,2.0,pseudo_dist,2.04,1.94,2.04,1.95,1.02,0.97,1.02,0.975
E7,cube2,walk=dist,truth,2,2,2.0,pseudo_dist,3.69,3.93,3.74,1.95,1.845,1.965,1.87,0.975
E7,cube2,walk=eps,cbow,10,1,2.0,pseudo_eps,2.81,2.71,2.88,6.72,1.405,1.355,1.44,3.36
E7,cube2,walk=eps,cbow,10,2,2.0,pseudo_eps,3.02,3.175,3.27,6.34,1.51,1.5875,1.635,3.17
E7,cube2,walk=eps,cbow,15,1,2.0,pseudo_eps,2.91,2.625,2.985,6.98,1.455,1.3125,1.4925,3.49
E7,cube2,walk=eps,cbow,15,2,2.0,pseudo_eps,2.96,3.045,3.22,6.54,1.48,1.5225,1.61,3.27
E7,cube2,walk=eps,cbow,2,1,2.0,pseudo_eps,2.04,1.895,2.045,1.39,1.02,0.9475,1.0225,0.695
E7,cube2,walk=eps,cbow,2,2,2.0,pseudo_eps,2.93,2.6,2.93,1.43,1.465,1.3,1.465,0.715
E7,cube2,walk=eps,cbow,5,1,2.0,pseudo_eps,2.88,3.125,2.9,4.06,1.44,1.5625,1.45,2.03
E7,cube2,walk=eps,cbow,5,2,2.0,pseudo_eps,2.89,3.635,3.0949999999999998,4.08,1.445,1.8175,1.5474999999999999,2.04
E7,cube2,walk=eps,svd,10,1,2.0,pseudo_eps,2.59,1.81,2.55,2.37,1.295,0.905,1.275,1.185
E7,cube2,walk=eps,svd,10,2,2.0,pseudo_eps,2.67,2.5300000000000002,2.7750000000000004,2.36,1.335,1.2650000000000001,1.3875000000000002,1.18
E7,cube2,walk=eps,svd,15,1,2.0,pseudo_eps,2.83,1.915,2.82,3.29,1.415,0.9575,1.41,1.645
E7,cube2,walk=eps,svd,15,2,2.0,pseudo_eps,2.67,2.545,2.675,3.2,1.335,1.2725,1.3375,1.6
E7,cube2,walk=eps,svd,2,1,2.0,pseudo_eps,0.98,0.96,0.975,0.51,0.49,0.48,0.4875,0.255
E7,cube2,walk=eps,svd,2,2,2.0,pseudo_eps,1.8,1.8900000000000001,1.8849999999999998,0.5,0.9,0.9450000000000001,0.9424999999999999,0.25
E7,cube2,walk=eps,svd,5,1,2.0,pseudo_eps,2.18,,2.145,0.92,1.09,,1.0725,0.46
E7,cube2,walk=eps,svd,5,2,2.0,pseudo_eps,2.58,2.42,2.625,0.93,1.29,1.21,1.3125,0.465
E7,cube2,walk=eps,truth,2,1,2.0,pseudo_eps,2.04,1.975,2.045,1.95,1.02,0.9875,1.0225,0.975
E7,cube2,walk=eps,truth,2,2,2.0,pseudo_eps,2.43,2.48,2.645,1.94,1.215,1.24,1.3225,0.97
E7,cube3,walk=dist,cbow,10,1,3.0,pseudo_dist,6.48,5.640000000000001,6.37,5.17,2.16,1.8800000000000001,2.1233333333333335,1.7233333333333334
E7,cube3,walk=dist,cbow,10,2,3.0,pseudo_dist,7.98,8.01,7.7,9.44,2.66,2.67,2.566666666666667,3.1466666666666665
E7,cube3,walk=dist,cbow,15,1,3.0,pseudo_dist,8.03,7.0600000000000005,7.875,6.74,2.6766666666666663,2.3533333333333335,2.625,2.2466666666666666
E7,cube3,walk=dist,cbow,15,2,3.0,pseudo_dist,9.11,9.49,8.795,12.05,3.0366666666666666,3.1633333333333336,2.9316666666666666,4.016666666666667
E7,cube3,walk=dist,cbow,2,1,3.0,pseudo_dist,2.04,1.76,2.0149999999999997,0.92,0.68,0.5866666666666667,0.6716666666666665,0.3066666666666667
E7,cube3,walk=dist,cbow,2,2,3.0,pseudo_dist,3.22,2.59,3.0549999999999997,1.85,1.0733333333333335,0.8633333333333333,1.0183333333333333,0.6166666666666667
E7,cube3,walk=dist,cbow,5,1,3.0,pseudo_dist,3.78,3.635,3.74,3.63,1.26,1.2116666666666667,1.2466666666666668,1.21
E7,cube3,walk=dist,cbow,5,2,3.0,pseudo_dist,6.13,6.095,5.835,6.63,2.0433333333333334,2.0316666666666667,1.945,2.21
E7,cube3,walk=dist,svd,10,1,3.0,pseudo_dist,8.32,7.67,7.6850000000000005,5.91,2.7733333333333334,2.5566666666666666,2.561666666666667,1.97
E7,cube3,walk=dist,svd,10,2,3.0,pseudo_dist,9.15,9.184999999999999,9.24,8.73,3.0500000000000003,3.061666666666666,3.08,2.91
E7,cube3,walk=dist,svd,15,1,3.0,pseudo_dist,10.76,,9.675,7.6,3.5866666666666664,,3.225,2.533333333333333
E7,cube3,walk=dist,svd,15,2,3.0,pseudo_dist,8.61,9.335,9.04,10.3,2.8699999999999997,3.111666666666667,3.013333333333333,3.4333333333333336
E7,cube3,walk=dist,svd,2,1,3.0,pseudo_dist,2.07,1.79,2.045,0.86,0.69,0.5966666666666667,0.6816666666666666,0.2866666666666667
E7,cube3,walk=dist,svd,2,2,3.0,pseudo_dist,3.9,3.995,3.7800000000000002,1.77,1.3,1.3316666666666668,1.26,0.59
E7,cube3,walk=dist,svd,5,1,3.0,pseudo_dist,4.84,4.455,4.745,3.04,1.6133333333333333,1.485,1.5816666666666668,1.0133333333333334
E7,cube3,walk=dist,svd,5,2,3.0,pseudo_dist,7.29,7.390000000000001,7.035,5.23,2.43,2.4633333333333334,2.345,1.7433333333333334
E7,cube3,walk=dist,truth,3,1,3.0,pseudo_dist,2.88,2.865,2.92,2.92,0.96,0.9550000000000001,0.9733333333333333,0.9733333333333333
E7,cube3,walk=dist,truth,3,2,3.0,pseudo_dist,5.37,5.545,5.43,5.51,1.79,1.8483333333333334,1.8099999999999998,1.8366666666666667
E7,cube3,walk=eps,cbow,10,1,3.0,pseudo_eps,3.65,3.33,3.645,6.36,1.2166666666666666,1.11,1.215,2.12
E7,cube3,walk=eps,cbow,10,2,3.0,pseudo_eps,3.98,4.275,4.275,6.07,1.3266666666666667,1.425,1.425,2.0233333333333334
E7,cube3,walk=eps,cbow,15,1,3.0,pseudo_eps,3.88,3.525,3.915,6.78,1.2933333333333332,1.175,1.305,2.2600000000000002
E7,cube3,walk=eps,cbow,15,2,3.0,pseudo_eps,4.03,4.305,4.32,6.47,1.3433333333333335,1.4349999999999998,1.4400000000000002,2.1566666666666667
E7,cube3,walk=eps,cbow,2,1,3.0,pseudo_eps,2.04,1.74,2.04,1.48,0.68,0.58,0.68,0.49333333333333335
E7,cube3,walk=eps,cbow,2,2,3.0,pseudo_eps,2.9,2.58,2.8,1.49,0.9666666666666667,0.86,0.9333333333333332,0.49666666666666665
E7,cube3,walk=eps,cbow,5,1,3.0,pseudo_eps,3.41,3.41,3.415,4.02,1.1366666666666667,1.1366666666666667,1.1383333333333334,1.3399999999999999
E7,cube3,walk=eps,cbow,5,2,3.0,pseudo_eps,3.69,4.415,3.95,4.01,1.23,1.4716666666666667,1.3166666666666667,1.3366666666666667
E7,cube3,walk=eps,svd,10,1,3.0,pseudo_eps,5.26,4.395,5.255,3.52,1.7533333333333332,1.4649999999999999,1.7516666666666667,1.1733333333333333
E7,cube3,walk=eps,svd,10,2,3.0,pseudo_eps,4.59,4.535,4.8,3.46,1.53,1.5116666666666667,1.5999999999999999,1.1533333333333333
E7,cube3,walk=eps,svd,15,1,3.0,pseudo_eps,5.95,4.6,5.9350000000000005,4.28,1.9833333333333334,1.5333333333333332,1.9783333333333335,1.4266666666666667
E7,cube3,walk=eps,svd,15,2,3.0,pseudo_eps,4.77,4.865,4.9350000000000005,4.16,1.5899999999999999,1.6216666666666668,1.6450000000000002,1.3866666666666667
E7,cube3,walk=eps,svd,2,1,3.0,pseudo_eps,2.07,2.065,2.065,0.92,0.69,0.6883333333333334,0.6883333333333334,0.3066666666666667
E7,cube3,walk=eps,svd,2,2,3.0,pseudo_eps,3.56,3.54,3.615,0.92,1.1866666666666668,1.18,1.205,0.3066666666666667
E7,cube3,walk=eps,svd,5,1,3.0,pseudo_eps,4.1,3.36,4.115,2.67,1.3666666666666665,1.1199999999999999,1.3716666666666668,0.89
E7,cube3,walk=eps,svd,5,2,3.0,pseudo_eps,4.2,4.185,4.27,2.65,1.4000000000000001,1.3949999999999998,1.4233333333333331,0.8833333333333333
E7,cube3,walk=eps,truth,3,1,3.0,pseudo_eps,2.88,2.865,2.92,2.92,0.96,0.9550000000000001,0.9733333333333333,0.9733333333333333
E7,cube3,walk=eps,truth,3,2,3.0,pseudo_eps,3.4,3.79,3.715,2.9,1.1333333333333333,1.2633333333333334,1.2383333333333333,0.9666666666666667
E7,cube4,walk=dist,cbow,10,1,4.0,pseudo_dist,7.41,7.039999999999999,7.4,6.27,1.8525,1.7599999999999998,1.85,1.5675
E7,cube4,walk=dist,cbow,10,2,4.0,pseudo_dist,10.05,9.975000000000001,9.855,11.67,2.5125,2.4937500000000004,2.46375,2.9175
E7,cube4,walk=dist,cbow,15,1,4.0,pseudo_dist,10.38,9.43,10.39,8.95,2.595,2.3575,2.5975,2.2375
E7,cube4,walk=dist,cbow,15,2,4.0,pseudo_dist,11.84,12.795,11.53,15.18,2.96,3.19875,2.8825,3.795
E7,cube4,walk=dist,cbow,2,1,4.0,pseudo_dist,2.03,1.935,2.035,0.92,0.5075,0.48375,0.50875,0.23
E7,cube4,walk=dist,cbow,2,2,4.0,pseudo_dist,3.15,2.46,2.94,1.95,0.7875,0.615,0.735,0.4875
E7,cube4,walk=dist,cbow,5,1,4.0,pseudo_dist,3.91,4.045,3.885,3.82,0.9775,1.01125,0.97125,0.955
E7,cube4,walk=dist,cbow,5,2,4.0,pseudo_dist,6.82,6.59,6.945,7.24,1.705,1.6475,1.73625,1.81
E7,cube4,walk=dist,svd,10,1,4.0,pseudo_dist,8.81,7.725,8.545,6.86,2.2025,1.93125,2.13625,1.715
E7,cube4,walk=dist,svd,10,2,4.0,pseudo_dist,7.61,9.0,8.415,9.43,1.9025,2.25,2.10375,2.3575
E7,cube4,walk=dist,svd,15,1,4.0,pseudo_dist,10.62,8.525,10.295,7.77,2.655,2.13125,2.57375,1.9425
E7,cube4,walk=dist,svd,15,2,4.0,pseudo_dist,7.43,9.46,8.43,10.83,1.8575,2.365,2.1075,2.7075
E7,cube4,walk=dist,svd,2,1,4.0,pseudo_dist,2.04,2.055,2.045,0.9,0.51,0.51375,0.51125,0.225
E7,cube4,walk=dist,svd,2,2,4.0,pseudo_dist,3.84,3.605,3.77,1.9,0.96,0.90125,0.9425,0.475
E7,cube4,walk=dist,svd,5,1,4.0,pseudo_dist,4.87,4.79,4.93,3.8,1.2175,1.1975,1.2325,0.95
E7,cube4,walk=dist,svd,5,2,4.0,pseudo_dist,7.07,7.29,7.15,6.61,1.7675,1.8225,1.7875,1.6525
E7,cube4,walk=dist,truth,4,1,4.0,pseudo_dist,3.89,3.83,3.9000000000000004,3.87,0.9725,0.9575,0.9750000000000001,0.9675
E7,cube4,walk=dist,truth,4,2,4.0,pseudo_dist,6.82,7.22,7.03,7.49,1.705,1.805,1.7575,1.8725
E7,cube4,walk=eps,cbow,10,1,4.0,pseudo_eps,4.45,4.16,4.49,6.43,1.1125,1.04,1.1225,1.6075
E7,cube4,walk=eps,cbow,10,2,4.0,pseudo_eps,4.9,5.335,5.26,6.15,1.225,1.33375,1.315,1.5375
E7,cube4,walk=eps,cbow,15,1,4.0,pseudo_eps,4.78,4.29,4.795,6.98,1.195,1.0725,1.19875,1.745
E7,cube4,walk=eps,cbow,15,2,4.0,pseudo_eps,4.99,5.535,5.385,6.63,1.2475,1.38375,1.34625,1.6575
E7,cube4,walk=eps,cbow,2,1,4.0,pseudo_eps,1.99,1.76,1.98,1.52,0.4975,0.44,0.495,0.38
E7,cube4,walk=eps,cbow,2,2,4.0,pseudo_eps,3.06,2.57,2.83,1.5,0.765,0.6425,0.7075,0.375
E7,cube4,walk=eps,cbow,5,1,4.0,pseudo_eps,3.73,3.76,3.7199999999999998,3.97,0.9325,0.94,0.9299999999999999,0.9925
E7,cube4,walk=eps,cbow,5,2,4.0,pseudo_eps,4.68,5.23,4.8100000000000005,3.95,1.17,1.3075,1.2025000000000001,0.9875
E7,cube4,walk=eps,svd,10,1,4.0,pseudo_eps,7.22,6.36,7.1850000000000005,4.78,1.805,1.59,1.7962500000000001,1.195
E7,cube4,walk=eps,svd,10,2,4.0,pseudo_eps,5.77,6.845,6.24,7.24,1.4425,1.71125,1.56,1.81
E7,cube4,walk=eps,svd,15,1,4.0,pseudo_eps,8.29,7.17,8.215,5.67,2.0725,1.7925,2.05375,1.4175
E7,cube4,walk=eps,svd,15,2,4.0,pseudo_eps,5.95,7.04,6.4350000000000005,8.69,1.4875,1.76,1.6087500000000001,2.1725
E7,cube4,walk=eps,svd,2,1,4.0,pseudo_eps,2.01,2.065,2.0,0.91,0.5025,0.51625,0.5,0.2275
E7,cube4,walk=eps,svd,2,2,4.0,pseudo_eps,3.73,3.8049999999999997,3.66,0.91,0.9325,0.9512499999999999,0.915,0.2275
E7,cube4,walk=eps,svd,5,1,4.0,pseudo_eps,4.71,4.54,4.725,3.59,1.1775,1.135,1.18125,0.8975
E7,cube4,walk=eps,svd,5,2,4.0,pseudo_eps,5.14,5.93,5.609999999999999,3.51,1.285,1.4825,1.4024999999999999,0.8775
E7,cube4,walk=eps,truth,4,1,4.0,pseudo_eps,3.89,3.835,3.885,3.87,0.9725,0.95875,0.97125,0.9675
E7,cube4,walk=eps,truth,4,2,4.0,pseudo_eps,4.5,5.154999999999999,4.895,3.84,1.125,1.2887499999999998,1.22375,0.96
E7,cube6,walk=dist,cbow,10,1,6.0,pseudo_dist,8.62,8.12,8.620000000000001,8.64,1.4366666666666665,1.3533333333333333,1.4366666666666668,1.4400000000000002
E7,cube6,walk=dist,cbow,10,2,6.0,pseudo_dist,11.93,13.155000000000001,11.99,15.2,1.9883333333333333,2.1925000000000003,1.9983333333333333,2.533333333333333
E7,cube6,walk=dist,cbow,15,1,6.0,pseudo_dist,12.36,12.645,12.405,13.49,2.06,2.1075,2.0675,2.2483333333333335
E7,cube6,walk=dist,cbow,15,2,6.0,pseudo_dist,13.15,17.165,13.955,18.64,2.191666666666667,2.8608333333333333,2.325833333333333,3.106666666666667
E7,cube6,walk=dist,cbow,2,1,6.0,pseudo_dist,2.06,1.83,2.035,0.92,0.3433333333333333,0.305,0.33916666666666667,0.15333333333333335
E7,cube6,walk=dist,cbow,2,2,6.0,pseudo_dist,3.02,2.35,2.8,1.96,0.5033333333333333,0.39166666666666666,0.4666666666666666,0.32666666666666666
E7,cube6,walk=dist,cbow,5,1,6.0,pseudo_dist,3.99,4.115,3.975,3.93,0.665,0.6858333333333334,0.6625,0.655
E7,cube6,walk=dist,cbow,5,2,6.0,pseudo_dist,7.2,7.345000000000001,7.155,7.72,1.2,1.2241666666666668,1.1925000000000001,1.2866666666666666
E7,cube6,walk=dist,svd,10,1,6.0,pseudo_dist,8.59,6.970000000000001,8.485,6.81,1.4316666666666666,1.1616666666666668,1.4141666666666666,1.135
E7,cube6,walk=dist,svd,10,2,6.0,pseudo_dist,7.95,9.285,7.715,9.09,1.325,1.5475,1.2858333333333334,1.515
E7,cube6,walk=dist,svd,15,1,6.0,pseudo_dist,10.66,8.165,10.2,7.62,1.7766666666666666,1.3608333333333331,1.7,1.27
E7,cube6,walk=dist,svd,15,2,6.0,pseudo_dist,7.72,,8.06,10.3,1.2866666666666666,,1.3433333333333335,1.7166666666666668
E7,cube6,walk=dist,svd,2,1,6.0,pseudo_dist,1.98,2.0300000000000002,1.975,0.92,0.33,0.3383333333333334,0.32916666666666666,0.15333333333333335
E7,cube6,walk=dist,svd,2,2,6.0,pseudo_dist,3.75,3.7649999999999997,3.88,1.94,0.625,0.6275,0.6466666666666666,0.3233333333333333
E7,cube6,walk=dist,svd,5,1,6.0,pseudo_dist,4.74,4.46,4.8149999999999995,3.77,0.79,0.7433333333333333,0.8024999999999999,0.6283333333333333
E7,cube6,walk=dist,svd,5,2,6.0,pseudo_dist,6.94,7.2,7.095000000000001,6.61,1.1566666666666667,1.2,1.1825,1.1016666666666668
E7,cube6,walk=dist,truth,6,1,6.0,pseudo_dist,5.56,5.535,5.525,5.72,0.9266666666666666,0.9225,0.9208333333333334,0.9533333333333333
E7,cube6,walk=dist,truth,6,2,6.0,pseudo_dist,9.59,9.975,9.344999999999999,11.08,1.5983333333333334,1.6624999999999999,1.5574999999999999,1.8466666666666667
E7,cube6,walk=eps,cbow,10,1,6.0,pseudo_eps,5.99,5.74,5.98,6.86,0.9983333333333334,0.9566666666666667,0.9966666666666667,1.1433333333333333
E7,cube6,walk=eps,cbow,10,2,6.0,pseudo_eps,5.92,7.220000000000001,6.369999999999999,6.64,0.9866666666666667,1.2033333333333334,1.0616666666666665,1.1066666666666667
E7,cube6,walk=eps,cbow,15,1,6.0,pseudo_eps,6.35,6.220000000000001,6.390000000000001,7.63,1.0583333333333333,1.0366666666666668,1.0650000000000002,1.2716666666666667
E7,cube6,walk=eps,cbow,15,2,6.0,pseudo_eps,6.14,7.605,6.385,7.86,1.0233333333333332,1.2675,1.0641666666666667,1.31
E7,cube6,walk=eps,cbow,2,1,6.0,pseudo_eps,2.05,1.7200000000000002,2.04,0.92,0.3416666666666666,0.2866666666666667,0.34,0.15333333333333335
E7,cube6,walk=eps,cbow,2,2,6.0,pseudo_eps,3.14,2.535,2.9450000000000003,0.92,0.5233333333333333,0.42250000000000004,0.4908333333333334,0.15333333333333335
E7,cube6,walk=eps,cbow,5,1,6.0,pseudo_eps,4.01,4.1450000000000005,3.995,3.96,0.6683333333333333,0.6908333333333334,0.6658333333333334,0.66
E7,cube6,walk=eps,cbow,5,2,6.0,pseudo_eps,5.53,6.28,5.6899999999999995,3.94,0.9216666666666667,1.0466666666666666,0.9483333333333333,0.6566666666666666
E7,cube6,walk=eps,svd,10,1,6.0,pseudo_eps,8.42,8.17,8.485,6.91,1.4033333333333333,1.3616666666666666,1.4141666666666666,1.1516666666666666
E7,cube6,walk=eps,svd,10,2,6.0,pseudo_eps,6.58,7.505,6.97,11.01,1.0966666666666667,1.2508333333333332,1.1616666666666666,1.835
E7,cube6,walk=eps,svd,15,1,6.0,pseudo_eps,9.76,,9.64,8.15,1.6266666666666667,,1.6066666666666667,1.3583333333333334
E7,cube6,walk=eps,svd,15,2,6.0,pseudo_eps,6.48,8.3,7.06,11.86,1.08,1.3833333333333335,1.1766666666666665,1.9766666666666666
E7,cube6,walk=eps,svd,2,1,6.0,pseudo_eps,2.03,2.12,2.025,1.9,0.3383333333333333,0.35333333333333333,0.33749999999999997,0.31666666666666665
E7,cube6,walk=eps,svd,2,2,6.0,pseudo_eps,3.66,3.5199999999999996,3.4450000000000003,1.94,0.61,0.5866666666666666,0.5741666666666667,0.3233333333333333
E7,cube6,walk=eps,svd,5,1,6.0,pseudo_eps,4.93,4.99,4.949999999999999,4.44,0.8216666666666667,0.8316666666666667,0.8249999999999998,0.7400000000000001
E7,cube6,walk=eps,svd,5,2,6.0,pseudo_eps,6.34,6.635,6.58,7.32,1.0566666666666666,1.1058333333333332,1.0966666666666667,1.22
E7,cube6,walk=eps,truth,6,1,6.0,pseudo_eps,5.56,5.535,5.525,5.72,0.9266666666666666,0.9225,0.9208333333333334,0.9533333333333333
E7,cube6,walk=eps,truth,6,2,6.0,pseudo_eps,5.93,7.2,6.43,5.58,0.9883333333333333,1.2,1.0716666666666665,0.93
