[  636121ms] TypeError: Cannot read properties of null (reading '3')
    at convertDate (https://jupyter.hpc.hse.ru/hub/spawn-pending/aoshavrina:437:21)
    at Object.updateJobExpStart [as success] (https://jupyter.hpc.hse.ru/hub/spawn-pending/aoshavrina:445:68)
    at c (https://jupyter.hpc.hse.ru/hub/static/components/jquery/dist/jquery.min.js?v=f3de1813a4160f9239f4781938645e1589b876759cd50b7936dbd849a35c38ffaed53f6a61dbdd8a1cf43cf4a28aa9fffbfddeec9a3811a1bb4ee6df58652b31:2:28327)
    at Object.fireWith [as resolveWith] (https://jupyter.hpc.hse.ru/hub/static/components/jquery/dist/jquery.min.js?v=f3de1813a4160f9239f4781938645e1589b876759cd50b7936dbd849a35c38ffaed53f6a61dbdd8a1cf43cf4a28aa9fffbfddeec9a3811a1bb4ee6df58652b31:2:29072)
    at l (https://jupyter.hpc.hse.ru/hub/static/components/jquery/dist/jquery.min.js?v=f3de1813a4160f9239f4781938645e1589b876759cd50b7936dbd849a35c38ffaed53f6a61dbdd8a1cf43cf4a28aa9fffbfddeec9a3811a1bb4ee6df58652b31:2:79901)
    at XMLHttpRequest.<anonymous> (https://jupyter.hpc.hse.ru/hub/static/components/jquery/dist/jquery.min.js?v=f3de1813a4160f9239f4781938645e1589b876759cd50b7936dbd849a35c38ffaed53f6a61dbdd8a1cf43cf4a28aa9fffbfddeec9a3811a1bb4ee6df58652b31:2:82355)
[  636202ms] TypeError: Cannot read properties of null (reading '3')
    at convertDate (https://jupyter.hpc.hse.ru/hub/spawn-pending/aoshavrina:437:21)
    at Object.updateJobExpStart [as success] (https://jupyter.hpc.hse.ru/hub/spawn-pending/aoshavrina:445:68)
    at c (https://jupyter.hpc.hse.ru/hub/static/components/jquery/dist/jquery.min.js?v=f3de1813a4160f9239f4781938645e1589b876759cd50b7936dbd849a35c38ffaed53f6a61dbdd8a1cf43cf4a28aa9fffbfddeec9a3811a1bb4ee6df58652b31:2:28327)
    at Object.fireWith [as resolveWith] (https://jupyter.hpc.hse.ru/hub/static/components/jquery/dist/jquery.min.js?v=f3de1813a4160f9239f4781938645e1589b876759cd50b7936dbd849a35c38ffaed53f6a61dbdd8a1cf43cf4a28aa9fffbfddeec9a3811a1bb4ee6df58652b31:2:29072)
    at l (https://jupyter.hpc.hse.ru/hub/static/components/jquery/dist/jquery.min.js?v=f3de1813a4160f9239f4781938645e1589b876759cd50b7936dbd849a35c38ffaed53f6a61dbdd8a1cf43cf4a28aa9fffbfddeec9a3811a1bb4ee6df58652b31:2:79901)
    at XMLHttpRequest.<anonymous> (https://jupyter.hpc.hse.ru/hub/static/components/jquery/dist/jquery.min.js?v=f3de1813a4160f9239f4781938645e1589b876759cd50b7936dbd849a35c38ffaed53f6a61dbdd8a1cf43cf4a28aa9fffbfddeec9a3811a1bb4ee6df58652b31:2:82355)
[  636225ms] TypeError: Cannot read properties of null (reading '3')
    at convertDate (https://jupyter.hpc.hse.ru/hub/spawn-pending/aoshavrina:437:21)
    at Object.updateJobExpStart [as success] (https://jupyter.hpc.hse.ru/hub/spawn-pending/aoshavrina:445:68)
    at c (https://jupyter.hpc.hse.ru/hub/static/components/jquery/dist/jquery.min.js?v=f3de1813a4160f9239f4781938645e1589b876759cd50b7936dbd849a35c38ffaed53f6a61dbdd8a1cf43cf4a28aa9fffbfddeec9a3811a1bb4ee6df58652b31:2:28327)
    at Object.fireWith [as resolveWith] (https://jupyter.hpc.hse.ru/hub/static/components/jquery/dist/jquery.min.js?v=f3de1813a4160f9239f4781938645e1589b876759cd50b7936dbd849a35c38ffaed53f6a61dbdd8a1cf43cf4a28aa9fffbfddeec9a3811a1bb4ee6df58652b31:2:29072)
    at l (https://jupyter.hpc.hse.ru/hub/static/components/jquery/dist/jquery.min.js?v=f3de1813a4160f9239f4781938645e1589b876759cd50b7936dbd849a35c38ffaed53f6a61dbdd8a1cf43cf4a28aa9fffbfddeec9a3811a1bb4ee6df58652b31:2:79901)
    at XMLHttpRequest.<anonymous> (https://jupyter.hpc.hse.ru/hub/static/components/jquery/dist/jquery.min.js?v=f3de1813a4160f9239f4781938645e1589b876759cd50b7936dbd849a35c38ffaed53f6a61dbdd8a1cf43cf4a28aa9fffbfddeec9a3811a1bb4ee6df58652b31:2:82355)
[ 1980243ms] [WARNING] Unsatisfied version 3.4.3 from @jupyterlab/application-top of shared singleton module @jupyterlab/application (required ^3.6.2) @ https://jupyter.hpc.hse.ru/user/aoshavrina/lab/extensions/@cmd-ntrf/jupyterlab-lmod/static/remoteEntry.337561c2f2841a9379f9.js:0
[ 1980247ms] [WARNING] Unsatisfied version 3.4.3 from @jupyterlab/application-top of shared singleton module @jupyterlab/launcher (required ^3.6.2) @ https://jupyter.hpc.hse.ru/user/aoshavrina/lab/extensions/@cmd-ntrf/jupyterlab-lmod/static/remoteEntry.337561c2f2841a9379f9.js:0
[ 1980247ms] [WARNING] Unsatisfied version 5.4.3 from @jupyterlab/application-top of shared singleton module @jupyterlab/coreutils (required ^5.6.2) @ https://jupyter.hpc.hse.ru/user/aoshavrina/lab/extensions/@cmd-ntrf/jupyterlab-lmod/static/remoteEntry.337561c2f2841a9379f9.js:0
[ 1980248ms] [WARNING] Unsatisfied version 3.4.3 from @jupyterlab/application-top of shared singleton module @jupyterlab/apputils (required ^3.6.2) @ https://jupyter.hpc.hse.ru/user/aoshavrina/lab/extensions/@cmd-ntrf/jupyterlab-lmod/static/remoteEntry.337561c2f2841a9379f9.js:0
[ 1980249ms] [WARNING] Unsatisfied version 1.31.1 from @jupyterlab/application-top of shared singleton module @lumino/widgets (required ^1.37.1) @ https://jupyter.hpc.hse.ru/user/aoshavrina/lab/extensions/@cmd-ntrf/jupyterlab-lmod/static/remoteEntry.337561c2f2841a9379f9.js:0
[ 1980668ms] [WARNING] Default kernel not found, using 'conda-env-python-google_colab_gpu_2024-py' @ https://jupyter.hpc.hse.ru/user/aoshavrina/static/lab/jlab_core.fc632a0f38747f007842.js?v=fc632a0f38747f007842:1
[ 1980770ms] [WARNING] Default kernel not found, using 'conda-env-python-google_colab_gpu_2024-py' @ https://jupyter.hpc.hse.ru/user/aoshavrina/static/lab/jlab_core.fc632a0f38747f007842.js?v=fc632a0f38747f007842:1
[ 1981999ms] [LOG] JupyterFrontEnd extension lmod is activated! @ https://jupyter.hpc.hse.ru/user/aoshavrina/lab/extensions/@cmd-ntrf/jupyterlab-lmod/static/510.9e922b08dc3c39798590.js?v=9e922b08dc3c39798590:0
[ 1982259ms] [WARNING] Default kernel not found, using 'conda-env-python-google_colab_gpu_2024-py' @ https://jupyter.hpc.hse.ru/user/aoshavrina/static/lab/jlab_core.fc632a0f38747f007842.js?v=fc632a0f38747f007842:1
[ 1982629ms] [ERROR] Failed to load resource: the server responded with a status of 404 (Not Found) @ https://jupyter.hpc.hse.ru/user/aoshavrina/server-proxy/servers-info:0
[ 1982630ms] [LOG] Could not fetch metadata about registered servers. Make sure jupyter-server-proxy is installed. @ https://jupyter.hpc.hse.ru/user/aoshavrina/lab/extensions/@cmd-ntrf/jupyterlab-lmod/static/205.5a92ea90dceb055ae79b.js?v=5a92ea90dceb055ae79b:0
[ 1982630ms] [LOG] Response @ https://jupyter.hpc.hse.ru/user/aoshavrina/lab/extensions/@cmd-ntrf/jupyterlab-lmod/static/205.5a92ea90dceb055ae79b.js?v=5a92ea90dceb055ae79b:0
[ 2043996ms] [WARNING] Default kernel not found, using 'conda-env-python-google_colab_gpu_2024-py' @ https://jupyter.hpc.hse.ru/user/aoshavrina/static/lab/jlab_core.fc632a0f38747f007842.js?v=fc632a0f38747f007842:1
[ 2105720ms] [WARNING] Default kernel not found, using 'conda-env-python-google_colab_gpu_2024-py' @ https://jupyter.hpc.hse.ru/user/aoshavrina/static/lab/jlab_core.fc632a0f38747f007842.js?v=fc632a0f38747f007842:1
[ 2167437ms] [WARNING] Default kernel not found, using 'conda-env-python-google_colab_gpu_2024-py' @ https://jupyter.hpc.hse.ru/user/aoshavrina/static/lab/jlab_core.fc632a0f38747f007842.js?v=fc632a0f38747f007842:1
[ 2229126ms] [WARNING] Default kernel not found, using 'conda-env-python-google_colab_gpu_2024-py' @ https://jupyter.hpc.hse.ru/user/aoshavrina/static/lab/jlab_core.fc632a0f38747f007842.js?v=fc632a0f38747f007842:1
[ 2290804ms] [WARNING] Default kernel not found, using 'conda-env-python-google_colab_gpu_2024-py' @ https://jupyter.hpc.hse.ru/user/aoshavrina/static/lab/jlab_core.fc632a0f38747f007842.js?v=fc632a0f38747f007842:1
[ 2352503ms] [WARNING] Default kernel not found, using 'conda-env-python-google_colab_gpu_2024-py' @ https://jupyter.hpc.hse.ru/user/aoshavrina/static/lab/jlab_core.fc632a0f38747f007842.js?v=fc632a0f38747f007842:1
[ 2387779ms] [WARNING] Default kernel not found, using 'conda-env-python-google_colab_gpu_2024-py' @ https://jupyter.hpc.hse.ru/user/aoshavrina/static/lab/jlab_core.fc632a0f38747f007842.js?v=fc632a0f38747f007842:1
[ 2389420ms] [WARNING] Failed to fetch ipywidgets through the "jupyter.widget.control" comm channel, fallback to fetching individual model state. Reason: Control comm was closed too early @ https://jupyter.hpc.hse.ru/user/aoshavrina/lab/extensions/@jupyter-widgets/jupyterlab-manager/static/272.eb0d340d1eec40ac564f.js:0
[ 2414195ms] [WARNING] Default kernel not found, using 'conda-env-python-google_colab_gpu_2024-py' @ https://jupyter.hpc.hse.ru/user/aoshavrina/static/lab/jlab_core.fc632a0f38747f007842.js?v=fc632a0f38747f007842:1
[ 2475894ms] [WARNING] Default kernel not found, using 'conda-env-python-google_colab_gpu_2024-py' @ https://jupyter.hpc.hse.ru/user/aoshavrina/static/lab/jlab_core.fc632a0f38747f007842.js?v=fc632a0f38747f007842:1
[ 2537601ms] [WARNING] Default kernel not found, using 'conda-env-python-google_colab_gpu_2024-py' @ https://jupyter.hpc.hse.ru/user/aoshavrina/static/lab/jlab_core.fc632a0f38747f007842.js?v=fc632a0f38747f007842:1
[ 2567002ms] [WARNING] Canvas2D: Multiple readback operations using getImageData are faster with the willReadFrequently attribute set to true. See: https://html.spec.whatwg.org/multipage/canvas.html#concept-canvas-will-read-frequently @ https://jupyter.hpc.hse.ru/user/aoshavrina/static/lab/714.d38baae8faccca175d4b.js?v=d38baae8faccca175d4b:0
[ 2567304ms] [WARNING] Canvas2D: Multiple readback operations using getImageData are faster with the willReadFrequently attribute set to true. See: https://html.spec.whatwg.org/multipage/canvas.html#concept-canvas-will-read-frequently @ https://jupyter.hpc.hse.ru/user/aoshavrina/static/lab/714.d38baae8faccca175d4b.js?v=d38baae8faccca175d4b:0
[ 2599321ms] [WARNING] Default kernel not found, using 'conda-env-python-google_colab_gpu_2024-py' @ https://jupyter.hpc.hse.ru/user/aoshavrina/static/lab/jlab_core.fc632a0f38747f007842.js?v=fc632a0f38747f007842:1
[ 2661021ms] [WARNING] Default kernel not found, using 'conda-env-python-google_colab_gpu_2024-py' @ https://jupyter.hpc.hse.ru/user/aoshavrina/static/lab/jlab_core.fc632a0f38747f007842.js?v=fc632a0f38747f007842:1
[ 2722720ms] [WARNING] Default kernel not found, using 'conda-env-python-google_colab_gpu_2024-py' @ https://jupyter.hpc.hse.ru/user/aoshavrina/static/lab/jlab_core.fc632a0f38747f007842.js?v=fc632a0f38747f007842:1
[ 2784411ms] [WARNING] Default kernel not found, using 'conda-env-python-google_colab_gpu_2024-py' @ https://jupyter.hpc.hse.ru/user/aoshavrina/static/lab/jlab_core.fc632a0f38747f007842.js?v=fc632a0f38747f007842:1
[ 2846102ms] [WARNING] Default kernel not found, using 'conda-env-python-google_colab_gpu_2024-py' @ https://jupyter.hpc.hse.ru/user/aoshavrina/static/lab/jlab_core.fc632a0f38747f007842.js?v=fc632a0f38747f007842:1
[ 2907833ms] [WARNING] Default kernel not found, using 'conda-env-python-google_colab_gpu_2024-py' @ https://jupyter.hpc.hse.ru/user/aoshavrina/static/lab/jlab_core.fc632a0f38747f007842.js?v=fc632a0f38747f007842:1
[ 2969528ms] [WARNING] Default kernel not found, using 'conda-env-python-google_colab_gpu_2024-py' @ https://jupyter.hpc.hse.ru/user/aoshavrina/static/lab/jlab_core.fc632a0f38747f007842.js?v=fc632a0f38747f007842:1
[ 3031264ms] [WARNING] Default kernel not found, using 'conda-env-python-google_colab_gpu_2024-py' @ https://jupyter.hpc.hse.ru/user/aoshavrina/static/lab/jlab_core.fc632a0f38747f007842.js?v=fc632a0f38747f007842:1
[ 3093177ms] [WARNING] Default kernel not found, using 'conda-env-python-google_colab_gpu_2024-py' @ https://jupyter.hpc.hse.ru/user/aoshavrina/static/lab/jlab_core.fc632a0f38747f007842.js?v=fc632a0f38747f007842:1
[ 3154858ms] [WARNING] Default kernel not found, using 'conda-env-python-google_colab_gpu_2024-py' @ https://jupyter.hpc.hse.ru/user/aoshavrina/static/lab/jlab_core.fc632a0f38747f007842.js?v=fc632a0f38747f007842:1
[ 3216574ms] [WARNING] Default kernel not found, using 'conda-env-python-google_colab_gpu_2024-py' @ https://jupyter.hpc.hse.ru/user/aoshavrina/static/lab/jlab_core.fc632a0f38747f007842.js?v=fc632a0f38747f007842:1
[ 3278261ms] [WARNING] Default kernel not found, using 'conda-env-python-google_colab_gpu_2024-py' @ https://jupyter.hpc.hse.ru/user/aoshavrina/static/lab/jlab_core.fc632a0f38747f007842.js?v=fc632a0f38747f007842:1
[ 3339946ms] [WARNING] Default kernel not found, using 'conda-env-python-google_colab_gpu_2024-py' @ https://jupyter.hpc.hse.ru/user/aoshavrina/static/lab/jlab_core.fc632a0f38747f007842.js?v=fc632a0f38747f007842:1
[ 3401624ms] [WARNING] Default kernel not found, using 'conda-env-python-google_colab_gpu_2024-py' @ https://jupyter.hpc.hse.ru/user/aoshavrina/static/lab/jlab_core.fc632a0f38747f007842.js?v=fc632a0f38747f007842:1
[ 3463305ms] [WARNING] Default kernel not found, using 'conda-env-python-google_colab_gpu_2024-py' @ https://jupyter.hpc.hse.ru/user/aoshavrina/static/lab/jlab_core.fc632a0f38747f007842.js?v=fc632a0f38747f007842:1
[ 3524980ms] [WARNING] Default kernel not found, using 'conda-env-python-google_colab_gpu_2024-py' @ https://jupyter.hpc.hse.ru/user/aoshavrina/static/lab/jlab_core.fc632a0f38747f007842.js?v=fc632a0f38747f007842:1
[ 3586665ms] [WARNING] Default kernel not found, using 'conda-env-python-google_colab_gpu_2024-py' @ https://jupyter.hpc.hse.ru/user/aoshavrina/static/lab/jlab_core.fc632a0f38747f007842.js?v=fc632a0f38747f007842:1
[ 3638783ms] [WARNING] Default kernel not found, using 'conda-env-python-google_colab_gpu_2024-py' @ https://jupyter.hpc.hse.ru/user/aoshavrina/static/lab/jlab_core.fc632a0f38747f007842.js?v=fc632a0f38747f007842:1
[ 3640020ms] [WARNING] Failed to fetch ipywidgets through the "jupyter.widget.control" comm channel, fallback to fetching individual model state. Reason: Control comm was closed too early @ https://jupyter.hpc.hse.ru/user/aoshavrina/lab/extensions/@jupyter-widgets/jupyterlab-manager/static/272.eb0d340d1eec40ac564f.js:0
[ 3648332ms] [WARNING] Default kernel not found, using 'conda-env-python-google_colab_gpu_2024-py' @ https://jupyter.hpc.hse.ru/user/aoshavrina/static/lab/jlab_core.fc632a0f38747f007842.js?v=fc632a0f38747f007842:1
[ 3710010ms] [WARNING] Default kernel not found, using 'conda-env-python-google_colab_gpu_2024-py' @ https://jupyter.hpc.hse.ru/user/aoshavrina/static/lab/jlab_core.fc632a0f38747f007842.js?v=fc632a0f38747f007842:1
[ 3771698ms] [WARNING] Default kernel not found, using 'conda-env-python-google_colab_gpu_2024-py' @ https://jupyter.hpc.hse.ru/user/aoshavrina/static/lab/jlab_core.fc632a0f38747f007842.js?v=fc632a0f38747f007842:1
[ 3780864ms] [ERROR] Failed to load resource: the server responded with a status of 503 (Service Unavailable) @ https://jupyter.hpc.hse.ru/user/aoshavrina/static/favicons/favicon-busy-1.ico:0
[ 3781154ms] [ERROR] Failed to load resource: the server responded with a status of 503 (Service Unavailable) @ https://jupyter.hpc.hse.ru/user/aoshavrina/api/terminals?1790636603210:0
[ 3781347ms] [WARNING] Connection lost, reconnecting in 0 seconds. @ https://jupyter.hpc.hse.ru/user/aoshavrina/static/lab/jlab_core.fc632a0f38747f007842.js?v=fc632a0f38747f007842:1
[ 3781358ms] [WARNING] Connection lost, reconnecting in 0 seconds. @ https://jupyter.hpc.hse.ru/user/aoshavrina/static/lab/jlab_core.fc632a0f38747f007842.js?v=fc632a0f38747f007842:1
[ 3781359ms] [WARNING] Connection lost, reconnecting in 0 seconds. @ https://jupyter.hpc.hse.ru/user/aoshavrina/static/lab/jlab_core.fc632a0f38747f007842.js?v=fc632a0f38747f007842:1
[ 3781645ms] [ERROR] WebSocket connection to 'wss://jupyter.hpc.hse.ru/user/aoshavrina/api/kernels/70dddff8-0010-4c7b-86a2-a035aa0e06bc/channels?session_id=3b5bef6b-d14d-44aa-8e0c-7be49b1a99d7' failed: Error during WebSocket handshake: Unexpected response code: 502 @ https://jupyter.hpc.hse.ru/user/aoshavrina/static/lab/jlab_core.fc632a0f38747f007842.js?v=fc632a0f38747f007842:1
[ 3781761ms] [ERROR] Failed to load resource: the server responded with a status of 503 (Service Unavailable) @ https://jupyter.hpc.hse.ru/user/aoshavrina/lab/api/workspaces/default?1790636603733:0
[ 3781779ms] [ERROR] Failed to load resource: the server responded with a status of 503 (Service Unavailable) @ https://jupyter.hpc.hse.ru/user/aoshavrina/api/kernels/70dddff8-0010-4c7b-86a2-a035aa0e06bc?1790636603818:0
[ 3781863ms] [ERROR] WebSocket connection to 'wss://jupyter.hpc.hse.ru/user/aoshavrina/api/kernels/816c066e-0544-4acb-a789-0c1facae77ea/channels?session_id=7bcb443e-e028-4a76-90df-12f9020834fd' failed: Error during WebSocket handshake: Unexpected response code: 502 @ https://jupyter.hpc.hse.ru/user/aoshavrina/static/lab/jlab_core.fc632a0f38747f007842.js?v=fc632a0f38747f007842:1
[ 3782036ms] [ERROR] WebSocket connection to 'wss://jupyter.hpc.hse.ru/user/aoshavrina/api/kernels/816c066e-0544-4acb-a789-0c1facae77ea/channels?session_id=8e87485f-e03f-48f1-9baa-0d5bdb6f66d6' failed: Error during WebSocket handshake: Unexpected response code: 502 @ https://jupyter.hpc.hse.ru/user/aoshavrina/static/lab/jlab_core.fc632a0f38747f007842.js?v=fc632a0f38747f007842:1
[ 3782046ms] [ERROR] Failed to load resource: the server responded with a status of 503 (Service Unavailable) @ https://jupyter.hpc.hse.ru/user/aoshavrina/api/kernels/816c066e-0544-4acb-a789-0c1facae77ea?1790636604035:0
[ 3782153ms] [ERROR] Failed to load resource: the server responded with a status of 503 (Service Unavailable) @ https://jupyter.hpc.hse.ru/user/aoshavrina/api/kernels/816c066e-0544-4acb-a789-0c1facae77ea?1790636604208:0
[ 3786084ms] [ERROR] Failed to load resource: the server responded with a status of 503 (Service Unavailable) @ https://jupyter.hpc.hse.ru/user/aoshavrina/api/contents?content=1&1790636608135:0
[ 3789348ms] [ERROR] Failed to load resource: the server responded with a status of 503 (Service Unavailable) @ https://jupyter.hpc.hse.ru/user/aoshavrina/api/terminals?1790636611359:0
[ 3789852ms] [ERROR] Failed to load resource: the server responded with a status of 503 (Service Unavailable) @ https://jupyter.hpc.hse.ru/user/aoshavrina/api/sessions?1790636611888:0
[ 3789889ms] [ERROR] Failed to load resource: the server responded with a status of 503 (Service Unavailable) @ https://jupyter.hpc.hse.ru/user/aoshavrina/api/kernels?1790636611887:0
[ 3794841ms] [ERROR] Failed to load resource: the server responded with a status of 503 (Service Unavailable) @ https://jupyter.hpc.hse.ru/user/aoshavrina/api/kernels/70dddff8-0010-4c7b-86a2-a035aa0e06bc/restart?1790636616874:0
[ 3794844ms] [ERROR] r: Invalid response: 503 Service Unavailable
    at r.create (https://jupyter.hpc.hse.ru/user/aoshavrina/static/lab/jlab_core.fc632a0f38747f007842.js?v=fc632a0f38747f007842:2:1095654)
    at async Object.l [as restartKernel] (https://jupyter.hpc.hse.ru/user/aoshavrina/static/lab/jlab_core.fc632a0f38747f007842.js?v=fc632a0f38747f007842:2:1083438)
    at async b.restart (https://jupyter.hpc.hse.ru/user/aoshavrina/static/lab/jlab_core.fc632a0f38747f007842.js?v=fc632a0f38747f007842:2:1061834)
    at async ne.restartKernel (https://jupyter.hpc.hse.ru/user/aoshavrina/static/lab/jlab_core.fc632a0f38747f007842.js?v=fc632a0f38747f007842:2:104359)
    at async Object.restart (https://jupyter.hpc.hse.ru/user/aoshavrina/static/lab/jlab_core.fc632a0f38747f007842.js?v=fc632a0f38747f007842:2:111997) @ https://jupyter.hpc.hse.ru/user/aoshavrina/static/lab/jlab_core.fc632a0f38747f007842.js?v=fc632a0f38747f007842:1
[ 3796221ms] [ERROR] Failed to load resource: the server responded with a status of 503 (Service Unavailable) @ https://jupyter.hpc.hse.ru/user/aoshavrina/api/contents?content=1&1790636618259:0
[ 3799175ms] [ERROR] Failed to load resource: the server responded with a status of 503 (Service Unavailable) @ https://jupyter.hpc.hse.ru/user/aoshavrina/api/kernels/816c066e-0544-4acb-a789-0c1facae77ea?1790636621230:0
[ 3802921ms] [ERROR] Failed to load resource: the server responded with a status of 503 (Service Unavailable) @ https://jupyter.hpc.hse.ru/user/aoshavrina/api/kernels/70dddff8-0010-4c7b-86a2-a035aa0e06bc?1790636624966:0
[ 3806344ms] [ERROR] Failed to load resource: the server responded with a status of 503 (Service Unavailable) @ https://jupyter.hpc.hse.ru/user/aoshavrina/api/contents?content=1&1790636628400:0
[ 3811248ms] [ERROR] Failed to load resource: the server responded with a status of 424 (Failed Dependency) @ https://jupyter.hpc.hse.ru/hub/user/aoshavrina/api/kernels/816c066e-0544-4acb-a789-0c1facae77ea?1790636633332:0
[ 3811615ms] [ERROR] Failed to load resource: the server responded with a status of 424 (Failed Dependency) @ https://jupyter.hpc.hse.ru/hub/user/aoshavrina/api/terminals?1790636633721:0
[ 3816003ms] [ERROR] Failed to load resource: the server responded with a status of 424 (Failed Dependency) @ https://jupyter.hpc.hse.ru/hub/user/aoshavrina/api/kernels/70dddff8-0010-4c7b-86a2-a035aa0e06bc?1790636638108:0
[ 3816423ms] [ERROR] Failed to load resource: the server responded with a status of 424 (Failed Dependency) @ https://jupyter.hpc.hse.ru/hub/user/aoshavrina/api/contents?content=1&1790636638529:0
[ 3818525ms] [ERROR] Failed to load resource: the server responded with a status of 424 (Failed Dependency) @ https://jupyter.hpc.hse.ru/hub/user/aoshavrina/api/sessions?1790636640638:0
[ 3819750ms] [ERROR] Failed to load resource: the server responded with a status of 424 (Failed Dependency) @ https://jupyter.hpc.hse.ru/hub/user/aoshavrina/api/kernels?1790636641858:0
[ 3823243ms] [ERROR] Failed to load resource: the server responded with a status of 424 (Failed Dependency) @ https://jupyter.hpc.hse.ru/hub/user/aoshavrina/api/kernels/816c066e-0544-4acb-a789-0c1facae77ea?1790636645355:0
[ 3826324ms] [ERROR] Failed to load resource: the server responded with a status of 424 (Failed Dependency) @ https://jupyter.hpc.hse.ru/hub/user/aoshavrina/api/kernels/816c066e-0544-4acb-a789-0c1facae77ea?1790636648435:0
[ 3826512ms] [ERROR] Failed to load resource: the server responded with a status of 424 (Failed Dependency) @ https://jupyter.hpc.hse.ru/hub/user/aoshavrina/api/contents?content=1&1790636648605:0
[ 3832782ms] [ERROR] Failed to load resource: the server responded with a status of 424 (Failed Dependency) @ https://jupyter.hpc.hse.ru/hub/user/aoshavrina/api/kernelspecs?1790636654882:0
[ 3834084ms] [ERROR] Failed to load resource: the server responded with a status of 424 (Failed Dependency) @ https://jupyter.hpc.hse.ru/hub/user/aoshavrina/api/kernels/70dddff8-0010-4c7b-86a2-a035aa0e06bc?1790636656191:0
[ 3835716ms] [ERROR] Failed to load resource: the server responded with a status of 424 (Failed Dependency) @ https://jupyter.hpc.hse.ru/hub/user/aoshavrina/api/contents/schweinhart_hpc_synthetic_controls.ipynb?content=0&1790636657815:0
[ 3835717ms] [WARNING] Showing error: r: JupyterHub server no longer running at /user/aoshavrina/api/contents/schweinhart_hpc_synthetic_controls.ipynb. Restart the server at https://jupyter.hpc.hse.ru/hub/spawn/aoshavrina
    at r.create (https://jupyter.hpc.hse.ru/user/aoshavrina/static/lab/jlab_core.fc632a0f38747f007842.js?v=fc632a0f38747f007842:2:1095583)
    at async g.get (https://jupyter.hpc.hse.ru/user/aoshavrina/static/lab/jlab_core.fc632a0f38747f007842.js?v=fc632a0f38747f007842:2:1047591)
    at async h._save (https://jupyter.hpc.hse.ru/user/aoshavrina/static/lab/jlab_core.fc632a0f38747f007842.js?v=fc632a0f38747f007842:2:515542) @ https://jupyter.hpc.hse.ru/user/aoshavrina/static/lab/jlab_core.fc632a0f38747f007842.js?v=fc632a0f38747f007842:1
[ 3835718ms] [ERROR] Error in Auto-Save JupyterHub server no longer running at /user/aoshavrina/api/contents/schweinhart_hpc_synthetic_controls.ipynb. Restart the server at https://jupyter.hpc.hse.ru/hub/spawn/aoshavrina @ https://jupyter.hpc.hse.ru/user/aoshavrina/static/lab/jlab_core.fc632a0f38747f007842.js?v=fc632a0f38747f007842:1
[ 3836585ms] [ERROR] Failed to load resource: the server responded with a status of 424 (Failed Dependency) @ https://jupyter.hpc.hse.ru/hub/user/aoshavrina/api/contents?content=1&1790636658693:0
[ 3843410ms] [ERROR] Failed to load resource: the server responded with a status of 424 (Failed Dependency) @ https://jupyter.hpc.hse.ru/hub/user/aoshavrina/api/kernels/816c066e-0544-4acb-a789-0c1facae77ea?1790636665499:0
[ 3843470ms] [ERROR] Failed to load resource: the server responded with a status of 424 (Failed Dependency) @ https://jupyter.hpc.hse.ru/hub/user/aoshavrina/api/sessions?1790636665541:0
[ 3846652ms] [ERROR] Failed to load resource: the server responded with a status of 424 (Failed Dependency) @ https://jupyter.hpc.hse.ru/hub/user/aoshavrina/api/contents?content=1&1790636668762:0
[ 3848312ms] [ERROR] Failed to load resource: the server responded with a status of 424 (Failed Dependency) @ https://jupyter.hpc.hse.ru/hub/user/aoshavrina/api/kernels/816c066e-0544-4acb-a789-0c1facae77ea?1790636670423:0
[ 3856735ms] [ERROR] Failed to load resource: the server responded with a status of 424 (Failed Dependency) @ https://jupyter.hpc.hse.ru/hub/user/aoshavrina/api/contents?content=1&1790636678842:0
[ 3856803ms] [ERROR] Failed to load resource: the server responded with a status of 424 (Failed Dependency) @ https://jupyter.hpc.hse.ru/hub/user/aoshavrina/api/kernels?1790636678904:0
[ 3857208ms] [ERROR] Failed to load resource: the server responded with a status of 424 (Failed Dependency) @ https://jupyter.hpc.hse.ru/hub/user/aoshavrina/api/terminals?1790636679321:0
[ 3858161ms] [ERROR] Failed to load resource: the server responded with a status of 424 (Failed Dependency) @ https://jupyter.hpc.hse.ru/hub/user/aoshavrina/api/kernels/70dddff8-0010-4c7b-86a2-a035aa0e06bc?1790636680270:0
[ 3866812ms] [ERROR] Failed to load resource: the server responded with a status of 424 (Failed Dependency) @ https://jupyter.hpc.hse.ru/hub/user/aoshavrina/api/contents?content=1&1790636688918:0
[ 3868492ms] [ERROR] Failed to load resource: the server responded with a status of 424 (Failed Dependency) @ https://jupyter.hpc.hse.ru/hub/user/aoshavrina/api/kernels/816c066e-0544-4acb-a789-0c1facae77ea?1790636690589:0
[ 3873392ms] [ERROR] Failed to load resource: the server responded with a status of 424 (Failed Dependency) @ https://jupyter.hpc.hse.ru/hub/user/aoshavrina/api/kernels/816c066e-0544-4acb-a789-0c1facae77ea?1790636695499:0
[ 3876903ms] [ERROR] Failed to load resource: the server responded with a status of 424 (Failed Dependency) @ https://jupyter.hpc.hse.ru/hub/user/aoshavrina/api/contents?content=1&1790636699000:0
[ 3884563ms] [ERROR] Failed to load resource: the server responded with a status of 424 (Failed Dependency) @ https://jupyter.hpc.hse.ru/hub/user/aoshavrina/api/kernels/816c066e-0544-4acb-a789-0c1facae77ea?1790636706666:0
[ 3885249ms] [ERROR] Failed to load resource: the server responded with a status of 424 (Failed Dependency) @ https://jupyter.hpc.hse.ru/hub/user/aoshavrina/api/kernels/70dddff8-0010-4c7b-86a2-a035aa0e06bc?1790636707349:0
[ 3886968ms] [ERROR] Failed to load resource: the server responded with a status of 424 (Failed Dependency) @ https://jupyter.hpc.hse.ru/hub/user/aoshavrina/api/contents?content=1&1790636709076:0
[ 3896708ms] [ERROR] Failed to load resource: the server responded with a status of 424 (Failed Dependency) @ https://jupyter.hpc.hse.ru/hub/user/aoshavrina/api/sessions?1790636718819:0
[ 3897040ms] [ERROR] Failed to load resource: the server responded with a status of 424 (Failed Dependency) @ https://jupyter.hpc.hse.ru/hub/user/aoshavrina/api/contents?content=1&1790636719143:0
[ 3898325ms] [ERROR] Failed to load resource: the server responded with a status of 424 (Failed Dependency) @ https://jupyter.hpc.hse.ru/hub/user/aoshavrina/api/kernels/70dddff8-0010-4c7b-86a2-a035aa0e06bc?1790636720430:0
[ 3898466ms] [ERROR] Failed to load resource: the server responded with a status of 424 (Failed Dependency) @ https://jupyter.hpc.hse.ru/hub/user/aoshavrina/api/kernels/816c066e-0544-4acb-a789-0c1facae77ea?1790636720568:0
[ 3907109ms] [ERROR] Failed to load resource: the server responded with a status of 424 (Failed Dependency) @ https://jupyter.hpc.hse.ru/hub/user/aoshavrina/api/contents?content=1&1790636729215:0
[ 3907638ms] [ERROR] Failed to load resource: the server responded with a status of 424 (Failed Dependency) @ https://jupyter.hpc.hse.ru/hub/user/aoshavrina/api/kernels/816c066e-0544-4acb-a789-0c1facae77ea?1790636729746:0
[ 3910540ms] [ERROR] Failed to load resource: the server responded with a status of 424 (Failed Dependency) @ https://jupyter.hpc.hse.ru/hub/user/aoshavrina/api/kernels/816c066e-0544-4acb-a789-0c1facae77ea?1790636732649:0
[ 3914395ms] [ERROR] Failed to load resource: the server responded with a status of 424 (Failed Dependency) @ https://jupyter.hpc.hse.ru/hub/user/aoshavrina/api/kernels/70dddff8-0010-4c7b-86a2-a035aa0e06bc?1790636736505:0
[ 3917191ms] [ERROR] Failed to load resource: the server responded with a status of 424 (Failed Dependency) @ https://jupyter.hpc.hse.ru/hub/user/aoshavrina/api/contents?content=1&1790636739294:0
[ 3923605ms] [ERROR] Failed to load resource: the server responded with a status of 424 (Failed Dependency) @ https://jupyter.hpc.hse.ru/hub/user/aoshavrina/api/kernels/816c066e-0544-4acb-a789-0c1facae77ea?1790636745718:0
[ 3927303ms] [ERROR] Failed to load resource: the server responded with a status of 424 (Failed Dependency) @ https://jupyter.hpc.hse.ru/hub/user/aoshavrina/api/contents?content=1&1790636749370:0
[ 3931460ms] [ERROR] Failed to load resource: the server responded with a status of 424 (Failed Dependency) @ https://jupyter.hpc.hse.ru/hub/user/aoshavrina/api/kernels/70dddff8-0010-4c7b-86a2-a035aa0e06bc?1790636753572:0
[ 3934712ms] [ERROR] Failed to load resource: the server responded with a status of 424 (Failed Dependency) @ https://jupyter.hpc.hse.ru/hub/user/aoshavrina/api/kernels/816c066e-0544-4acb-a789-0c1facae77ea?1790636756817:0
[ 3937373ms] [ERROR] Failed to load resource: the server responded with a status of 424 (Failed Dependency) @ https://jupyter.hpc.hse.ru/hub/user/aoshavrina/api/contents?content=1&1790636759479:0
[ 3947440ms] [ERROR] Failed to load resource: the server responded with a status of 424 (Failed Dependency) @ https://jupyter.hpc.hse.ru/hub/user/aoshavrina/api/contents?content=1&1790636769553:0
[ 3949769ms] [ERROR] Failed to load resource: the server responded with a status of 424 (Failed Dependency) @ https://jupyter.hpc.hse.ru/hub/user/aoshavrina/api/kernels/816c066e-0544-4acb-a789-0c1facae77ea?1790636771888:0
[ 3953702ms] [ERROR] Failed to load resource: the server responded with a status of 424 (Failed Dependency) @ https://jupyter.hpc.hse.ru/hub/user/aoshavrina/api/kernels/816c066e-0544-4acb-a789-0c1facae77ea?1790636775784:0
[ 3955590ms] [ERROR] Failed to load resource: the server responded with a status of 424 (Failed Dependency) @ https://jupyter.hpc.hse.ru/hub/user/aoshavrina/api/kernels?1790636777704:0
[ 3955767ms] [ERROR] Failed to load resource: the server responded with a status of 424 (Failed Dependency) @ https://jupyter.hpc.hse.ru/hub/user/aoshavrina/api/contents/schweinhart_hpc_synthetic_controls.ipynb?content=0&1790636777829:0
[ 3955768ms] [WARNING] Showing error: r: JupyterHub server no longer running at /user/aoshavrina/api/contents/schweinhart_hpc_synthetic_controls.ipynb. Restart the server at https://jupyter.hpc.hse.ru/hub/spawn/aoshavrina
    at r.create (https://jupyter.hpc.hse.ru/user/aoshavrina/static/lab/jlab_core.fc632a0f38747f007842.js?v=fc632a0f38747f007842:2:1095583)
    at async g.get (https://jupyter.hpc.hse.ru/user/aoshavrina/static/lab/jlab_core.fc632a0f38747f007842.js?v=fc632a0f38747f007842:2:1047591)
    at async h._save (https://jupyter.hpc.hse.ru/user/aoshavrina/static/lab/jlab_core.fc632a0f38747f007842.js?v=fc632a0f38747f007842:2:515542) @ https://jupyter.hpc.hse.ru/user/aoshavrina/static/lab/jlab_core.fc632a0f38747f007842.js?v=fc632a0f38747f007842:1
[ 3955769ms] [ERROR] Error in Auto-Save JupyterHub server no longer running at /user/aoshavrina/api/contents/schweinhart_hpc_synthetic_controls.ipynb. Restart the server at https://jupyter.hpc.hse.ru/hub/spawn/aoshavrina @ https://jupyter.hpc.hse.ru/user/aoshavrina/static/lab/jlab_core.fc632a0f38747f007842.js?v=fc632a0f38747f007842:1
[ 3956529ms] [ERROR] Failed to load resource: the server responded with a status of 424 (Failed Dependency) @ https://jupyter.hpc.hse.ru/hub/user/aoshavrina/api/kernels/70dddff8-0010-4c7b-86a2-a035aa0e06bc?1790636778641:0
[ 3957517ms] [ERROR] Failed to load resource: the server responded with a status of 424 (Failed Dependency) @ https://jupyter.hpc.hse.ru/hub/user/aoshavrina/api/contents?content=1&1790636779624:0
[ 3965775ms] [ERROR] Failed to load resource: the server responded with a status of 424 (Failed Dependency) @ https://jupyter.hpc.hse.ru/hub/user/aoshavrina/api/kernels/816c066e-0544-4acb-a789-0c1facae77ea?1790636787890:0
[ 3967594ms] [ERROR] Failed to load resource: the server responded with a status of 424 (Failed Dependency) @ https://jupyter.hpc.hse.ru/hub/user/aoshavrina/api/contents?content=1&1790636789695:0
[ 3973841ms] [ERROR] Failed to load resource: the server responded with a status of 424 (Failed Dependency) @ https://jupyter.hpc.hse.ru/hub/user/aoshavrina/api/kernels/816c066e-0544-4acb-a789-0c1facae77ea?1790636795948:0
[ 3976600ms] [ERROR] Failed to load resource: the server responded with a status of 424 (Failed Dependency) @ https://jupyter.hpc.hse.ru/hub/user/aoshavrina/api/kernels/70dddff8-0010-4c7b-86a2-a035aa0e06bc?1790636798712:0
[ 3977662ms] [ERROR] Failed to load resource: the server responded with a status of 424 (Failed Dependency) @ https://jupyter.hpc.hse.ru/hub/user/aoshavrina/api/contents?content=1&1790636799773:0
[ 3981793ms] [ERROR] Failed to load resource: the server responded with a status of 424 (Failed Dependency) @ https://jupyter.hpc.hse.ru/hub/user/aoshavrina/api/terminals?1790636803897:0
[ 3983864ms] [ERROR] Failed to load resource: the server responded with a status of 424 (Failed Dependency) @ https://jupyter.hpc.hse.ru/hub/user/aoshavrina/api/kernels/816c066e-0544-4acb-a789-0c1facae77ea?1790636805957:0
[ 3984837ms] [ERROR] Failed to load resource: the server responded with a status of 424 (Failed Dependency) @ https://jupyter.hpc.hse.ru/hub/user/aoshavrina/api/sessions?1790636806943:0
[ 3987758ms] [ERROR] Failed to load resource: the server responded with a status of 424 (Failed Dependency) @ https://jupyter.hpc.hse.ru/hub/user/aoshavrina/api/contents?content=1&1790636809843:0
[ 3987915ms] [ERROR] Failed to load resource: the server responded with a status of 424 (Failed Dependency) @ https://jupyter.hpc.hse.ru/hub/user/aoshavrina/api/kernels/816c066e-0544-4acb-a789-0c1facae77ea?1790636810014:0
[ 3997674ms] [ERROR] Failed to load resource: the server responded with a status of 424 (Failed Dependency) @ https://jupyter.hpc.hse.ru/hub/user/aoshavrina/api/kernels/70dddff8-0010-4c7b-86a2-a035aa0e06bc?1790636819783:0
[ 3997830ms] [ERROR] Failed to load resource: the server responded with a status of 424 (Failed Dependency) @ https://jupyter.hpc.hse.ru/hub/user/aoshavrina/api/contents?content=1&1790636819939:0
[ 3999940ms] [ERROR] Failed to load resource: the server responded with a status of 424 (Failed Dependency) @ https://jupyter.hpc.hse.ru/hub/user/aoshavrina/api/kernels/816c066e-0544-4acb-a789-0c1facae77ea?1790636822048:0
[ 4000991ms] [ERROR] Failed to load resource: the server responded with a status of 424 (Failed Dependency) @ https://jupyter.hpc.hse.ru/hub/user/aoshavrina/api/kernels/816c066e-0544-4acb-a789-0c1facae77ea?1790636823099:0
[ 4007897ms] [ERROR] Failed to load resource: the server responded with a status of 424 (Failed Dependency) @ https://jupyter.hpc.hse.ru/hub/user/aoshavrina/api/contents?content=1&1790636830008:0
[ 4009752ms] [ERROR] Failed to load resource: the server responded with a status of 424 (Failed Dependency) @ https://jupyter.hpc.hse.ru/hub/user/aoshavrina/api/kernels/70dddff8-0010-4c7b-86a2-a035aa0e06bc?1790636831860:0
[ 4012949ms] [ERROR] Failed to load resource: the server responded with a status of 424 (Failed Dependency) @ https://jupyter.hpc.hse.ru/hub/user/aoshavrina/api/kernelspecs?1790636835062:0
[ 4014005ms] [ERROR] Failed to load resource: the server responded with a status of 424 (Failed Dependency) @ https://jupyter.hpc.hse.ru/hub/user/aoshavrina/api/kernels/816c066e-0544-4acb-a789-0c1facae77ea?1790636836119:0
[ 4017959ms] [ERROR] Failed to load resource: the server responded with a status of 424 (Failed Dependency) @ https://jupyter.hpc.hse.ru/hub/user/aoshavrina/api/contents?content=1&1790636840070:0
[ 4028045ms] [ERROR] Failed to load resource: the server responded with a status of 424 (Failed Dependency) @ https://jupyter.hpc.hse.ru/hub/user/aoshavrina/api/contents?content=1&1790636850146:0
[ 4029057ms] [ERROR] Failed to load resource: the server responded with a status of 424 (Failed Dependency) @ https://jupyter.hpc.hse.ru/hub/user/aoshavrina/api/kernels/816c066e-0544-4acb-a789-0c1facae77ea?1790636851163:0
[ 4032825ms] [ERROR] Failed to load resource: the server responded with a status of 424 (Failed Dependency) @ https://jupyter.hpc.hse.ru/hub/user/aoshavrina/api/kernels/70dddff8-0010-4c7b-86a2-a035aa0e06bc?1790636854936:0
[ 4036088ms] [ERROR] Failed to load resource: the server responded with a status of 424 (Failed Dependency) @ https://jupyter.hpc.hse.ru/hub/user/aoshavrina/api/kernels/816c066e-0544-4acb-a789-0c1facae77ea?1790636858194:0
[ 4038123ms] [ERROR] Failed to load resource: the server responded with a status of 424 (Failed Dependency) @ https://jupyter.hpc.hse.ru/hub/user/aoshavrina/api/contents?content=1&1790636860232:0
[ 4048214ms] [ERROR] Failed to load resource: the server responded with a status of 424 (Failed Dependency) @ https://jupyter.hpc.hse.ru/hub/user/aoshavrina/api/contents?content=1&1790636870308:0
[ 4049147ms] [ERROR] Failed to load resource: the server responded with a status of 424 (Failed Dependency) @ https://jupyter.hpc.hse.ru/hub/user/aoshavrina/api/kernels/816c066e-0544-4acb-a789-0c1facae77ea?1790636871261:0
[ 4050896ms] [ERROR] Failed to load resource: the server responded with a status of 424 (Failed Dependency) @ https://jupyter.hpc.hse.ru/hub/user/aoshavrina/api/kernels/70dddff8-0010-4c7b-86a2-a035aa0e06bc?1790636873009:0
[ 4058133ms] [ERROR] Failed to load resource: the server responded with a status of 424 (Failed Dependency) @ https://jupyter.hpc.hse.ru/hub/user/aoshavrina/api/kernels/816c066e-0544-4acb-a789-0c1facae77ea?1790636880241:0
[ 4058278ms] [ERROR] Failed to load resource: the server responded with a status of 424 (Failed Dependency) @ https://jupyter.hpc.hse.ru/hub/user/aoshavrina/api/contents?content=1&1790636880396:0
[ 4062968ms] [ERROR] Failed to load resource: the server responded with a status of 424 (Failed Dependency) @ https://jupyter.hpc.hse.ru/hub/user/aoshavrina/api/kernels/70dddff8-0010-4c7b-86a2-a035aa0e06bc?1790636885072:0
[ 4063439ms] [ERROR] Failed to load resource: the server responded with a status of 424 (Failed Dependency) @ https://jupyter.hpc.hse.ru/hub/user/aoshavrina/api/sessions?1790636885552:0
[ 4066222ms] [ERROR] Failed to load resource: the server responded with a status of 424 (Failed Dependency) @ https://jupyter.hpc.hse.ru/hub/user/aoshavrina/api/kernels/816c066e-0544-4acb-a789-0c1facae77ea?1790636888334:0
[ 4068365ms] [ERROR] Failed to load resource: the server responded with a status of 424 (Failed Dependency) @ https://jupyter.hpc.hse.ru/hub/user/aoshavrina/api/contents?content=1&1790636890457:0
[ 4075747ms] [ERROR] Failed to load resource: the server responded with a status of 424 (Failed Dependency) @ https://jupyter.hpc.hse.ru/hub/user/aoshavrina/api/contents/schweinhart_hpc_synthetic_controls.ipynb?content=0&1790636897842:0
[ 4075749ms] [WARNING] Showing error: r: JupyterHub server no longer running at /user/aoshavrina/api/contents/schweinhart_hpc_synthetic_controls.ipynb. Restart the server at https://jupyter.hpc.hse.ru/hub/spawn/aoshavrina
    at r.create (https://jupyter.hpc.hse.ru/user/aoshavrina/static/lab/jlab_core.fc632a0f38747f007842.js?v=fc632a0f38747f007842:2:1095583)
    at async g.get (https://jupyter.hpc.hse.ru/user/aoshavrina/static/lab/jlab_core.fc632a0f38747f007842.js?v=fc632a0f38747f007842:2:1047591)
    at async h._save (https://jupyter.hpc.hse.ru/user/aoshavrina/static/lab/jlab_core.fc632a0f38747f007842.js?v=fc632a0f38747f007842:2:515542) @ https://jupyter.hpc.hse.ru/user/aoshavrina/static/lab/jlab_core.fc632a0f38747f007842.js?v=fc632a0f38747f007842:1
[ 4075749ms] [ERROR] Error in Auto-Save JupyterHub server no longer running at /user/aoshavrina/api/contents/schweinhart_hpc_synthetic_controls.ipynb. Restart the server at https://jupyter.hpc.hse.ru/hub/spawn/aoshavrina @ https://jupyter.hpc.hse.ru/user/aoshavrina/static/lab/jlab_core.fc632a0f38747f007842.js?v=fc632a0f38747f007842:1
[ 4078426ms] [ERROR] Failed to load resource: the server responded with a status of 424 (Failed Dependency) @ https://jupyter.hpc.hse.ru/hub/user/aoshavrina/api/contents?content=1&1790636900540:0
[ 4084205ms] [ERROR] Failed to load resource: the server responded with a status of 424 (Failed Dependency) @ https://jupyter.hpc.hse.ru/hub/user/aoshavrina/api/kernels/816c066e-0544-4acb-a789-0c1facae77ea?1790636906316:0
[ 4088506ms] [ERROR] Failed to load resource: the server responded with a status of 424 (Failed Dependency) @ https://jupyter.hpc.hse.ru/hub/user/aoshavrina/api/contents?content=1&1790636910613:0
[ 4090049ms] [ERROR] Failed to load resource: the server responded with a status of 424 (Failed Dependency) @ https://jupyter.hpc.hse.ru/hub/user/aoshavrina/api/kernels/70dddff8-0010-4c7b-86a2-a035aa0e06bc?1790636912156:0
[ 4092301ms] [ERROR] Failed to load resource: the server responded with a status of 424 (Failed Dependency) @ https://jupyter.hpc.hse.ru/hub/user/aoshavrina/api/kernels/816c066e-0544-4acb-a789-0c1facae77ea?1790636914409:0
[ 4095280ms] [ERROR] Failed to load resource: the server responded with a status of 424 (Failed Dependency) @ https://jupyter.hpc.hse.ru/hub/user/aoshavrina/api/kernels/816c066e-0544-4acb-a789-0c1facae77ea?1790636917383:0
[ 4098575ms] [ERROR] Failed to load resource: the server responded with a status of 424 (Failed Dependency) @ https://jupyter.hpc.hse.ru/hub/user/aoshavrina/api/contents?content=1&1790636920686:0
[ 4108388ms] [ERROR] Failed to load resource: the server responded with a status of 424 (Failed Dependency) @ https://jupyter.hpc.hse.ru/hub/user/aoshavrina/api/kernels/816c066e-0544-4acb-a789-0c1facae77ea?1790636930486:0
[ 4108643ms] [ERROR] Failed to load resource: the server responded with a status of 424 (Failed Dependency) @ https://jupyter.hpc.hse.ru/hub/user/aoshavrina/api/contents?content=1&1790636930752:0
[ 4117132ms] [ERROR] Failed to load resource: the server responded with a status of 424 (Failed Dependency) @ https://jupyter.hpc.hse.ru/hub/user/aoshavrina/api/kernels/70dddff8-0010-4c7b-86a2-a035aa0e06bc?1790636939239:0
[ 4118710ms] [ERROR] Failed to load resource: the server responded with a status of 424 (Failed Dependency) @ https://jupyter.hpc.hse.ru/hub/user/aoshavrina/api/contents?content=1&1790636940818:0
[ 4122455ms] [ERROR] Failed to load resource: the server responded with a status of 424 (Failed Dependency) @ https://jupyter.hpc.hse.ru/hub/user/aoshavrina/api/kernels/816c066e-0544-4acb-a789-0c1facae77ea?1790636944563:0
[ 4124353ms] [ERROR] Failed to load resource: the server responded with a status of 424 (Failed Dependency) @ https://jupyter.hpc.hse.ru/hub/user/aoshavrina/api/kernels/816c066e-0544-4acb-a789-0c1facae77ea?1790636946464:0
[ 4128802ms] [ERROR] Failed to load resource: the server responded with a status of 424 (Failed Dependency) @ https://jupyter.hpc.hse.ru/hub/user/aoshavrina/api/contents?content=1&1790636950898:0
[ 4134207ms] [ERROR] Failed to load resource: the server responded with a status of 424 (Failed Dependency) @ https://jupyter.hpc.hse.ru/hub/user/aoshavrina/api/kernels/70dddff8-0010-4c7b-86a2-a035aa0e06bc?1790636956312:0
[ 4138884ms] [ERROR] Failed to load resource: the server responded with a status of 424 (Failed Dependency) @ https://jupyter.hpc.hse.ru/hub/user/aoshavrina/api/contents?content=1&1790636960991:0
[ 4148976ms] [ERROR] Failed to load resource: the server responded with a status of 424 (Failed Dependency) @ https://jupyter.hpc.hse.ru/hub/user/aoshavrina/api/contents?content=1&1790636971060:0
[ 4149540ms] [ERROR] Failed to load resource: the server responded with a status of 424 (Failed Dependency) @ https://jupyter.hpc.hse.ru/hub/user/aoshavrina/api/kernels/816c066e-0544-4acb-a789-0c1facae77ea?1790636971637:0
[ 4150432ms] [ERROR] Failed to load resource: the server responded with a status of 424 (Failed Dependency) @ https://jupyter.hpc.hse.ru/hub/user/aoshavrina/api/kernels/816c066e-0544-4acb-a789-0c1facae77ea?1790636972543:0
[ 4156277ms] [ERROR] Failed to load resource: the server responded with a status of 424 (Failed Dependency) @ https://jupyter.hpc.hse.ru/hub/user/aoshavrina/api/kernels/70dddff8-0010-4c7b-86a2-a035aa0e06bc?1790636978390:0
[ 4159053ms] [ERROR] Failed to load resource: the server responded with a status of 424 (Failed Dependency) @ https://jupyter.hpc.hse.ru/hub/user/aoshavrina/api/contents?content=1&1790636981164:0
[ 4160606ms] [ERROR] Failed to load resource: the server responded with a status of 424 (Failed Dependency) @ https://jupyter.hpc.hse.ru/hub/user/aoshavrina/api/kernels/816c066e-0544-4acb-a789-0c1facae77ea?1790636982719:0
[ 4169127ms] [ERROR] Failed to load resource: the server responded with a status of 424 (Failed Dependency) @ https://jupyter.hpc.hse.ru/hub/user/aoshavrina/api/contents?content=1&1790636991239:0
[ 4173495ms] [ERROR] Failed to load resource: the server responded with a status of 424 (Failed Dependency) @ https://jupyter.hpc.hse.ru/hub/user/aoshavrina/api/kernels/816c066e-0544-4acb-a789-0c1facae77ea?1790636995609:0
[ 4179196ms] [ERROR] Failed to load resource: the server responded with a status of 424 (Failed Dependency) @ https://jupyter.hpc.hse.ru/hub/user/aoshavrina/api/contents?content=1&1790637001307:0
[ 4185396ms] [ERROR] Failed to load resource: the server responded with a status of 424 (Failed Dependency) @ https://jupyter.hpc.hse.ru/hub/user/aoshavrina/api/kernels/70dddff8-0010-4c7b-86a2-a035aa0e06bc?1790637007458:0
[ 4186560ms] [ERROR] Failed to load resource: the server responded with a status of 424 (Failed Dependency) @ https://jupyter.hpc.hse.ru/hub/user/aoshavrina/api/kernels/816c066e-0544-4acb-a789-0c1facae77ea?1790637008670:0
[ 4189273ms] [ERROR] Failed to load resource: the server responded with a status of 424 (Failed Dependency) @ https://jupyter.hpc.hse.ru/hub/user/aoshavrina/api/contents?content=1&1790637011385:0
[ 4190689ms] [ERROR] Failed to load resource: the server responded with a status of 424 (Failed Dependency) @ https://jupyter.hpc.hse.ru/hub/user/aoshavrina/api/kernels/816c066e-0544-4acb-a789-0c1facae77ea?1790637012780:0
[ 4195753ms] [ERROR] Failed to load resource: the server responded with a status of 424 (Failed Dependency) @ https://jupyter.hpc.hse.ru/hub/user/aoshavrina/api/contents/schweinhart_hpc_synthetic_controls.ipynb?content=0&1790637017855:0
[ 4195754ms] [WARNING] Showing error: r: JupyterHub server no longer running at /user/aoshavrina/api/contents/schweinhart_hpc_synthetic_controls.ipynb. Restart the server at https://jupyter.hpc.hse.ru/hub/spawn/aoshavrina
    at r.create (https://jupyter.hpc.hse.ru/user/aoshavrina/static/lab/jlab_core.fc632a0f38747f007842.js?v=fc632a0f38747f007842:2:1095583)
    at async g.get (https://jupyter.hpc.hse.ru/user/aoshavrina/static/lab/jlab_core.fc632a0f38747f007842.js?v=fc632a0f38747f007842:2:1047591)
    at async h._save (https://jupyter.hpc.hse.ru/user/aoshavrina/static/lab/jlab_core.fc632a0f38747f007842.js?v=fc632a0f38747f007842:2:515542) @ https://jupyter.hpc.hse.ru/user/aoshavrina/static/lab/jlab_core.fc632a0f38747f007842.js?v=fc632a0f38747f007842:1
[ 4195755ms] [ERROR] Error in Auto-Save JupyterHub server no longer running at /user/aoshavrina/api/contents/schweinhart_hpc_synthetic_controls.ipynb. Restart the server at https://jupyter.hpc.hse.ru/hub/spawn/aoshavrina @ https://jupyter.hpc.hse.ru/user/aoshavrina/static/lab/jlab_core.fc632a0f38747f007842.js?v=fc632a0f38747f007842:1
[ 4197628ms] [ERROR] Failed to load resource: the server responded with a status of 424 (Failed Dependency) @ https://jupyter.hpc.hse.ru/hub/user/aoshavrina/api/kernels/816c066e-0544-4acb-a789-0c1facae77ea?1790637019739:0
[ 4199361ms] [ERROR] Failed to load resource: the server responded with a status of 424 (Failed Dependency) @ https://jupyter.hpc.hse.ru/hub/user/aoshavrina/api/contents?content=1&1790637021457:0
[ 4201753ms] [ERROR] Failed to load resource: the server responded with a status of 424 (Failed Dependency) @ https://jupyter.hpc.hse.ru/hub/user/aoshavrina/api/kernels/816c066e-0544-4acb-a789-0c1facae77ea?1790637023871:0
[ 4209438ms] [ERROR] Failed to load resource: the server responded with a status of 424 (Failed Dependency) @ https://jupyter.hpc.hse.ru/hub/user/aoshavrina/api/contents?content=1&1790637031539:0
[ 4212710ms] [ERROR] Failed to load resource: the server responded with a status of 424 (Failed Dependency) @ https://jupyter.hpc.hse.ru/hub/user/aoshavrina/api/kernels/816c066e-0544-4acb-a789-0c1facae77ea?1790637034817:0
[ 4214476ms] [ERROR] Failed to load resource: the server responded with a status of 424 (Failed Dependency) @ https://jupyter.hpc.hse.ru/hub/user/aoshavrina/api/kernels/70dddff8-0010-4c7b-86a2-a035aa0e06bc?1790637036574:0
[ 4217825ms] [ERROR] Failed to load resource: the server responded with a status of 424 (Failed Dependency) @ https://jupyter.hpc.hse.ru/hub/user/aoshavrina/api/kernels/816c066e-0544-4acb-a789-0c1facae77ea?1790637039933:0
[ 4219514ms] [ERROR] Failed to load resource: the server responded with a status of 424 (Failed Dependency) @ https://jupyter.hpc.hse.ru/hub/user/aoshavrina/api/contents?content=1&1790637041618:0
[ 4223278ms] [ERROR] Failed to load resource: the server responded with a status of 424 (Failed Dependency) @ https://jupyter.hpc.hse.ru/hub/user/aoshavrina/api/sessions?1790637045369:0
[ 4229594ms] [ERROR] Failed to load resource: the server responded with a status of 424 (Failed Dependency) @ https://jupyter.hpc.hse.ru/hub/user/aoshavrina/api/contents?content=1&1790637051701:0
[ 4235773ms] [ERROR] Failed to load resource: the server responded with a status of 424 (Failed Dependency) @ https://jupyter.hpc.hse.ru/hub/user/aoshavrina/api/kernels/816c066e-0544-4acb-a789-0c1facae77ea?1790637057891:0
[ 4236857ms] [ERROR] Failed to load resource: the server responded with a status of 424 (Failed Dependency) @ https://jupyter.hpc.hse.ru/hub/user/aoshavrina/api/kernels?1790637058969:0
[ 4239661ms] [ERROR] Failed to load resource: the server responded with a status of 424 (Failed Dependency) @ https://jupyter.hpc.hse.ru/hub/user/aoshavrina/api/contents?content=1&1790637061775:0
[ 4240895ms] [ERROR] Failed to load resource: the server responded with a status of 424 (Failed Dependency) @ https://jupyter.hpc.hse.ru/hub/user/aoshavrina/api/kernels/816c066e-0544-4acb-a789-0c1facae77ea?1790637063007:0
[ 4241538ms] [ERROR] Failed to load resource: the server responded with a status of 424 (Failed Dependency) @ https://jupyter.hpc.hse.ru/hub/user/aoshavrina/api/kernels/70dddff8-0010-4c7b-86a2-a035aa0e06bc?1790637063649:0
[ 4249728ms] [ERROR] Failed to load resource: the server responded with a status of 424 (Failed Dependency) @ https://jupyter.hpc.hse.ru/hub/user/aoshavrina/api/contents?content=1&1790637071839:0
[ 4255912ms] [ERROR] Failed to load resource: the server responded with a status of 424 (Failed Dependency) @ https://jupyter.hpc.hse.ru/hub/user/aoshavrina/api/terminals?1790637078020:0
[ 4258861ms] [ERROR] Failed to load resource: the server responded with a status of 424 (Failed Dependency) @ https://jupyter.hpc.hse.ru/hub/user/aoshavrina/api/kernels/816c066e-0544-4acb-a789-0c1facae77ea?1790637080949:0
[ 4258970ms] [ERROR] Failed to load resource: the server responded with a status of 424 (Failed Dependency) @ https://jupyter.hpc.hse.ru/hub/user/aoshavrina/api/kernels/816c066e-0544-4acb-a789-0c1facae77ea?1790637081075:0
[ 4259794ms] [ERROR] Failed to load resource: the server responded with a status of 424 (Failed Dependency) @ https://jupyter.hpc.hse.ru/hub/user/aoshavrina/api/contents?content=1&1790637081902:0
[ 4268604ms] [ERROR] Failed to load resource: the server responded with a status of 424 (Failed Dependency) @ https://jupyter.hpc.hse.ru/hub/user/aoshavrina/api/kernels/70dddff8-0010-4c7b-86a2-a035aa0e06bc?1790637090716:0
[ 4269055ms] [ERROR] Failed to load resource: the server responded with a status of 424 (Failed Dependency) @ https://jupyter.hpc.hse.ru/hub/user/aoshavrina/api/kernels/816c066e-0544-4acb-a789-0c1facae77ea?1790637091153:0
[ 4269873ms] [ERROR] Failed to load resource: the server responded with a status of 424 (Failed Dependency) @ https://jupyter.hpc.hse.ru/hub/user/aoshavrina/api/contents?content=1&1790637091978:0
[ 4279942ms] [ERROR] Failed to load resource: the server responded with a status of 424 (Failed Dependency) @ https://jupyter.hpc.hse.ru/hub/user/aoshavrina/api/contents?content=1&1790637102055:0
[ 4281678ms] [ERROR] Failed to load resource: the server responded with a status of 424 (Failed Dependency) @ https://jupyter.hpc.hse.ru/hub/user/aoshavrina/api/kernels/70dddff8-0010-4c7b-86a2-a035aa0e06bc?1790637103793:0
[ 4286928ms] [ERROR] Failed to load resource: the server responded with a status of 424 (Failed Dependency) @ https://jupyter.hpc.hse.ru/hub/user/aoshavrina/api/kernels/816c066e-0544-4acb-a789-0c1facae77ea?1790637109037:0
[ 4290013ms] [ERROR] Failed to load resource: the server responded with a status of 424 (Failed Dependency) @ https://jupyter.hpc.hse.ru/hub/user/aoshavrina/api/contents?content=1&1790637112116:0
[ 4294271ms] [ERROR] Failed to load resource: the server responded with a status of 424 (Failed Dependency) @ https://jupyter.hpc.hse.ru/hub/user/aoshavrina/api/kernels/816c066e-0544-4acb-a789-0c1facae77ea?1790637116231:0
[ 4300097ms] [ERROR] Failed to load resource: the server responded with a status of 424 (Failed Dependency) @ https://jupyter.hpc.hse.ru/hub/user/aoshavrina/api/contents?content=1&1790637122189:0
[ 4301052ms] [ERROR] Failed to load resource: the server responded with a status of 424 (Failed Dependency) @ https://jupyter.hpc.hse.ru/hub/user/aoshavrina/api/kernels/816c066e-0544-4acb-a789-0c1facae77ea?1790637123106:0
[ 4306743ms] [ERROR] Failed to load resource: the server responded with a status of 424 (Failed Dependency) @ https://jupyter.hpc.hse.ru/hub/user/aoshavrina/api/kernels/70dddff8-0010-4c7b-86a2-a035aa0e06bc?1790637128858:0
[ 4308345ms] [ERROR] Failed to load resource: the server responded with a status of 424 (Failed Dependency) @ https://jupyter.hpc.hse.ru/hub/user/aoshavrina/api/kernels/816c066e-0544-4acb-a789-0c1facae77ea?1790637130456:0
[ 4310171ms] [ERROR] Failed to load resource: the server responded with a status of 424 (Failed Dependency) @ https://jupyter.hpc.hse.ru/hub/user/aoshavrina/api/contents?content=1&1790637132276:0
[ 4313024ms] [ERROR] Failed to load resource: the server responded with a status of 424 (Failed Dependency) @ https://jupyter.hpc.hse.ru/hub/user/aoshavrina/api/kernelspecs?1790637135129:0
[ 4315764ms] [ERROR] Failed to load resource: the server responded with a status of 424 (Failed Dependency) @ https://jupyter.hpc.hse.ru/hub/user/aoshavrina/api/contents/schweinhart_hpc_synthetic_controls.ipynb?content=0&1790637137868:0
[ 4315765ms] [WARNING] Showing error: r: JupyterHub server no longer running at /user/aoshavrina/api/contents/schweinhart_hpc_synthetic_controls.ipynb. Restart the server at https://jupyter.hpc.hse.ru/hub/spawn/aoshavrina
    at r.create (https://jupyter.hpc.hse.ru/user/aoshavrina/static/lab/jlab_core.fc632a0f38747f007842.js?v=fc632a0f38747f007842:2:1095583)
    at async g.get (https://jupyter.hpc.hse.ru/user/aoshavrina/static/lab/jlab_core.fc632a0f38747f007842.js?v=fc632a0f38747f007842:2:1047591)
    at async h._save (https://jupyter.hpc.hse.ru/user/aoshavrina/static/lab/jlab_core.fc632a0f38747f007842.js?v=fc632a0f38747f007842:2:515542) @ https://jupyter.hpc.hse.ru/user/aoshavrina/static/lab/jlab_core.fc632a0f38747f007842.js?v=fc632a0f38747f007842:1
[ 4315766ms] [ERROR] Error in Auto-Save JupyterHub server no longer running at /user/aoshavrina/api/contents/schweinhart_hpc_synthetic_controls.ipynb. Restart the server at https://jupyter.hpc.hse.ru/hub/spawn/aoshavrina @ https://jupyter.hpc.hse.ru/user/aoshavrina/static/lab/jlab_core.fc632a0f38747f007842.js?v=fc632a0f38747f007842:1
[ 4316831ms] [ERROR] Failed to load resource: the server responded with a status of 424 (Failed Dependency) @ https://jupyter.hpc.hse.ru/hub/user/aoshavrina/api/kernels/70dddff8-0010-4c7b-86a2-a035aa0e06bc?1790637138927:0
[ 4320141ms] [ERROR] Failed to load resource: the server responded with a status of 424 (Failed Dependency) @ https://jupyter.hpc.hse.ru/hub/user/aoshavrina/api/kernels/816c066e-0544-4acb-a789-0c1facae77ea?1790637142237:0
[ 4320235ms] [ERROR] Failed to load resource: the server responded with a status of 424 (Failed Dependency) @ https://jupyter.hpc.hse.ru/hub/user/aoshavrina/api/contents?content=1&1790637142345:0
[ 4320418ms] [ERROR] Failed to load resource: the server responded with a status of 424 (Failed Dependency) @ https://jupyter.hpc.hse.ru/hub/user/aoshavrina/api/kernels/816c066e-0544-4acb-a789-0c1facae77ea?1790637142532:0
[ 4329904ms] [ERROR] Failed to load resource: the server responded with a status of 424 (Failed Dependency) @ https://jupyter.hpc.hse.ru/hub/user/aoshavrina/api/kernels/70dddff8-0010-4c7b-86a2-a035aa0e06bc?1790637152017:0
[ 4330301ms] [ERROR] Failed to load resource: the server responded with a status of 424 (Failed Dependency) @ https://jupyter.hpc.hse.ru/hub/user/aoshavrina/api/contents?content=1&1790637152410:0
[ 4336494ms] [ERROR] Failed to load resource: the server responded with a status of 424 (Failed Dependency) @ https://jupyter.hpc.hse.ru/hub/user/aoshavrina/api/kernels/816c066e-0544-4acb-a789-0c1facae77ea?1790637158606:0
[ 4340372ms] [ERROR] Failed to load resource: the server responded with a status of 424 (Failed Dependency) @ https://jupyter.hpc.hse.ru/hub/user/aoshavrina/api/contents?content=1&1790637162480:0
[ 4349208ms] [ERROR] Failed to load resource: the server responded with a status of 424 (Failed Dependency) @ https://jupyter.hpc.hse.ru/hub/user/aoshavrina/api/kernels/816c066e-0544-4acb-a789-0c1facae77ea?1790637171318:0
[ 4350442ms] [ERROR] Failed to load resource: the server responded with a status of 424 (Failed Dependency) @ https://jupyter.hpc.hse.ru/hub/user/aoshavrina/api/contents?content=1&1790637172550:0
[ 4351568ms] [ERROR] Failed to load resource: the server responded with a status of 424 (Failed Dependency) @ https://jupyter.hpc.hse.ru/hub/user/aoshavrina/api/kernels/816c066e-0544-4acb-a789-0c1facae77ea?1790637173678:0
[ 4355963ms] [ERROR] Failed to load resource: the server responded with a status of 424 (Failed Dependency) @ https://jupyter.hpc.hse.ru/hub/user/aoshavrina/api/kernels/70dddff8-0010-4c7b-86a2-a035aa0e06bc?1790637178078:0
[ 4360533ms] [ERROR] Failed to load resource: the server responded with a status of 424 (Failed Dependency) @ https://jupyter.hpc.hse.ru/hub/user/aoshavrina/api/contents?content=1&1790637182624:0
[ 4366643ms] [ERROR] Failed to load resource: the server responded with a status of 424 (Failed Dependency) @ https://jupyter.hpc.hse.ru/hub/user/aoshavrina/api/kernels/816c066e-0544-4acb-a789-0c1facae77ea?1790637188746:0
[ 4370612ms] [ERROR] Failed to load resource: the server responded with a status of 424 (Failed Dependency) @ https://jupyter.hpc.hse.ru/hub/user/aoshavrina/api/contents?content=1&1790637192719:0
[ 4376273ms] [ERROR] Failed to load resource: the server responded with a status of 424 (Failed Dependency) @ https://jupyter.hpc.hse.ru/hub/user/aoshavrina/api/kernels/816c066e-0544-4acb-a789-0c1facae77ea?1790637198391:0
[ 4380682ms] [ERROR] Failed to load resource: the server responded with a status of 424 (Failed Dependency) @ https://jupyter.hpc.hse.ru/hub/user/aoshavrina/api/contents?content=1&1790637202793:0
[ 4382028ms] [ERROR] Failed to load resource: the server responded with a status of 424 (Failed Dependency) @ https://jupyter.hpc.hse.ru/hub/user/aoshavrina/api/kernels/70dddff8-0010-4c7b-86a2-a035aa0e06bc?1790637204137:0
[ 4387706ms] [ERROR] Failed to load resource: the server responded with a status of 424 (Failed Dependency) @ https://jupyter.hpc.hse.ru/hub/user/aoshavrina/api/kernels/816c066e-0544-4acb-a789-0c1facae77ea?1790637209820:0
[ 4388343ms] [ERROR] Failed to load resource: the server responded with a status of 424 (Failed Dependency) @ https://jupyter.hpc.hse.ru/hub/user/aoshavrina/api/kernels/816c066e-0544-4acb-a789-0c1facae77ea?1790637210458:0
[ 4390751ms] [ERROR] Failed to load resource: the server responded with a status of 424 (Failed Dependency) @ https://jupyter.hpc.hse.ru/hub/user/aoshavrina/api/contents?content=1&1790637212858:0
[ 4399773ms] [ERROR] Failed to load resource: the server responded with a status of 424 (Failed Dependency) @ https://jupyter.hpc.hse.ru/hub/user/aoshavrina/api/kernels/816c066e-0544-4acb-a789-0c1facae77ea?1790637221883:0
[ 4400821ms] [ERROR] Failed to load resource: the server responded with a status of 424 (Failed Dependency) @ https://jupyter.hpc.hse.ru/hub/user/aoshavrina/api/contents?content=1&1790637222927:0
[ 4405424ms] [ERROR] Failed to load resource: the server responded with a status of 424 (Failed Dependency) @ https://jupyter.hpc.hse.ru/hub/user/aoshavrina/api/kernels/816c066e-0544-4acb-a789-0c1facae77ea?1790637227523:0
[ 4410882ms] [ERROR] Failed to load resource: the server responded with a status of 424 (Failed Dependency) @ https://jupyter.hpc.hse.ru/hub/user/aoshavrina/api/contents?content=1&1790637232998:0
[ 4412102ms] [ERROR] Failed to load resource: the server responded with a status of 424 (Failed Dependency) @ https://jupyter.hpc.hse.ru/hub/user/aoshavrina/api/kernels/70dddff8-0010-4c7b-86a2-a035aa0e06bc?1790637234215:0
[ 4418490ms] [ERROR] Failed to load resource: the server responded with a status of 424 (Failed Dependency) @ https://jupyter.hpc.hse.ru/hub/user/aoshavrina/api/kernels/816c066e-0544-4acb-a789-0c1facae77ea?1790637240598:0
[ 4420951ms] [ERROR] Failed to load resource: the server responded with a status of 424 (Failed Dependency) @ https://jupyter.hpc.hse.ru/hub/user/aoshavrina/api/contents?content=1&1790637243060:0
[ 4424165ms] [ERROR] Failed to load resource: the server responded with a status of 424 (Failed Dependency) @ https://jupyter.hpc.hse.ru/hub/user/aoshavrina/api/kernels/70dddff8-0010-4c7b-86a2-a035aa0e06bc?1790637246280:0
[ 4424861ms] [ERROR] Failed to load resource: the server responded with a status of 424 (Failed Dependency) @ https://jupyter.hpc.hse.ru/hub/user/aoshavrina/api/kernels/816c066e-0544-4acb-a789-0c1facae77ea?1790637246953:0
[ 4431009ms] [ERROR] Failed to load resource: the server responded with a status of 424 (Failed Dependency) @ https://jupyter.hpc.hse.ru/hub/user/aoshavrina/api/contents?content=1&1790637253128:0
[ 4435776ms] [ERROR] Failed to load resource: the server responded with a status of 424 (Failed Dependency) @ https://jupyter.hpc.hse.ru/hub/user/aoshavrina/api/contents/schweinhart_hpc_synthetic_controls.ipynb?content=0&1790637257882:0
[ 4435776ms] [WARNING] Showing error: r: JupyterHub server no longer running at /user/aoshavrina/api/contents/schweinhart_hpc_synthetic_controls.ipynb. Restart the server at https://jupyter.hpc.hse.ru/hub/spawn/aoshavrina
    at r.create (https://jupyter.hpc.hse.ru/user/aoshavrina/static/lab/jlab_core.fc632a0f38747f007842.js?v=fc632a0f38747f007842:2:1095583)
    at async g.get (https://jupyter.hpc.hse.ru/user/aoshavrina/static/lab/jlab_core.fc632a0f38747f007842.js?v=fc632a0f38747f007842:2:1047591)
    at async h._save (https://jupyter.hpc.hse.ru/user/aoshavrina/static/lab/jlab_core.fc632a0f38747f007842.js?v=fc632a0f38747f007842:2:515542) @ https://jupyter.hpc.hse.ru/user/aoshavrina/static/lab/jlab_core.fc632a0f38747f007842.js?v=fc632a0f38747f007842:1
[ 4435777ms] [ERROR] Error in Auto-Save JupyterHub server no longer running at /user/aoshavrina/api/contents/schweinhart_hpc_synthetic_controls.ipynb. Restart the server at https://jupyter.hpc.hse.ru/hub/spawn/aoshavrina @ https://jupyter.hpc.hse.ru/user/aoshavrina/static/lab/jlab_core.fc632a0f38747f007842.js?v=fc632a0f38747f007842:1
[ 4438575ms] [ERROR] Failed to load resource: the server responded with a status of 424 (Failed Dependency) @ https://jupyter.hpc.hse.ru/hub/user/aoshavrina/api/kernels/816c066e-0544-4acb-a789-0c1facae77ea?1790637260679:0
[ 4441079ms] [ERROR] Failed to load resource: the server responded with a status of 424 (Failed Dependency) @ https://jupyter.hpc.hse.ru/hub/user/aoshavrina/api/contents?content=1&1790637263193:0
[ 4442929ms] [ERROR] Failed to load resource: the server responded with a status of 424 (Failed Dependency) @ https://jupyter.hpc.hse.ru/hub/user/aoshavrina/api/kernels/816c066e-0544-4acb-a789-0c1facae77ea?1790637265044:0
[ 4443260ms] [ERROR] Failed to load resource: the server responded with a status of 424 (Failed Dependency) @ https://jupyter.hpc.hse.ru/hub/user/aoshavrina/api/kernels/70dddff8-0010-4c7b-86a2-a035aa0e06bc?1790637265341:0
[ 4449644ms] [ERROR] Failed to load resource: the server responded with a status of 424 (Failed Dependency) @ https://jupyter.hpc.hse.ru/hub/user/aoshavrina/api/kernels/816c066e-0544-4acb-a789-0c1facae77ea?1790637271756:0
[ 4451160ms] [ERROR] Failed to load resource: the server responded with a status of 424 (Failed Dependency) @ https://jupyter.hpc.hse.ru/hub/user/aoshavrina/api/contents?content=1&1790637273267:0
[ 4460725ms] [ERROR] Failed to load resource: the server responded with a status of 424 (Failed Dependency) @ https://jupyter.hpc.hse.ru/hub/user/aoshavrina/api/kernels/816c066e-0544-4acb-a789-0c1facae77ea?1790637282823:0
[ 4461243ms] [ERROR] Failed to load resource: the server responded with a status of 424 (Failed Dependency) @ https://jupyter.hpc.hse.ru/hub/user/aoshavrina/api/contents?content=1&1790637283335:0
[ 4468010ms] [ERROR] Failed to load resource: the server responded with a status of 424 (Failed Dependency) @ https://jupyter.hpc.hse.ru/hub/user/aoshavrina/api/kernels/816c066e-0544-4acb-a789-0c1facae77ea?1790637290112:0
[ 4469547ms] [ERROR] Failed to load resource: the server responded with a status of 424 (Failed Dependency) @ https://jupyter.hpc.hse.ru/hub/user/aoshavrina/api/sessions?1790637291635:0
[ 4471330ms] [ERROR] Failed to load resource: the server responded with a status of 424 (Failed Dependency) @ https://jupyter.hpc.hse.ru/hub/user/aoshavrina/api/contents?content=1&1790637293427:0
[ 4472342ms] [ERROR] Failed to load resource: the server responded with a status of 424 (Failed Dependency) @ https://jupyter.hpc.hse.ru/hub/user/aoshavrina/api/kernels/70dddff8-0010-4c7b-86a2-a035aa0e06bc?1790637294449:0
[ 4473799ms] [ERROR] Failed to load resource: the server responded with a status of 424 (Failed Dependency) @ https://jupyter.hpc.hse.ru/hub/user/aoshavrina/api/kernels/816c066e-0544-4acb-a789-0c1facae77ea?1790637295912:0
[ 4481418ms] [ERROR] Failed to load resource: the server responded with a status of 424 (Failed Dependency) @ https://jupyter.hpc.hse.ru/hub/user/aoshavrina/api/contents?content=1&1790637303506:0
[ 4486113ms] [ERROR] Failed to load resource: the server responded with a status of 424 (Failed Dependency) @ https://jupyter.hpc.hse.ru/hub/user/aoshavrina/api/sessions?1790637308222:0
[ 4490865ms] [ERROR] Failed to load resource: the server responded with a status of 424 (Failed Dependency) @ https://jupyter.hpc.hse.ru/hub/user/aoshavrina/api/kernels/816c066e-0544-4acb-a789-0c1facae77ea?1790637312981:0
[ 4491492ms] [ERROR] Failed to load resource: the server responded with a status of 424 (Failed Dependency) @ https://jupyter.hpc.hse.ru/hub/user/aoshavrina/api/contents?content=1&1790637313604:0
[ 4493083ms] [ERROR] Failed to load resource: the server responded with a status of 424 (Failed Dependency) @ https://jupyter.hpc.hse.ru/hub/user/aoshavrina/api/kernels/816c066e-0544-4acb-a789-0c1facae77ea?1790637315195:0
[ 4499408ms] [ERROR] Failed to load resource: the server responded with a status of 424 (Failed Dependency) @ https://jupyter.hpc.hse.ru/hub/user/aoshavrina/api/kernels/70dddff8-0010-4c7b-86a2-a035aa0e06bc?1790637321524:0
[ 4501548ms] [ERROR] Failed to load resource: the server responded with a status of 424 (Failed Dependency) @ https://jupyter.hpc.hse.ru/hub/user/aoshavrina/api/contents?content=1&1790637323667:0
[ 4509150ms] [ERROR] Failed to load resource: the server responded with a status of 424 (Failed Dependency) @ https://jupyter.hpc.hse.ru/hub/user/aoshavrina/api/kernels/816c066e-0544-4acb-a789-0c1facae77ea?1790637331264:0
[ 4511613ms] [ERROR] Failed to load resource: the server responded with a status of 424 (Failed Dependency) @ https://jupyter.hpc.hse.ru/hub/user/aoshavrina/api/contents?content=1&1790637333729:0
[ 4514481ms] [ERROR] Failed to load resource: the server responded with a status of 424 (Failed Dependency) @ https://jupyter.hpc.hse.ru/hub/user/aoshavrina/api/kernels/70dddff8-0010-4c7b-86a2-a035aa0e06bc?1790637336592:0
[ 4514956ms] [ERROR] Failed to load resource: the server responded with a status of 424 (Failed Dependency) @ https://jupyter.hpc.hse.ru/hub/user/aoshavrina/api/kernels/816c066e-0544-4acb-a789-0c1facae77ea?1790637337045:0
[ 4521679ms] [ERROR] Failed to load resource: the server responded with a status of 424 (Failed Dependency) @ https://jupyter.hpc.hse.ru/hub/user/aoshavrina/api/contents?content=1&1790637343792:0
[ 4531030ms] [ERROR] Failed to load resource: the server responded with a status of 424 (Failed Dependency) @ https://jupyter.hpc.hse.ru/hub/user/aoshavrina/api/kernels/816c066e-0544-4acb-a789-0c1facae77ea?1790637353130:0
[ 4531754ms] [ERROR] Failed to load resource: the server responded with a status of 424 (Failed Dependency) @ https://jupyter.hpc.hse.ru/hub/user/aoshavrina/api/contents?content=1&1790637353862:0
[ 4534041ms] [ERROR] Failed to load resource: the server responded with a status of 424 (Failed Dependency) @ https://jupyter.hpc.hse.ru/hub/user/aoshavrina/api/sessions?1790637356149:0
[ 4536553ms] [ERROR] Failed to load resource: the server responded with a status of 424 (Failed Dependency) @ https://jupyter.hpc.hse.ru/hub/user/aoshavrina/api/kernels/70dddff8-0010-4c7b-86a2-a035aa0e06bc?1790637358668:0
[ 4536935ms] [ERROR] Failed to load resource: the server responded with a status of 424 (Failed Dependency) @ https://jupyter.hpc.hse.ru/hub/user/aoshavrina/api/kernels?1790637359044:0
[ 4537230ms] [ERROR] Failed to load resource: the server responded with a status of 424 (Failed Dependency) @ https://jupyter.hpc.hse.ru/hub/user/aoshavrina/api/kernels/816c066e-0544-4acb-a789-0c1facae77ea?1790637359339:0
[ 4541835ms] [ERROR] Failed to load resource: the server responded with a status of 424 (Failed Dependency) @ https://jupyter.hpc.hse.ru/hub/user/aoshavrina/api/contents?content=1&1790637363928:0
[ 4551911ms] [ERROR] Failed to load resource: the server responded with a status of 424 (Failed Dependency) @ https://jupyter.hpc.hse.ru/hub/user/aoshavrina/api/contents?content=1&1790637374021:0
[ 4554300ms] [ERROR] Failed to load resource: the server responded with a status of 424 (Failed Dependency) @ https://jupyter.hpc.hse.ru/hub/user/aoshavrina/api/kernels/816c066e-0544-4acb-a789-0c1facae77ea?1790637376415:0
[ 4555105ms] [ERROR] Failed to load resource: the server responded with a status of 424 (Failed Dependency) @ https://jupyter.hpc.hse.ru/hub/user/aoshavrina/api/kernels/816c066e-0544-4acb-a789-0c1facae77ea?1790637377211:0
[ 4555795ms] [ERROR] Failed to load resource: the server responded with a status of 424 (Failed Dependency) @ https://jupyter.hpc.hse.ru/hub/user/aoshavrina/api/contents/schweinhart_hpc_synthetic_controls.ipynb?content=0&1790637377896:0
[ 4555796ms] [WARNING] Showing error: r: JupyterHub server no longer running at /user/aoshavrina/api/contents/schweinhart_hpc_synthetic_controls.ipynb. Restart the server at https://jupyter.hpc.hse.ru/hub/spawn/aoshavrina
    at r.create (https://jupyter.hpc.hse.ru/user/aoshavrina/static/lab/jlab_core.fc632a0f38747f007842.js?v=fc632a0f38747f007842:2:1095583)
    at async g.get (https://jupyter.hpc.hse.ru/user/aoshavrina/static/lab/jlab_core.fc632a0f38747f007842.js?v=fc632a0f38747f007842:2:1047591)
    at async h._save (https://jupyter.hpc.hse.ru/user/aoshavrina/static/lab/jlab_core.fc632a0f38747f007842.js?v=fc632a0f38747f007842:2:515542) @ https://jupyter.hpc.hse.ru/user/aoshavrina/static/lab/jlab_core.fc632a0f38747f007842.js?v=fc632a0f38747f007842:1
[ 4555797ms] [ERROR] Error in Auto-Save JupyterHub server no longer running at /user/aoshavrina/api/contents/schweinhart_hpc_synthetic_controls.ipynb. Restart the server at https://jupyter.hpc.hse.ru/hub/spawn/aoshavrina @ https://jupyter.hpc.hse.ru/user/aoshavrina/static/lab/jlab_core.fc632a0f38747f007842.js?v=fc632a0f38747f007842:1
[ 4555990ms] [ERROR] Failed to load resource: the server responded with a status of 424 (Failed Dependency) @ https://jupyter.hpc.hse.ru/hub/user/aoshavrina/api/terminals?1790637378099:0
[ 4560630ms] [ERROR] Failed to load resource: the server responded with a status of 424 (Failed Dependency) @ https://jupyter.hpc.hse.ru/hub/user/aoshavrina/api/kernels/70dddff8-0010-4c7b-86a2-a035aa0e06bc?1790637382737:0
[ 4561988ms] [ERROR] Failed to load resource: the server responded with a status of 424 (Failed Dependency) @ https://jupyter.hpc.hse.ru/hub/user/aoshavrina/api/contents?content=1&1790637384086:0
[ 4572070ms] [ERROR] Failed to load resource: the server responded with a status of 424 (Failed Dependency) @ https://jupyter.hpc.hse.ru/hub/user/aoshavrina/api/contents?content=1&1790637394170:0
[ 4572372ms] [ERROR] Failed to load resource: the server responded with a status of 424 (Failed Dependency) @ https://jupyter.hpc.hse.ru/hub/user/aoshavrina/api/kernels/816c066e-0544-4acb-a789-0c1facae77ea?1790637394478:0
[ 4581188ms] [ERROR] Failed to load resource: the server responded with a status of 424 (Failed Dependency) @ https://jupyter.hpc.hse.ru/hub/user/aoshavrina/api/kernels/816c066e-0544-4acb-a789-0c1facae77ea?1790637403286:0
[ 4582186ms] [ERROR] Failed to load resource: the server responded with a status of 424 (Failed Dependency) @ https://jupyter.hpc.hse.ru/hub/user/aoshavrina/api/contents?content=1&1790637404249:0
[ 4587712ms] [ERROR] Failed to load resource: the server responded with a status of 424 (Failed Dependency) @ https://jupyter.hpc.hse.ru/hub/user/aoshavrina/api/kernels/70dddff8-0010-4c7b-86a2-a035aa0e06bc?1790637409805:0
[ 4592326ms] [ERROR] Failed to load resource: the server responded with a status of 403 (Forbidden) @ https://jupyter.hpc.hse.ru/user/aoshavrina/api/contents?content=1&1790637414372=&redirects=1:0
[ 4594635ms] [ERROR] Failed to load resource: the server responded with a status of 404 (Not Found) @ https://jupyter.hpc.hse.ru/user/aoshavrina/api/kernels/816c066e-0544-4acb-a789-0c1facae77ea?1790637416757:0
[ 4594637ms] [WARNING] Connection lost, reconnecting in 0 seconds. @ https://jupyter.hpc.hse.ru/user/aoshavrina/static/lab/jlab_core.fc632a0f38747f007842.js?v=fc632a0f38747f007842:1
[ 4595244ms] [ERROR] Failed to load resource: the server responded with a status of 404 (Not Found) @ https://jupyter.hpc.hse.ru/user/aoshavrina/api/kernels/816c066e-0544-4acb-a789-0c1facae77ea?1790637417376:0
[ 4595244ms] [WARNING] Connection lost, reconnecting in 0 seconds. @ https://jupyter.hpc.hse.ru/user/aoshavrina/static/lab/jlab_core.fc632a0f38747f007842.js?v=fc632a0f38747f007842:1
[ 4595388ms] [ERROR] WebSocket connection to 'wss://jupyter.hpc.hse.ru/user/aoshavrina/api/kernels/816c066e-0544-4acb-a789-0c1facae77ea/channels?session_id=7bcb443e-e028-4a76-90df-12f9020834fd' failed: Error during WebSocket handshake: Unexpected response code: 404 @ https://jupyter.hpc.hse.ru/user/aoshavrina/static/lab/jlab_core.fc632a0f38747f007842.js?v=fc632a0f38747f007842:1
[ 4595417ms] [ERROR] Failed to load resource: the server responded with a status of 404 (Not Found) @ https://jupyter.hpc.hse.ru/user/aoshavrina/api/kernels/816c066e-0544-4acb-a789-0c1facae77ea?1790637417560:0
[ 4595417ms] [WARNING] Connection lost, reconnecting in 1 seconds. @ https://jupyter.hpc.hse.ru/user/aoshavrina/static/lab/jlab_core.fc632a0f38747f007842.js?v=fc632a0f38747f007842:1
[ 4596628ms] [ERROR] WebSocket connection to 'wss://jupyter.hpc.hse.ru/user/aoshavrina/api/kernels/816c066e-0544-4acb-a789-0c1facae77ea/channels?session_id=8e87485f-e03f-48f1-9baa-0d5bdb6f66d6' failed: Error during WebSocket handshake: Unexpected response code: 404 @ https://jupyter.hpc.hse.ru/user/aoshavrina/static/lab/jlab_core.fc632a0f38747f007842.js?v=fc632a0f38747f007842:1
[ 4596980ms] [ERROR] Failed to load resource: the server responded with a status of 404 (Not Found) @ https://jupyter.hpc.hse.ru/user/aoshavrina/api/kernels/816c066e-0544-4acb-a789-0c1facae77ea?1790637418903:0
[ 4596980ms] [WARNING] Connection lost, reconnecting in 0 seconds. @ https://jupyter.hpc.hse.ru/user/aoshavrina/static/lab/jlab_core.fc632a0f38747f007842.js?v=fc632a0f38747f007842:1
[ 4597025ms] [ERROR] WebSocket connection to 'wss://jupyter.hpc.hse.ru/user/aoshavrina/api/kernels/816c066e-0544-4acb-a789-0c1facae77ea/channels?session_id=7bcb443e-e028-4a76-90df-12f9020834fd' failed: Error during WebSocket handshake: Unexpected response code: 404 @ https://jupyter.hpc.hse.ru/user/aoshavrina/static/lab/jlab_core.fc632a0f38747f007842.js?v=fc632a0f38747f007842:1
[ 4597063ms] [ERROR] Failed to load resource: the server responded with a status of 404 (Not Found) @ https://jupyter.hpc.hse.ru/user/aoshavrina/api/kernels/816c066e-0544-4acb-a789-0c1facae77ea?1790637419196:0
[ 4597063ms] [WARNING] Connection lost, reconnecting in 2 seconds. @ https://jupyter.hpc.hse.ru/user/aoshavrina/static/lab/jlab_core.fc632a0f38747f007842.js?v=fc632a0f38747f007842:1
[ 4597781ms] [ERROR] WebSocket connection to 'wss://jupyter.hpc.hse.ru/user/aoshavrina/api/kernels/816c066e-0544-4acb-a789-0c1facae77ea/channels?session_id=8e87485f-e03f-48f1-9baa-0d5bdb6f66d6' failed: Error during WebSocket handshake: Unexpected response code: 404 @ https://jupyter.hpc.hse.ru/user/aoshavrina/static/lab/jlab_core.fc632a0f38747f007842.js?v=fc632a0f38747f007842:1
[ 4597817ms] [ERROR] Failed to load resource: the server responded with a status of 404 (Not Found) @ https://jupyter.hpc.hse.ru/user/aoshavrina/api/kernels/816c066e-0544-4acb-a789-0c1facae77ea?1790637419952:0
[ 4597817ms] [WARNING] Connection lost, reconnecting in 1 seconds. @ https://jupyter.hpc.hse.ru/user/aoshavrina/static/lab/jlab_core.fc632a0f38747f007842.js?v=fc632a0f38747f007842:1
[ 4599672ms] [ERROR] WebSocket connection to 'wss://jupyter.hpc.hse.ru/user/aoshavrina/api/kernels/816c066e-0544-4acb-a789-0c1facae77ea/channels?session_id=8e87485f-e03f-48f1-9baa-0d5bdb6f66d6' failed: Error during WebSocket handshake: Unexpected response code: 404 @ https://jupyter.hpc.hse.ru/user/aoshavrina/static/lab/jlab_core.fc632a0f38747f007842.js?v=fc632a0f38747f007842:1
[ 4599709ms] [ERROR] Failed to load resource: the server responded with a status of 404 (Not Found) @ https://jupyter.hpc.hse.ru/user/aoshavrina/api/kernels/816c066e-0544-4acb-a789-0c1facae77ea?1790637421844:0
[ 4599709ms] [WARNING] Connection lost, reconnecting in 1 seconds. @ https://jupyter.hpc.hse.ru/user/aoshavrina/static/lab/jlab_core.fc632a0f38747f007842.js?v=fc632a0f38747f007842:1
[ 4599854ms] [ERROR] WebSocket connection to 'wss://jupyter.hpc.hse.ru/user/aoshavrina/api/kernels/816c066e-0544-4acb-a789-0c1facae77ea/channels?session_id=7bcb443e-e028-4a76-90df-12f9020834fd' failed: Error during WebSocket handshake: Unexpected response code: 404 @ https://jupyter.hpc.hse.ru/user/aoshavrina/static/lab/jlab_core.fc632a0f38747f007842.js?v=fc632a0f38747f007842:1
[ 4599883ms] [ERROR] Failed to load resource: the server responded with a status of 404 (Not Found) @ https://jupyter.hpc.hse.ru/user/aoshavrina/api/kernels/816c066e-0544-4acb-a789-0c1facae77ea?1790637422026:0
[ 4599884ms] [WARNING] Connection lost, reconnecting in 0 seconds. @ https://jupyter.hpc.hse.ru/user/aoshavrina/static/lab/jlab_core.fc632a0f38747f007842.js?v=fc632a0f38747f007842:1
[ 4600663ms] [ERROR] WebSocket connection to 'wss://jupyter.hpc.hse.ru/user/aoshavrina/api/kernels/816c066e-0544-4acb-a789-0c1facae77ea/channels?session_id=7bcb443e-e028-4a76-90df-12f9020834fd' failed: Error during WebSocket handshake: Unexpected response code: 404 @ https://jupyter.hpc.hse.ru/user/aoshavrina/static/lab/jlab_core.fc632a0f38747f007842.js?v=fc632a0f38747f007842:1
[ 4600696ms] [ERROR] Failed to load resource: the server responded with a status of 404 (Not Found) @ https://jupyter.hpc.hse.ru/user/aoshavrina/api/kernels/816c066e-0544-4acb-a789-0c1facae77ea?1790637422835:0
[ 4600696ms] [WARNING] Connection lost, reconnecting in 21 seconds. @ https://jupyter.hpc.hse.ru/user/aoshavrina/static/lab/jlab_core.fc632a0f38747f007842.js?v=fc632a0f38747f007842:1
[ 4601229ms] [ERROR] WebSocket connection to 'wss://jupyter.hpc.hse.ru/user/aoshavrina/api/kernels/816c066e-0544-4acb-a789-0c1facae77ea/channels?session_id=8e87485f-e03f-48f1-9baa-0d5bdb6f66d6' failed: Error during WebSocket handshake: Unexpected response code: 404 @ https://jupyter.hpc.hse.ru/user/aoshavrina/static/lab/jlab_core.fc632a0f38747f007842.js?v=fc632a0f38747f007842:1
[ 4601291ms] [ERROR] Failed to load resource: the server responded with a status of 404 (Not Found) @ https://jupyter.hpc.hse.ru/user/aoshavrina/api/kernels/816c066e-0544-4acb-a789-0c1facae77ea?1790637423401:0
[ 4601291ms] [WARNING] Connection lost, reconnecting in 16 seconds. @ https://jupyter.hpc.hse.ru/user/aoshavrina/static/lab/jlab_core.fc632a0f38747f007842.js?v=fc632a0f38747f007842:1
[ 4603749ms] [ERROR] Failed to load resource: the server responded with a status of 404 (Not Found) @ https://jupyter.hpc.hse.ru/user/aoshavrina/api/kernels/70dddff8-0010-4c7b-86a2-a035aa0e06bc?1790637425888:0
[ 4603749ms] [WARNING] Connection lost, reconnecting in 0 seconds. @ https://jupyter.hpc.hse.ru/user/aoshavrina/static/lab/jlab_core.fc632a0f38747f007842.js?v=fc632a0f38747f007842:1
[ 4604187ms] [ERROR] WebSocket connection to 'wss://jupyter.hpc.hse.ru/user/aoshavrina/api/kernels/70dddff8-0010-4c7b-86a2-a035aa0e06bc/channels?session_id=3b5bef6b-d14d-44aa-8e0c-7be49b1a99d7' failed: Error during WebSocket handshake: Unexpected response code: 404 @ https://jupyter.hpc.hse.ru/user/aoshavrina/static/lab/jlab_core.fc632a0f38747f007842.js?v=fc632a0f38747f007842:1
[ 4604232ms] [ERROR] Failed to load resource: the server responded with a status of 404 (Not Found) @ https://jupyter.hpc.hse.ru/user/aoshavrina/api/kernels/70dddff8-0010-4c7b-86a2-a035aa0e06bc?1790637426359:0
[ 4604232ms] [WARNING] Connection lost, reconnecting in 2 seconds. @ https://jupyter.hpc.hse.ru/user/aoshavrina/static/lab/jlab_core.fc632a0f38747f007842.js?v=fc632a0f38747f007842:1
[ 4607146ms] [ERROR] WebSocket connection to 'wss://jupyter.hpc.hse.ru/user/aoshavrina/api/kernels/70dddff8-0010-4c7b-86a2-a035aa0e06bc/channels?session_id=3b5bef6b-d14d-44aa-8e0c-7be49b1a99d7' failed: Error during WebSocket handshake: Unexpected response code: 404 @ https://jupyter.hpc.hse.ru/user/aoshavrina/static/lab/jlab_core.fc632a0f38747f007842.js?v=fc632a0f38747f007842:1
[ 4607178ms] [ERROR] Failed to load resource: the server responded with a status of 404 (Not Found) @ https://jupyter.hpc.hse.ru/user/aoshavrina/api/kernels/70dddff8-0010-4c7b-86a2-a035aa0e06bc?1790637429318:0
[ 4607178ms] [WARNING] Connection lost, reconnecting in 0 seconds. @ https://jupyter.hpc.hse.ru/user/aoshavrina/static/lab/jlab_core.fc632a0f38747f007842.js?v=fc632a0f38747f007842:1
[ 4608331ms] [ERROR] WebSocket connection to 'wss://jupyter.hpc.hse.ru/user/aoshavrina/api/kernels/70dddff8-0010-4c7b-86a2-a035aa0e06bc/channels?session_id=3b5bef6b-d14d-44aa-8e0c-7be49b1a99d7' failed: Error during WebSocket handshake: Unexpected response code: 404 @ https://jupyter.hpc.hse.ru/user/aoshavrina/static/lab/jlab_core.fc632a0f38747f007842.js?v=fc632a0f38747f007842:1
[ 4608364ms] [ERROR] Failed to load resource: the server responded with a status of 404 (Not Found) @ https://jupyter.hpc.hse.ru/user/aoshavrina/api/kernels/70dddff8-0010-4c7b-86a2-a035aa0e06bc?1790637430503:0
[ 4608364ms] [WARNING] Connection lost, reconnecting in 13 seconds. @ https://jupyter.hpc.hse.ru/user/aoshavrina/static/lab/jlab_core.fc632a0f38747f007842.js?v=fc632a0f38747f007842:1
[ 4613083ms] [WARNING] Default kernel not found, using 'conda-env-python-google_colab_gpu_2024-py' @ https://jupyter.hpc.hse.ru/user/aoshavrina/static/lab/jlab_core.fc632a0f38747f007842.js?v=fc632a0f38747f007842:1
[ 4618059ms] [ERROR] WebSocket connection to 'wss://jupyter.hpc.hse.ru/user/aoshavrina/api/kernels/816c066e-0544-4acb-a789-0c1facae77ea/channels?session_id=8e87485f-e03f-48f1-9baa-0d5bdb6f66d6' failed: Error during WebSocket handshake: Unexpected response code: 404 @ https://jupyter.hpc.hse.ru/user/aoshavrina/static/lab/jlab_core.fc632a0f38747f007842.js?v=fc632a0f38747f007842:1
[ 4618089ms] [ERROR] Failed to load resource: the server responded with a status of 404 (Not Found) @ https://jupyter.hpc.hse.ru/user/aoshavrina/api/kernels/816c066e-0544-4acb-a789-0c1facae77ea?1790637440231:0
[ 4618089ms] [WARNING] Connection lost, reconnecting in 0 seconds. @ https://jupyter.hpc.hse.ru/user/aoshavrina/static/lab/jlab_core.fc632a0f38747f007842.js?v=fc632a0f38747f007842:1
[ 4619028ms] [ERROR] WebSocket connection to 'wss://jupyter.hpc.hse.ru/user/aoshavrina/api/kernels/816c066e-0544-4acb-a789-0c1facae77ea/channels?session_id=8e87485f-e03f-48f1-9baa-0d5bdb6f66d6' failed: Error during WebSocket handshake: Unexpected response code: 404 @ https://jupyter.hpc.hse.ru/user/aoshavrina/static/lab/jlab_core.fc632a0f38747f007842.js?v=fc632a0f38747f007842:1
[ 4619062ms] [ERROR] Failed to load resource: the server responded with a status of 404 (Not Found) @ https://jupyter.hpc.hse.ru/user/aoshavrina/api/kernels/816c066e-0544-4acb-a789-0c1facae77ea?1790637441200:0
[ 4622347ms] [ERROR] WebSocket connection to 'wss://jupyter.hpc.hse.ru/user/aoshavrina/api/kernels/70dddff8-0010-4c7b-86a2-a035aa0e06bc/channels?session_id=3b5bef6b-d14d-44aa-8e0c-7be49b1a99d7' failed: Error during WebSocket handshake: Unexpected response code: 404 @ https://jupyter.hpc.hse.ru/user/aoshavrina/static/lab/jlab_core.fc632a0f38747f007842.js?v=fc632a0f38747f007842:1
[ 4622379ms] [ERROR] Failed to load resource: the server responded with a status of 404 (Not Found) @ https://jupyter.hpc.hse.ru/user/aoshavrina/api/kernels/70dddff8-0010-4c7b-86a2-a035aa0e06bc?1790637444519:0
[ 4622379ms] [WARNING] Connection lost, reconnecting in 26 seconds. @ https://jupyter.hpc.hse.ru/user/aoshavrina/static/lab/jlab_core.fc632a0f38747f007842.js?v=fc632a0f38747f007842:1
[ 4623165ms] [ERROR] WebSocket connection to 'wss://jupyter.hpc.hse.ru/user/aoshavrina/api/kernels/816c066e-0544-4acb-a789-0c1facae77ea/channels?session_id=7bcb443e-e028-4a76-90df-12f9020834fd' failed: Error during WebSocket handshake: Unexpected response code: 404 @ https://jupyter.hpc.hse.ru/user/aoshavrina/static/lab/jlab_core.fc632a0f38747f007842.js?v=fc632a0f38747f007842:1
[ 4623198ms] [ERROR] Failed to load resource: the server responded with a status of 404 (Not Found) @ https://jupyter.hpc.hse.ru/user/aoshavrina/api/kernels/816c066e-0544-4acb-a789-0c1facae77ea?1790637445336:0
[ 4623199ms] [WARNING] Connection lost, reconnecting in 23 seconds. @ https://jupyter.hpc.hse.ru/user/aoshavrina/static/lab/jlab_core.fc632a0f38747f007842.js?v=fc632a0f38747f007842:1
[ 4674128ms] [WARNING] Default kernel not found, using 'conda-env-python-google_colab_gpu_2024-py' @ https://jupyter.hpc.hse.ru/user/aoshavrina/static/lab/jlab_core.fc632a0f38747f007842.js?v=fc632a0f38747f007842:1
[ 4735183ms] [WARNING] Default kernel not found, using 'conda-env-python-google_colab_gpu_2024-py' @ https://jupyter.hpc.hse.ru/user/aoshavrina/static/lab/jlab_core.fc632a0f38747f007842.js?v=fc632a0f38747f007842:1
[ 4796237ms] [WARNING] Default kernel not found, using 'conda-env-python-google_colab_gpu_2024-py' @ https://jupyter.hpc.hse.ru/user/aoshavrina/static/lab/jlab_core.fc632a0f38747f007842.js?v=fc632a0f38747f007842:1
[ 4857318ms] [WARNING] Default kernel not found, using 'conda-env-python-google_colab_gpu_2024-py' @ https://jupyter.hpc.hse.ru/user/aoshavrina/static/lab/jlab_core.fc632a0f38747f007842.js?v=fc632a0f38747f007842:1
[ 4918360ms] [WARNING] Default kernel not found, using 'conda-env-python-google_colab_gpu_2024-py' @ https://jupyter.hpc.hse.ru/user/aoshavrina/static/lab/jlab_core.fc632a0f38747f007842.js?v=fc632a0f38747f007842:1
[ 4979414ms] [WARNING] Default kernel not found, using 'conda-env-python-google_colab_gpu_2024-py' @ https://jupyter.hpc.hse.ru/user/aoshavrina/static/lab/jlab_core.fc632a0f38747f007842.js?v=fc632a0f38747f007842:1
[ 5040466ms] [WARNING] Default kernel not found, using 'conda-env-python-google_colab_gpu_2024-py' @ https://jupyter.hpc.hse.ru/user/aoshavrina/static/lab/jlab_core.fc632a0f38747f007842.js?v=fc632a0f38747f007842:1
[ 5101508ms] [WARNING] Default kernel not found, using 'conda-env-python-google_colab_gpu_2024-py' @ https://jupyter.hpc.hse.ru/user/aoshavrina/static/lab/jlab_core.fc632a0f38747f007842.js?v=fc632a0f38747f007842:1
[ 5162566ms] [WARNING] Default kernel not found, using 'conda-env-python-google_colab_gpu_2024-py' @ https://jupyter.hpc.hse.ru/user/aoshavrina/static/lab/jlab_core.fc632a0f38747f007842.js?v=fc632a0f38747f007842:1
[ 5223620ms] [WARNING] Default kernel not found, using 'conda-env-python-google_colab_gpu_2024-py' @ https://jupyter.hpc.hse.ru/user/aoshavrina/static/lab/jlab_core.fc632a0f38747f007842.js?v=fc632a0f38747f007842:1
[ 5284679ms] [WARNING] Default kernel not found, using 'conda-env-python-google_colab_gpu_2024-py' @ https://jupyter.hpc.hse.ru/user/aoshavrina/static/lab/jlab_core.fc632a0f38747f007842.js?v=fc632a0f38747f007842:1
[ 5345732ms] [WARNING] Default kernel not found, using 'conda-env-python-google_colab_gpu_2024-py' @ https://jupyter.hpc.hse.ru/user/aoshavrina/static/lab/jlab_core.fc632a0f38747f007842.js?v=fc632a0f38747f007842:1
[ 5406782ms] [WARNING] Default kernel not found, using 'conda-env-python-google_colab_gpu_2024-py' @ https://jupyter.hpc.hse.ru/user/aoshavrina/static/lab/jlab_core.fc632a0f38747f007842.js?v=fc632a0f38747f007842:1
[ 5467828ms] [WARNING] Default kernel not found, using 'conda-env-python-google_colab_gpu_2024-py' @ https://jupyter.hpc.hse.ru/user/aoshavrina/static/lab/jlab_core.fc632a0f38747f007842.js?v=fc632a0f38747f007842:1
[ 5528911ms] [WARNING] Default kernel not found, using 'conda-env-python-google_colab_gpu_2024-py' @ https://jupyter.hpc.hse.ru/user/aoshavrina/static/lab/jlab_core.fc632a0f38747f007842.js?v=fc632a0f38747f007842:1
[ 5589968ms] [WARNING] Default kernel not found, using 'conda-env-python-google_colab_gpu_2024-py' @ https://jupyter.hpc.hse.ru/user/aoshavrina/static/lab/jlab_core.fc632a0f38747f007842.js?v=fc632a0f38747f007842:1
[ 5651046ms] [WARNING] Default kernel not found, using 'conda-env-python-google_colab_gpu_2024-py' @ https://jupyter.hpc.hse.ru/user/aoshavrina/static/lab/jlab_core.fc632a0f38747f007842.js?v=fc632a0f38747f007842:1
[ 5712090ms] [WARNING] Default kernel not found, using 'conda-env-python-google_colab_gpu_2024-py' @ https://jupyter.hpc.hse.ru/user/aoshavrina/static/lab/jlab_core.fc632a0f38747f007842.js?v=fc632a0f38747f007842:1
[ 5773133ms] [WARNING] Default kernel not found, using 'conda-env-python-google_colab_gpu_2024-py' @ https://jupyter.hpc.hse.ru/user/aoshavrina/static/lab/jlab_core.fc632a0f38747f007842.js?v=fc632a0f38747f007842:1
[ 5834194ms] [WARNING] Default kernel not found, using 'conda-env-python-google_colab_gpu_2024-py' @ https://jupyter.hpc.hse.ru/user/aoshavrina/static/lab/jlab_core.fc632a0f38747f007842.js?v=fc632a0f38747f007842:1
[ 5895245ms] [WARNING] Default kernel not found, using 'conda-env-python-google_colab_gpu_2024-py' @ https://jupyter.hpc.hse.ru/user/aoshavrina/static/lab/jlab_core.fc632a0f38747f007842.js?v=fc632a0f38747f007842:1
[ 5956276ms] [WARNING] Default kernel not found, using 'conda-env-python-google_colab_gpu_2024-py' @ https://jupyter.hpc.hse.ru/user/aoshavrina/static/lab/jlab_core.fc632a0f38747f007842.js?v=fc632a0f38747f007842:1
[ 6017326ms] [WARNING] Default kernel not found, using 'conda-env-python-google_colab_gpu_2024-py' @ https://jupyter.hpc.hse.ru/user/aoshavrina/static/lab/jlab_core.fc632a0f38747f007842.js?v=fc632a0f38747f007842:1
[ 6078366ms] [WARNING] Default kernel not found, using 'conda-env-python-google_colab_gpu_2024-py' @ https://jupyter.hpc.hse.ru/user/aoshavrina/static/lab/jlab_core.fc632a0f38747f007842.js?v=fc632a0f38747f007842:1
[ 6139420ms] [WARNING] Default kernel not found, using 'conda-env-python-google_colab_gpu_2024-py' @ https://jupyter.hpc.hse.ru/user/aoshavrina/static/lab/jlab_core.fc632a0f38747f007842.js?v=fc632a0f38747f007842:1
[ 6200467ms] [WARNING] Default kernel not found, using 'conda-env-python-google_colab_gpu_2024-py' @ https://jupyter.hpc.hse.ru/user/aoshavrina/static/lab/jlab_core.fc632a0f38747f007842.js?v=fc632a0f38747f007842:1
[ 6262069ms] [WARNING] Default kernel not found, using 'conda-env-python-google_colab_gpu_2024-py' @ https://jupyter.hpc.hse.ru/user/aoshavrina/static/lab/jlab_core.fc632a0f38747f007842.js?v=fc632a0f38747f007842:1
[ 6323755ms] [WARNING] Default kernel not found, using 'conda-env-python-google_colab_gpu_2024-py' @ https://jupyter.hpc.hse.ru/user/aoshavrina/static/lab/jlab_core.fc632a0f38747f007842.js?v=fc632a0f38747f007842:1
[ 6385436ms] [WARNING] Default kernel not found, using 'conda-env-python-google_colab_gpu_2024-py' @ https://jupyter.hpc.hse.ru/user/aoshavrina/static/lab/jlab_core.fc632a0f38747f007842.js?v=fc632a0f38747f007842:1
[ 6395888ms] [ERROR] Failed to load resource: the server responded with a status of 503 (Service Unavailable) @ https://jupyter.hpc.hse.ru/user/aoshavrina/api/contents?content=1&1790639217948:0
[ 6401958ms] [ERROR] Failed to load resource: the server responded with a status of 503 (Service Unavailable) @ https://jupyter.hpc.hse.ru/user/aoshavrina/api/kernels?1790639224010:0
[ 6401962ms] [ERROR] Failed to load resource: the server responded with a status of 503 (Service Unavailable) @ https://jupyter.hpc.hse.ru/user/aoshavrina/api/sessions?1790639224009:0
[ 6402888ms] [ERROR] Failed to load resource: the server responded with a status of 503 (Service Unavailable) @ https://jupyter.hpc.hse.ru/user/aoshavrina/api/terminals?1790639224941:0
[ 6406001ms] [ERROR] Failed to load resource: the server responded with a status of 503 (Service Unavailable) @ https://jupyter.hpc.hse.ru/user/aoshavrina/api/contents?content=1&1790639228068:0
[ 6415285ms] [ERROR] Failed to load resource: the server responded with a status of 503 (Service Unavailable) @ https://jupyter.hpc.hse.ru/user/aoshavrina/api/kernels?1790639237316:0
[ 6416155ms] [ERROR] Failed to load resource: the server responded with a status of 503 (Service Unavailable) @ https://jupyter.hpc.hse.ru/user/aoshavrina/api/contents?content=1&1790639238182:0
[ 6426220ms] [ERROR] Failed to load resource: the server responded with a status of 424 (Failed Dependency) @ https://jupyter.hpc.hse.ru/hub/user/aoshavrina/api/contents?content=1&1790639248337:0
[ 6427622ms] [ERROR] Failed to load resource: the server responded with a status of 424 (Failed Dependency) @ https://jupyter.hpc.hse.ru/hub/user/aoshavrina/api/sessions?1790639249737:0
[ 6429166ms] [ERROR] Failed to load resource: the server responded with a status of 424 (Failed Dependency) @ https://jupyter.hpc.hse.ru/hub/user/aoshavrina/api/terminals?1790639251268:0
[ 6433265ms] [ERROR] Failed to load resource: the server responded with a status of 424 (Failed Dependency) @ https://jupyter.hpc.hse.ru/hub/user/aoshavrina/api/kernels?1790639255364:0
[ 6436293ms] [ERROR] Failed to load resource: the server responded with a status of 424 (Failed Dependency) @ https://jupyter.hpc.hse.ru/hub/user/aoshavrina/api/contents?content=1&1790639258403:0
[ 6438512ms] [ERROR] Failed to load resource: the server responded with a status of 424 (Failed Dependency) @ https://jupyter.hpc.hse.ru/hub/user/aoshavrina/api/sessions?1790639260622:0
[ 6444956ms] [ERROR] Failed to load resource: the server responded with a status of 424 (Failed Dependency) @ https://jupyter.hpc.hse.ru/hub/user/aoshavrina/api/kernels?1790639267073:0
[ 6446359ms] [ERROR] Failed to load resource: the server responded with a status of 424 (Failed Dependency) @ https://jupyter.hpc.hse.ru/hub/user/aoshavrina/api/contents?content=1&1790639268468:0
[ 6446519ms] [ERROR] Failed to load resource: the server responded with a status of 424 (Failed Dependency) @ https://jupyter.hpc.hse.ru/hub/user/aoshavrina/api/kernelspecs?1790639268624:0
[ 6456423ms] [ERROR] Failed to load resource: the server responded with a status of 424 (Failed Dependency) @ https://jupyter.hpc.hse.ru/hub/user/aoshavrina/api/contents?content=1&1790639278534:0
[ 6457923ms] [ERROR] Failed to load resource: the server responded with a status of 424 (Failed Dependency) @ https://jupyter.hpc.hse.ru/hub/user/aoshavrina/api/kernels?1790639279986:0
[ 6466516ms] [ERROR] Failed to load resource: the server responded with a status of 424 (Failed Dependency) @ https://jupyter.hpc.hse.ru/hub/user/aoshavrina/api/contents?content=1&1790639288599:0
[ 6470511ms] [ERROR] Failed to load resource: the server responded with a status of 424 (Failed Dependency) @ https://jupyter.hpc.hse.ru/hub/user/aoshavrina/api/sessions?1790639292627:0
[ 6476574ms] [ERROR] Failed to load resource: the server responded with a status of 424 (Failed Dependency) @ https://jupyter.hpc.hse.ru/hub/user/aoshavrina/api/contents?content=1&1790639298689:0
[ 6476733ms] [ERROR] Failed to load resource: the server responded with a status of 424 (Failed Dependency) @ https://jupyter.hpc.hse.ru/hub/user/aoshavrina/api/terminals?1790639298847:0
[ 6486726ms] [ERROR] Failed to load resource: the server responded with a status of 424 (Failed Dependency) @ https://jupyter.hpc.hse.ru/hub/user/aoshavrina/api/contents?content=1&1790639308831:0
[ 6495462ms] [ERROR] Failed to load resource: the server responded with a status of 424 (Failed Dependency) @ https://jupyter.hpc.hse.ru/hub/user/aoshavrina/api/kernels?1790639317571:0
[ 6496791ms] [ERROR] Failed to load resource: the server responded with a status of 424 (Failed Dependency) @ https://jupyter.hpc.hse.ru/hub/user/aoshavrina/api/contents?content=1&1790639318908:0
[ 6506862ms] [ERROR] Failed to load resource: the server responded with a status of 424 (Failed Dependency) @ https://jupyter.hpc.hse.ru/hub/user/aoshavrina/api/contents?content=1&1790639328977:0
[ 6507076ms] [ERROR] Failed to load resource: the server responded with a status of 424 (Failed Dependency) @ https://jupyter.hpc.hse.ru/hub/user/aoshavrina/api/sessions?1790639329179:0
[ 6516953ms] [ERROR] Failed to load resource: the server responded with a status of 424 (Failed Dependency) @ https://jupyter.hpc.hse.ru/hub/user/aoshavrina/api/contents?content=1&1790639339051:0
[ 6527016ms] [ERROR] Failed to load resource: the server responded with a status of 424 (Failed Dependency) @ https://jupyter.hpc.hse.ru/hub/user/aoshavrina/api/contents?content=1&1790639349129:0
[ 6537101ms] [ERROR] Failed to load resource: the server responded with a status of 424 (Failed Dependency) @ https://jupyter.hpc.hse.ru/hub/user/aoshavrina/api/contents?content=1&1790639359195:0
[ 6544724ms] [ERROR] Failed to load resource: the server responded with a status of 424 (Failed Dependency) @ https://jupyter.hpc.hse.ru/hub/user/aoshavrina/api/kernels?1790639366835:0
[ 6547191ms] [ERROR] Failed to load resource: the server responded with a status of 424 (Failed Dependency) @ https://jupyter.hpc.hse.ru/hub/user/aoshavrina/api/contents?content=1&1790639369289:0
[ 6557265ms] [ERROR] Failed to load resource: the server responded with a status of 424 (Failed Dependency) @ https://jupyter.hpc.hse.ru/hub/user/aoshavrina/api/contents?content=1&1790639379368:0
[ 6560866ms] [ERROR] Failed to load resource: the server responded with a status of 424 (Failed Dependency) @ https://jupyter.hpc.hse.ru/hub/user/aoshavrina/api/terminals?1790639382971:0
[ 6567327ms] [ERROR] Failed to load resource: the server responded with a status of 424 (Failed Dependency) @ https://jupyter.hpc.hse.ru/hub/user/aoshavrina/api/contents?content=1&1790639389440:0
[ 6577408ms] [ERROR] Failed to load resource: the server responded with a status of 424 (Failed Dependency) @ https://jupyter.hpc.hse.ru/hub/user/aoshavrina/api/contents?content=1&1790639399515:0
[ 6581221ms] [ERROR] Failed to load resource: the server responded with a status of 424 (Failed Dependency) @ https://jupyter.hpc.hse.ru/hub/user/aoshavrina/api/kernelspecs?1790639403330:0
[ 6587477ms] [ERROR] Failed to load resource: the server responded with a status of 424 (Failed Dependency) @ https://jupyter.hpc.hse.ru/hub/user/aoshavrina/api/contents?content=1&1790639409590:0
[ 6590000ms] [ERROR] Failed to load resource: the server responded with a status of 424 (Failed Dependency) @ https://jupyter.hpc.hse.ru/hub/user/aoshavrina/api/sessions?1790639412113:0
[ 6597592ms] [ERROR] Failed to load resource: the server responded with a status of 424 (Failed Dependency) @ https://jupyter.hpc.hse.ru/hub/user/aoshavrina/api/contents?content=1&1790639419653:0
[ 6597903ms] [ERROR] Failed to load resource: the server responded with a status of 424 (Failed Dependency) @ https://jupyter.hpc.hse.ru/hub/user/aoshavrina/api/terminals?1790639420020:0
[ 6607670ms] [ERROR] Failed to load resource: the server responded with a status of 424 (Failed Dependency) @ https://jupyter.hpc.hse.ru/hub/user/aoshavrina/api/contents?content=1&1790639429777:0
[ 6617745ms] [ERROR] Failed to load resource: the server responded with a status of 424 (Failed Dependency) @ https://jupyter.hpc.hse.ru/hub/user/aoshavrina/api/contents?content=1&1790639439858:0
[ 6627799ms] [ERROR] Failed to load resource: the server responded with a status of 424 (Failed Dependency) @ https://jupyter.hpc.hse.ru/hub/user/aoshavrina/api/contents?content=1&1790639449922:0
[ 6637870ms] [ERROR] Failed to load resource: the server responded with a status of 424 (Failed Dependency) @ https://jupyter.hpc.hse.ru/hub/user/aoshavrina/api/contents?content=1&1790639459981:0
[ 6647939ms] [ERROR] Failed to load resource: the server responded with a status of 424 (Failed Dependency) @ https://jupyter.hpc.hse.ru/hub/user/aoshavrina/api/contents?content=1&1790639470054:0
[ 6650103ms] [ERROR] Failed to load resource: the server responded with a status of 424 (Failed Dependency) @ https://jupyter.hpc.hse.ru/hub/user/aoshavrina/api/terminals?1790639472204:0
[ 6652395ms] [ERROR] Failed to load resource: the server responded with a status of 424 (Failed Dependency) @ https://jupyter.hpc.hse.ru/hub/user/aoshavrina/api/kernels?1790639474514:0
[ 6658008ms] [ERROR] Failed to load resource: the server responded with a status of 424 (Failed Dependency) @ https://jupyter.hpc.hse.ru/hub/user/aoshavrina/api/contents?content=1&1790639480119:0
[ 6668071ms] [ERROR] Failed to load resource: the server responded with a status of 424 (Failed Dependency) @ https://jupyter.hpc.hse.ru/hub/user/aoshavrina/api/contents?content=1&1790639490185:0
[ 6678132ms] [ERROR] Failed to load resource: the server responded with a status of 424 (Failed Dependency) @ https://jupyter.hpc.hse.ru/hub/user/aoshavrina/api/contents?content=1&1790639500252:0
[ 6685013ms] [ERROR] Failed to load resource: the server responded with a status of 424 (Failed Dependency) @ https://jupyter.hpc.hse.ru/hub/user/aoshavrina/api/sessions?1790639507107:0
[ 6688194ms] [ERROR] Failed to load resource: the server responded with a status of 424 (Failed Dependency) @ https://jupyter.hpc.hse.ru/hub/user/aoshavrina/api/contents?content=1&1790639510309:0
[ 6698288ms] [ERROR] Failed to load resource: the server responded with a status of 424 (Failed Dependency) @ https://jupyter.hpc.hse.ru/hub/user/aoshavrina/api/contents?content=1&1790639520370:0
[ 6708352ms] [ERROR] Failed to load resource: the server responded with a status of 424 (Failed Dependency) @ https://jupyter.hpc.hse.ru/hub/user/aoshavrina/api/contents?content=1&1790639530462:0
[ 6718430ms] [ERROR] Failed to load resource: the server responded with a status of 424 (Failed Dependency) @ https://jupyter.hpc.hse.ru/hub/user/aoshavrina/api/contents?content=1&1790639540539:0
[ 6728492ms] [ERROR] Failed to load resource: the server responded with a status of 424 (Failed Dependency) @ https://jupyter.hpc.hse.ru/hub/user/aoshavrina/api/contents?content=1&1790639550606:0
