[  277116ms] [WARNING] Unsatisfied version 3.4.3 from @jupyterlab/application-top of shared singleton module @jupyterlab/application (required ^3.6.2) @ https://jupyter.hpc.hse.ru/user/aoshavrina/lab/extensions/@cmd-ntrf/jupyterlab-lmod/static/remoteEntry.337561c2f2841a9379f9.js:0
[  277118ms] [WARNING] Unsatisfied version 3.4.3 from @jupyterlab/application-top of shared singleton module @jupyterlab/launcher (required ^3.6.2) @ https://jupyter.hpc.hse.ru/user/aoshavrina/lab/extensions/@cmd-ntrf/jupyterlab-lmod/static/remoteEntry.337561c2f2841a9379f9.js:0
[  277119ms] [WARNING] Unsatisfied version 5.4.3 from @jupyterlab/application-top of shared singleton module @jupyterlab/coreutils (required ^5.6.2) @ https://jupyter.hpc.hse.ru/user/aoshavrina/lab/extensions/@cmd-ntrf/jupyterlab-lmod/static/remoteEntry.337561c2f2841a9379f9.js:0
[  277120ms] [WARNING] Unsatisfied version 3.4.3 from @jupyterlab/application-top of shared singleton module @jupyterlab/apputils (required ^3.6.2) @ https://jupyter.hpc.hse.ru/user/aoshavrina/lab/extensions/@cmd-ntrf/jupyterlab-lmod/static/remoteEntry.337561c2f2841a9379f9.js:0
[  277120ms] [WARNING] Unsatisfied version 1.31.1 from @jupyterlab/application-top of shared singleton module @lumino/widgets (required ^1.37.1) @ https://jupyter.hpc.hse.ru/user/aoshavrina/lab/extensions/@cmd-ntrf/jupyterlab-lmod/static/remoteEntry.337561c2f2841a9379f9.js:0
[  277498ms] [WARNING] Default kernel not found, using 'conda-env-python-google_colab_gpu_2024-py' @ https://jupyter.hpc.hse.ru/user/aoshavrina/static/lab/jlab_core.fc632a0f38747f007842.js?v=fc632a0f38747f007842:1
[  277587ms] [WARNING] Default kernel not found, using 'conda-env-python-google_colab_gpu_2024-py' @ https://jupyter.hpc.hse.ru/user/aoshavrina/static/lab/jlab_core.fc632a0f38747f007842.js?v=fc632a0f38747f007842:1
[  278745ms] [LOG] JupyterFrontEnd extension lmod is activated! @ https://jupyter.hpc.hse.ru/user/aoshavrina/lab/extensions/@cmd-ntrf/jupyterlab-lmod/static/510.9e922b08dc3c39798590.js?v=9e922b08dc3c39798590:0
[  279207ms] [WARNING] Default kernel not found, using 'conda-env-python-google_colab_gpu_2024-py' @ https://jupyter.hpc.hse.ru/user/aoshavrina/static/lab/jlab_core.fc632a0f38747f007842.js?v=fc632a0f38747f007842:1
[  279505ms] [ERROR] Failed to load resource: the server responded with a status of 404 (Not Found) @ https://jupyter.hpc.hse.ru/user/aoshavrina/server-proxy/servers-info:0
[  279505ms] [LOG] Could not fetch metadata about registered servers. Make sure jupyter-server-proxy is installed. @ https://jupyter.hpc.hse.ru/user/aoshavrina/lab/extensions/@cmd-ntrf/jupyterlab-lmod/static/205.5a92ea90dceb055ae79b.js?v=5a92ea90dceb055ae79b:0
[  279506ms] [LOG] Response @ https://jupyter.hpc.hse.ru/user/aoshavrina/lab/extensions/@cmd-ntrf/jupyterlab-lmod/static/205.5a92ea90dceb055ae79b.js?v=5a92ea90dceb055ae79b:0
[  282342ms] [WARNING] Default kernel not found, using 'conda-env-python-google_colab_gpu_2024-py' @ https://jupyter.hpc.hse.ru/user/aoshavrina/static/lab/jlab_core.fc632a0f38747f007842.js?v=fc632a0f38747f007842:1
[  282370ms] [WARNING] Default kernel not found, using 'conda-env-python-google_colab_gpu_2024-py' @ https://jupyter.hpc.hse.ru/user/aoshavrina/static/lab/jlab_core.fc632a0f38747f007842.js?v=fc632a0f38747f007842:1
[  285218ms] [WARNING] Failed to fetch ipywidgets through the "jupyter.widget.control" comm channel, fallback to fetching individual model state. Reason: Control comm was closed too early @ https://jupyter.hpc.hse.ru/user/aoshavrina/lab/extensions/@jupyter-widgets/jupyterlab-manager/static/272.eb0d340d1eec40ac564f.js:0
[  285323ms] [WARNING] Failed to fetch ipywidgets through the "jupyter.widget.control" comm channel, fallback to fetching individual model state. Reason: Control comm was closed too early @ https://jupyter.hpc.hse.ru/user/aoshavrina/lab/extensions/@jupyter-widgets/jupyterlab-manager/static/272.eb0d340d1eec40ac564f.js:0
[  341018ms] [WARNING] Default kernel not found, using 'conda-env-python-google_colab_gpu_2024-py' @ https://jupyter.hpc.hse.ru/user/aoshavrina/static/lab/jlab_core.fc632a0f38747f007842.js?v=fc632a0f38747f007842:1
[  402841ms] [WARNING] Default kernel not found, using 'conda-env-python-google_colab_gpu_2024-py' @ https://jupyter.hpc.hse.ru/user/aoshavrina/static/lab/jlab_core.fc632a0f38747f007842.js?v=fc632a0f38747f007842:1
[  407336ms] [WARNING] Default kernel not found, using 'conda-env-python-google_colab_gpu_2024-py' @ https://jupyter.hpc.hse.ru/user/aoshavrina/static/lab/jlab_core.fc632a0f38747f007842.js?v=fc632a0f38747f007842:1
[  408802ms] [WARNING] Failed to fetch ipywidgets through the "jupyter.widget.control" comm channel, fallback to fetching individual model state. Reason: Control comm was closed too early @ https://jupyter.hpc.hse.ru/user/aoshavrina/lab/extensions/@jupyter-widgets/jupyterlab-manager/static/272.eb0d340d1eec40ac564f.js:0
[  464612ms] [WARNING] Default kernel not found, using 'conda-env-python-google_colab_gpu_2024-py' @ https://jupyter.hpc.hse.ru/user/aoshavrina/static/lab/jlab_core.fc632a0f38747f007842.js?v=fc632a0f38747f007842:1
[  526406ms] [WARNING] Default kernel not found, using 'conda-env-python-google_colab_gpu_2024-py' @ https://jupyter.hpc.hse.ru/user/aoshavrina/static/lab/jlab_core.fc632a0f38747f007842.js?v=fc632a0f38747f007842:1
[  588228ms] [WARNING] Default kernel not found, using 'conda-env-python-google_colab_gpu_2024-py' @ https://jupyter.hpc.hse.ru/user/aoshavrina/static/lab/jlab_core.fc632a0f38747f007842.js?v=fc632a0f38747f007842:1
[  650057ms] [WARNING] Default kernel not found, using 'conda-env-python-google_colab_gpu_2024-py' @ https://jupyter.hpc.hse.ru/user/aoshavrina/static/lab/jlab_core.fc632a0f38747f007842.js?v=fc632a0f38747f007842:1
[  711905ms] [WARNING] Default kernel not found, using 'conda-env-python-google_colab_gpu_2024-py' @ https://jupyter.hpc.hse.ru/user/aoshavrina/static/lab/jlab_core.fc632a0f38747f007842.js?v=fc632a0f38747f007842:1
[  773733ms] [WARNING] Default kernel not found, using 'conda-env-python-google_colab_gpu_2024-py' @ https://jupyter.hpc.hse.ru/user/aoshavrina/static/lab/jlab_core.fc632a0f38747f007842.js?v=fc632a0f38747f007842:1
[  835551ms] [WARNING] Default kernel not found, using 'conda-env-python-google_colab_gpu_2024-py' @ https://jupyter.hpc.hse.ru/user/aoshavrina/static/lab/jlab_core.fc632a0f38747f007842.js?v=fc632a0f38747f007842:1
[  897382ms] [WARNING] Default kernel not found, using 'conda-env-python-google_colab_gpu_2024-py' @ https://jupyter.hpc.hse.ru/user/aoshavrina/static/lab/jlab_core.fc632a0f38747f007842.js?v=fc632a0f38747f007842:1
[  959199ms] [WARNING] Default kernel not found, using 'conda-env-python-google_colab_gpu_2024-py' @ https://jupyter.hpc.hse.ru/user/aoshavrina/static/lab/jlab_core.fc632a0f38747f007842.js?v=fc632a0f38747f007842:1
[ 1021016ms] [WARNING] Default kernel not found, using 'conda-env-python-google_colab_gpu_2024-py' @ https://jupyter.hpc.hse.ru/user/aoshavrina/static/lab/jlab_core.fc632a0f38747f007842.js?v=fc632a0f38747f007842:1
[ 1082861ms] [WARNING] Default kernel not found, using 'conda-env-python-google_colab_gpu_2024-py' @ https://jupyter.hpc.hse.ru/user/aoshavrina/static/lab/jlab_core.fc632a0f38747f007842.js?v=fc632a0f38747f007842:1
[ 1144663ms] [WARNING] Default kernel not found, using 'conda-env-python-google_colab_gpu_2024-py' @ https://jupyter.hpc.hse.ru/user/aoshavrina/static/lab/jlab_core.fc632a0f38747f007842.js?v=fc632a0f38747f007842:1
[ 1206468ms] [WARNING] Default kernel not found, using 'conda-env-python-google_colab_gpu_2024-py' @ https://jupyter.hpc.hse.ru/user/aoshavrina/static/lab/jlab_core.fc632a0f38747f007842.js?v=fc632a0f38747f007842:1
[ 1268296ms] [WARNING] Default kernel not found, using 'conda-env-python-google_colab_gpu_2024-py' @ https://jupyter.hpc.hse.ru/user/aoshavrina/static/lab/jlab_core.fc632a0f38747f007842.js?v=fc632a0f38747f007842:1
[ 1330157ms] [WARNING] Default kernel not found, using 'conda-env-python-google_colab_gpu_2024-py' @ https://jupyter.hpc.hse.ru/user/aoshavrina/static/lab/jlab_core.fc632a0f38747f007842.js?v=fc632a0f38747f007842:1
[ 1391965ms] [WARNING] Default kernel not found, using 'conda-env-python-google_colab_gpu_2024-py' @ https://jupyter.hpc.hse.ru/user/aoshavrina/static/lab/jlab_core.fc632a0f38747f007842.js?v=fc632a0f38747f007842:1
[ 1453801ms] [WARNING] Default kernel not found, using 'conda-env-python-google_colab_gpu_2024-py' @ https://jupyter.hpc.hse.ru/user/aoshavrina/static/lab/jlab_core.fc632a0f38747f007842.js?v=fc632a0f38747f007842:1
[ 1515629ms] [WARNING] Default kernel not found, using 'conda-env-python-google_colab_gpu_2024-py' @ https://jupyter.hpc.hse.ru/user/aoshavrina/static/lab/jlab_core.fc632a0f38747f007842.js?v=fc632a0f38747f007842:1
[ 1577445ms] [WARNING] Default kernel not found, using 'conda-env-python-google_colab_gpu_2024-py' @ https://jupyter.hpc.hse.ru/user/aoshavrina/static/lab/jlab_core.fc632a0f38747f007842.js?v=fc632a0f38747f007842:1
[ 1639280ms] [WARNING] Default kernel not found, using 'conda-env-python-google_colab_gpu_2024-py' @ https://jupyter.hpc.hse.ru/user/aoshavrina/static/lab/jlab_core.fc632a0f38747f007842.js?v=fc632a0f38747f007842:1
[ 1701056ms] [WARNING] Default kernel not found, using 'conda-env-python-google_colab_gpu_2024-py' @ https://jupyter.hpc.hse.ru/user/aoshavrina/static/lab/jlab_core.fc632a0f38747f007842.js?v=fc632a0f38747f007842:1
[ 1762879ms] [WARNING] Default kernel not found, using 'conda-env-python-google_colab_gpu_2024-py' @ https://jupyter.hpc.hse.ru/user/aoshavrina/static/lab/jlab_core.fc632a0f38747f007842.js?v=fc632a0f38747f007842:1
[ 1824765ms] [WARNING] Default kernel not found, using 'conda-env-python-google_colab_gpu_2024-py' @ https://jupyter.hpc.hse.ru/user/aoshavrina/static/lab/jlab_core.fc632a0f38747f007842.js?v=fc632a0f38747f007842:1
[ 1886532ms] [WARNING] Default kernel not found, using 'conda-env-python-google_colab_gpu_2024-py' @ https://jupyter.hpc.hse.ru/user/aoshavrina/static/lab/jlab_core.fc632a0f38747f007842.js?v=fc632a0f38747f007842:1
[ 1948357ms] [WARNING] Default kernel not found, using 'conda-env-python-google_colab_gpu_2024-py' @ https://jupyter.hpc.hse.ru/user/aoshavrina/static/lab/jlab_core.fc632a0f38747f007842.js?v=fc632a0f38747f007842:1
[ 2010141ms] [WARNING] Default kernel not found, using 'conda-env-python-google_colab_gpu_2024-py' @ https://jupyter.hpc.hse.ru/user/aoshavrina/static/lab/jlab_core.fc632a0f38747f007842.js?v=fc632a0f38747f007842:1
[ 2071968ms] [WARNING] Default kernel not found, using 'conda-env-python-google_colab_gpu_2024-py' @ https://jupyter.hpc.hse.ru/user/aoshavrina/static/lab/jlab_core.fc632a0f38747f007842.js?v=fc632a0f38747f007842:1
[ 2095014ms] [ERROR] Failed to load resource: the server responded with a status of 503 (Service Unavailable) @ https://jupyter.hpc.hse.ru/user/aoshavrina/static/favicons/favicon-busy-1.ico:0
[ 2096084ms] [WARNING] Connection lost, reconnecting in 0 seconds. @ https://jupyter.hpc.hse.ru/user/aoshavrina/static/lab/jlab_core.fc632a0f38747f007842.js?v=fc632a0f38747f007842:1
[ 2096087ms] [WARNING] Connection lost, reconnecting in 0 seconds. @ https://jupyter.hpc.hse.ru/user/aoshavrina/static/lab/jlab_core.fc632a0f38747f007842.js?v=fc632a0f38747f007842:1
[ 2096087ms] [WARNING] Connection lost, reconnecting in 0 seconds. @ https://jupyter.hpc.hse.ru/user/aoshavrina/static/lab/jlab_core.fc632a0f38747f007842.js?v=fc632a0f38747f007842:1
[ 2096099ms] [WARNING] Connection lost, reconnecting in 0 seconds. @ https://jupyter.hpc.hse.ru/user/aoshavrina/static/lab/jlab_core.fc632a0f38747f007842.js?v=fc632a0f38747f007842:1
[ 2096099ms] [WARNING] Connection lost, reconnecting in 0 seconds. @ https://jupyter.hpc.hse.ru/user/aoshavrina/static/lab/jlab_core.fc632a0f38747f007842.js?v=fc632a0f38747f007842:1
[ 2096100ms] [WARNING] Terminal websocket closed: 1006 @ https://jupyter.hpc.hse.ru/user/aoshavrina/static/lab/jlab_core.fc632a0f38747f007842.js?v=fc632a0f38747f007842:1
[ 2096101ms] [ERROR] Connection lost, reconnecting in 0 seconds. @ https://jupyter.hpc.hse.ru/user/aoshavrina/static/lab/jlab_core.fc632a0f38747f007842.js?v=fc632a0f38747f007842:1
[ 2096478ms] [ERROR] WebSocket connection to 'wss://jupyter.hpc.hse.ru/user/aoshavrina/api/kernels/4e17dc8b-5eba-4990-88c4-2de8b2d67d2b/channels?session_id=c2919732-b645-4761-b56f-b5ed59ecfba7' failed: Error during WebSocket handshake: Unexpected response code: 502 @ https://jupyter.hpc.hse.ru/user/aoshavrina/static/lab/jlab_core.fc632a0f38747f007842.js?v=fc632a0f38747f007842:1
[ 2096573ms] [ERROR] Failed to load resource: the server responded with a status of 503 (Service Unavailable) @ https://jupyter.hpc.hse.ru/user/aoshavrina/api/kernels/4e17dc8b-5eba-4990-88c4-2de8b2d67d2b?1790685591414:0
[ 2096662ms] [ERROR] WebSocket connection to 'wss://jupyter.hpc.hse.ru/user/aoshavrina/api/kernels/68fedb24-6334-4703-8ae7-0ef85e4354d9/channels?session_id=11ffe534-263d-4ffb-afbc-82249aa6ac58' failed: Error during WebSocket handshake: Unexpected response code: 502 @ https://jupyter.hpc.hse.ru/user/aoshavrina/static/lab/jlab_core.fc632a0f38747f007842.js?v=fc632a0f38747f007842:1
[ 2096761ms] [ERROR] Failed to load resource: the server responded with a status of 503 (Service Unavailable) @ https://jupyter.hpc.hse.ru/user/aoshavrina/api/kernels/68fedb24-6334-4703-8ae7-0ef85e4354d9?1790685591598:0
[ 2096789ms] [ERROR] WebSocket connection to 'wss://jupyter.hpc.hse.ru/user/aoshavrina/api/kernels/4e17dc8b-5eba-4990-88c4-2de8b2d67d2b/channels?session_id=d2a6ca4e-9f01-4af2-96f5-b070c41b91f5' failed: Error during WebSocket handshake: Unexpected response code: 502 @ https://jupyter.hpc.hse.ru/user/aoshavrina/static/lab/jlab_core.fc632a0f38747f007842.js?v=fc632a0f38747f007842:1
[ 2096899ms] [ERROR] Failed to load resource: the server responded with a status of 503 (Service Unavailable) @ https://jupyter.hpc.hse.ru/user/aoshavrina/api/kernels/4e17dc8b-5eba-4990-88c4-2de8b2d67d2b?1790685591725:0
[ 2096978ms] [ERROR] WebSocket connection to 'wss://jupyter.hpc.hse.ru/user/aoshavrina/api/kernels/eba0e010-f0c7-491a-8b44-427819e4200f/channels?session_id=e7f77893-0515-47be-aa2e-9220ee4000b6' failed: Error during WebSocket handshake: Unexpected response code: 502 @ https://jupyter.hpc.hse.ru/user/aoshavrina/static/lab/jlab_core.fc632a0f38747f007842.js?v=fc632a0f38747f007842:1
[ 2097073ms] [ERROR] Failed to load resource: the server responded with a status of 503 (Service Unavailable) @ https://jupyter.hpc.hse.ru/user/aoshavrina/api/kernels/eba0e010-f0c7-491a-8b44-427819e4200f?1790685591913:0
[ 2097192ms] [ERROR] WebSocket connection to 'wss://jupyter.hpc.hse.ru/user/aoshavrina/api/kernels/68fedb24-6334-4703-8ae7-0ef85e4354d9/channels?session_id=c87ac7ae-a626-47c1-83a1-81d8df1b06ea' failed: Error during WebSocket handshake: Unexpected response code: 502 @ https://jupyter.hpc.hse.ru/user/aoshavrina/static/lab/jlab_core.fc632a0f38747f007842.js?v=fc632a0f38747f007842:1
[ 2097295ms] [ERROR] Failed to load resource: the server responded with a status of 503 (Service Unavailable) @ https://jupyter.hpc.hse.ru/user/aoshavrina/api/kernels/68fedb24-6334-4703-8ae7-0ef85e4354d9?1790685592128:0
[ 2097344ms] [ERROR] WebSocket connection to 'wss://jupyter.hpc.hse.ru/user/aoshavrina/terminals/websocket/1' failed: Error during WebSocket handshake: Unexpected response code: 502 @ https://jupyter.hpc.hse.ru/user/aoshavrina/static/lab/jlab_core.fc632a0f38747f007842.js?v=fc632a0f38747f007842:1
[ 2097344ms] [WARNING] Terminal websocket closed: undefined @ https://jupyter.hpc.hse.ru/user/aoshavrina/static/lab/jlab_core.fc632a0f38747f007842.js?v=fc632a0f38747f007842:1
[ 2097344ms] [ERROR] Connection lost, reconnecting in 0 seconds. @ https://jupyter.hpc.hse.ru/user/aoshavrina/static/lab/jlab_core.fc632a0f38747f007842.js?v=fc632a0f38747f007842:1
[ 2097656ms] [ERROR] WebSocket connection to 'wss://jupyter.hpc.hse.ru/user/aoshavrina/terminals/websocket/1' failed: Error during WebSocket handshake: Unexpected response code: 502 @ https://jupyter.hpc.hse.ru/user/aoshavrina/static/lab/jlab_core.fc632a0f38747f007842.js?v=fc632a0f38747f007842:1
[ 2097656ms] [WARNING] Terminal websocket closed: undefined @ https://jupyter.hpc.hse.ru/user/aoshavrina/static/lab/jlab_core.fc632a0f38747f007842.js?v=fc632a0f38747f007842:1
[ 2097656ms] [ERROR] Connection lost, reconnecting in 2 seconds. @ https://jupyter.hpc.hse.ru/user/aoshavrina/static/lab/jlab_core.fc632a0f38747f007842.js?v=fc632a0f38747f007842:1
[ 2099169ms] [ERROR] Failed to load resource: the server responded with a status of 503 (Service Unavailable) @ https://jupyter.hpc.hse.ru/user/aoshavrina/api/kernels?1790685593997:0
[ 2099175ms] [ERROR] Failed to load resource: the server responded with a status of 503 (Service Unavailable) @ https://jupyter.hpc.hse.ru/user/aoshavrina/api/sessions?1790685593997:0
[ 2099746ms] [ERROR] Failed to load resource: the server responded with a status of 503 (Service Unavailable) @ https://jupyter.hpc.hse.ru/user/aoshavrina/api/contents?content=1&1790685594576:0
[ 2099753ms] [ERROR] Failed to load resource: the server responded with a status of 503 (Service Unavailable) @ https://jupyter.hpc.hse.ru/user/aoshavrina/api/terminals?1790685594530:0
[ 2099946ms] [ERROR] WebSocket connection to 'wss://jupyter.hpc.hse.ru/user/aoshavrina/terminals/websocket/1' failed: Error during WebSocket handshake: Unexpected response code: 502 @ https://jupyter.hpc.hse.ru/user/aoshavrina/static/lab/jlab_core.fc632a0f38747f007842.js?v=fc632a0f38747f007842:1
[ 2099947ms] [WARNING] Terminal websocket closed: undefined @ https://jupyter.hpc.hse.ru/user/aoshavrina/static/lab/jlab_core.fc632a0f38747f007842.js?v=fc632a0f38747f007842:1
[ 2099947ms] [ERROR] Connection lost, reconnecting in 2 seconds. @ https://jupyter.hpc.hse.ru/user/aoshavrina/static/lab/jlab_core.fc632a0f38747f007842.js?v=fc632a0f38747f007842:1
[ 2102530ms] [ERROR] WebSocket connection to 'wss://jupyter.hpc.hse.ru/user/aoshavrina/terminals/websocket/1' failed: Error during WebSocket handshake: Unexpected response code: 502 @ https://jupyter.hpc.hse.ru/user/aoshavrina/static/lab/jlab_core.fc632a0f38747f007842.js?v=fc632a0f38747f007842:1
[ 2102530ms] [WARNING] Terminal websocket closed: undefined @ https://jupyter.hpc.hse.ru/user/aoshavrina/static/lab/jlab_core.fc632a0f38747f007842.js?v=fc632a0f38747f007842:1
[ 2102530ms] [ERROR] Connection lost, reconnecting in 11 seconds. @ https://jupyter.hpc.hse.ru/user/aoshavrina/static/lab/jlab_core.fc632a0f38747f007842.js?v=fc632a0f38747f007842:1
[ 2109859ms] [ERROR] Failed to load resource: the server responded with a status of 424 (Failed Dependency) @ https://jupyter.hpc.hse.ru/hub/user/aoshavrina/api/contents?content=1&1790685604693:0
[ 2111968ms] [ERROR] Failed to load resource: the server responded with a status of 424 (Failed Dependency) @ https://jupyter.hpc.hse.ru/hub/user/aoshavrina/api/kernels/4e17dc8b-5eba-4990-88c4-2de8b2d67d2b?1790685606843:0
[ 2112366ms] [ERROR] Failed to load resource: the server responded with a status of 424 (Failed Dependency) @ https://jupyter.hpc.hse.ru/hub/user/aoshavrina/api/kernels/68fedb24-6334-4703-8ae7-0ef85e4354d9?1790685607245:0
[ 2113735ms] [ERROR] WebSocket connection to 'wss://jupyter.hpc.hse.ru/user/aoshavrina/terminals/websocket/1' failed: Error during WebSocket handshake: Unexpected response code: 302 @ https://jupyter.hpc.hse.ru/user/aoshavrina/static/lab/jlab_core.fc632a0f38747f007842.js?v=fc632a0f38747f007842:1
[ 2113735ms] [WARNING] Terminal websocket closed: undefined @ https://jupyter.hpc.hse.ru/user/aoshavrina/static/lab/jlab_core.fc632a0f38747f007842.js?v=fc632a0f38747f007842:1
[ 2113735ms] [ERROR] Connection lost, reconnecting in 25 seconds. @ https://jupyter.hpc.hse.ru/user/aoshavrina/static/lab/jlab_core.fc632a0f38747f007842.js?v=fc632a0f38747f007842:1
[ 2115273ms] [ERROR] Failed to load resource: the server responded with a status of 424 (Failed Dependency) @ https://jupyter.hpc.hse.ru/hub/user/aoshavrina/api/kernels?1790685610150:0
[ 2115712ms] [ERROR] Failed to load resource: the server responded with a status of 424 (Failed Dependency) @ https://jupyter.hpc.hse.ru/hub/user/aoshavrina/api/terminals?1790685610589:0
[ 2116285ms] [ERROR] Failed to load resource: the server responded with a status of 424 (Failed Dependency) @ https://jupyter.hpc.hse.ru/hub/user/aoshavrina/api/sessions?1790685611146:0
[ 2118139ms] [ERROR] Failed to load resource: the server responded with a status of 424 (Failed Dependency) @ https://jupyter.hpc.hse.ru/hub/user/aoshavrina/api/kernels/eba0e010-f0c7-491a-8b44-427819e4200f?1790685613016:0
[ 2119922ms] [ERROR] Failed to load resource: the server responded with a status of 424 (Failed Dependency) @ https://jupyter.hpc.hse.ru/hub/user/aoshavrina/api/contents?content=1&1790685614800:0
[ 2122837ms] [ERROR] Failed to load resource: the server responded with a status of 424 (Failed Dependency) @ https://jupyter.hpc.hse.ru/hub/user/aoshavrina/api/kernels/68fedb24-6334-4703-8ae7-0ef85e4354d9?1790685617714:0
[ 2123644ms] [ERROR] Failed to load resource: the server responded with a status of 424 (Failed Dependency) @ https://jupyter.hpc.hse.ru/hub/user/aoshavrina/api/kernels/4e17dc8b-5eba-4990-88c4-2de8b2d67d2b?1790685618525:0
[ 2124424ms] [ERROR] Failed to load resource: the server responded with a status of 424 (Failed Dependency) @ https://jupyter.hpc.hse.ru/hub/user/aoshavrina/api/kernels/68fedb24-6334-4703-8ae7-0ef85e4354d9?1790685619304:0
[ 2129993ms] [ERROR] Failed to load resource: the server responded with a status of 424 (Failed Dependency) @ https://jupyter.hpc.hse.ru/hub/user/aoshavrina/api/contents?content=1&1790685624874:0
[ 2133044ms] [ERROR] Failed to load resource: the server responded with a status of 424 (Failed Dependency) @ https://jupyter.hpc.hse.ru/hub/user/aoshavrina/api/kernelspecs?1790685627911:0
[ 2135907ms] [ERROR] Failed to load resource: the server responded with a status of 424 (Failed Dependency) @ https://jupyter.hpc.hse.ru/hub/user/aoshavrina/api/kernels/68fedb24-6334-4703-8ae7-0ef85e4354d9?1790685630781:0
[ 2139301ms] [ERROR] Failed to load resource: the server responded with a status of 424 (Failed Dependency) @ https://jupyter.hpc.hse.ru/hub/user/aoshavrina/api/kernels?1790685634173:0
[ 2139600ms] [ERROR] WebSocket connection to 'wss://jupyter.hpc.hse.ru/user/aoshavrina/terminals/websocket/1' failed: Error during WebSocket handshake: Unexpected response code: 302 @ https://jupyter.hpc.hse.ru/user/aoshavrina/static/lab/jlab_core.fc632a0f38747f007842.js?v=fc632a0f38747f007842:1
[ 2139600ms] [WARNING] Terminal websocket closed: undefined @ https://jupyter.hpc.hse.ru/user/aoshavrina/static/lab/jlab_core.fc632a0f38747f007842.js?v=fc632a0f38747f007842:1
[ 2139600ms] [ERROR] Connection lost, reconnecting in 43 seconds. @ https://jupyter.hpc.hse.ru/user/aoshavrina/static/lab/jlab_core.fc632a0f38747f007842.js?v=fc632a0f38747f007842:1
[ 2140059ms] [ERROR] Failed to load resource: the server responded with a status of 424 (Failed Dependency) @ https://jupyter.hpc.hse.ru/hub/user/aoshavrina/api/contents?content=1&1790685634936:0
[ 2141490ms] [ERROR] Failed to load resource: the server responded with a status of 424 (Failed Dependency) @ https://jupyter.hpc.hse.ru/hub/user/aoshavrina/api/kernels/68fedb24-6334-4703-8ae7-0ef85e4354d9?1790685636372:0
[ 2142031ms] [ERROR] Failed to load resource: the server responded with a status of 424 (Failed Dependency) @ https://jupyter.hpc.hse.ru/hub/user/aoshavrina/api/kernels/4e17dc8b-5eba-4990-88c4-2de8b2d67d2b?1790685636914:0
[ 2142205ms] [ERROR] Failed to load resource: the server responded with a status of 424 (Failed Dependency) @ https://jupyter.hpc.hse.ru/hub/user/aoshavrina/api/kernels/eba0e010-f0c7-491a-8b44-427819e4200f?1790685637085:0
[ 2149581ms] [ERROR] Failed to load resource: the server responded with a status of 424 (Failed Dependency) @ https://jupyter.hpc.hse.ru/hub/user/aoshavrina/api/terminals?1790685644452:0
[ 2150128ms] [ERROR] Failed to load resource: the server responded with a status of 424 (Failed Dependency) @ https://jupyter.hpc.hse.ru/hub/user/aoshavrina/api/contents?content=1&1790685644996:0
[ 2151704ms] [ERROR] Failed to load resource: the server responded with a status of 424 (Failed Dependency) @ https://jupyter.hpc.hse.ru/hub/user/aoshavrina/api/kernels/4e17dc8b-5eba-4990-88c4-2de8b2d67d2b?1790685646583:0
[ 2158274ms] [ERROR] Failed to load resource: the server responded with a status of 424 (Failed Dependency) @ https://jupyter.hpc.hse.ru/hub/user/aoshavrina/api/kernels/eba0e010-f0c7-491a-8b44-427819e4200f?1790685653142:0
[ 2159573ms] [ERROR] Failed to load resource: the server responded with a status of 424 (Failed Dependency) @ https://jupyter.hpc.hse.ru/hub/user/aoshavrina/api/kernels/68fedb24-6334-4703-8ae7-0ef85e4354d9?1790685654441:0
[ 2159996ms] [ERROR] Failed to load resource: the server responded with a status of 424 (Failed Dependency) @ https://jupyter.hpc.hse.ru/hub/user/aoshavrina/api/kernels/68fedb24-6334-4703-8ae7-0ef85e4354d9?1790685654848:0
[ 2160210ms] [ERROR] Failed to load resource: the server responded with a status of 424 (Failed Dependency) @ https://jupyter.hpc.hse.ru/hub/user/aoshavrina/api/contents?content=1&1790685655081:0
[ 2164337ms] [ERROR] Failed to load resource: the server responded with a status of 424 (Failed Dependency) @ https://jupyter.hpc.hse.ru/hub/user/aoshavrina/api/sessions?1790685659206:0
[ 2164791ms] [ERROR] Failed to load resource: the server responded with a status of 424 (Failed Dependency) @ https://jupyter.hpc.hse.ru/hub/user/aoshavrina/api/kernels/4e17dc8b-5eba-4990-88c4-2de8b2d67d2b?1790685659657:0
[ 2166779ms] [ERROR] Failed to load resource: the server responded with a status of 424 (Failed Dependency) @ https://jupyter.hpc.hse.ru/hub/user/aoshavrina/api/kernels?1790685661649:0
[ 2170283ms] [ERROR] Failed to load resource: the server responded with a status of 424 (Failed Dependency) @ https://jupyter.hpc.hse.ru/hub/user/aoshavrina/api/contents?content=1&1790685665158:0
[ 2171064ms] [ERROR] Failed to load resource: the server responded with a status of 424 (Failed Dependency) @ https://jupyter.hpc.hse.ru/hub/user/aoshavrina/api/kernels/68fedb24-6334-4703-8ae7-0ef85e4354d9?1790685665933:0
[ 2172114ms] [ERROR] Failed to load resource: the server responded with a status of 424 (Failed Dependency) @ https://jupyter.hpc.hse.ru/hub/user/aoshavrina/api/kernels/4e17dc8b-5eba-4990-88c4-2de8b2d67d2b?1790685666973:0
[ 2177885ms] [ERROR] Failed to load resource: the server responded with a status of 424 (Failed Dependency) @ https://jupyter.hpc.hse.ru/hub/user/aoshavrina/api/kernels/4e17dc8b-5eba-4990-88c4-2de8b2d67d2b?1790685672742:0
[ 2179658ms] [ERROR] Failed to load resource: the server responded with a status of 424 (Failed Dependency) @ https://jupyter.hpc.hse.ru/hub/user/aoshavrina/api/kernels/68fedb24-6334-4703-8ae7-0ef85e4354d9?1790685674524:0
[ 2180354ms] [ERROR] Failed to load resource: the server responded with a status of 424 (Failed Dependency) @ https://jupyter.hpc.hse.ru/hub/user/aoshavrina/api/contents?content=1&1790685675224:0
[ 2184029ms] [ERROR] WebSocket connection to 'wss://jupyter.hpc.hse.ru/user/aoshavrina/terminals/websocket/1' failed: Error during WebSocket handshake: Unexpected response code: 302 @ https://jupyter.hpc.hse.ru/user/aoshavrina/static/lab/jlab_core.fc632a0f38747f007842.js?v=fc632a0f38747f007842:1
[ 2184029ms] [WARNING] Terminal websocket closed: undefined @ https://jupyter.hpc.hse.ru/user/aoshavrina/static/lab/jlab_core.fc632a0f38747f007842.js?v=fc632a0f38747f007842:1
[ 2185352ms] [ERROR] Failed to load resource: the server responded with a status of 424 (Failed Dependency) @ https://jupyter.hpc.hse.ru/hub/user/aoshavrina/api/kernels/eba0e010-f0c7-491a-8b44-427819e4200f?1790685680216:0
[ 2190440ms] [ERROR] Failed to load resource: the server responded with a status of 424 (Failed Dependency) @ https://jupyter.hpc.hse.ru/hub/user/aoshavrina/api/contents?content=1&1790685685307:0
[ 2192157ms] [ERROR] Failed to load resource: the server responded with a status of 424 (Failed Dependency) @ https://jupyter.hpc.hse.ru/hub/user/aoshavrina/api/kernels/68fedb24-6334-4703-8ae7-0ef85e4354d9?1790685687005:0
[ 2192538ms] [ERROR] Failed to load resource: the server responded with a status of 424 (Failed Dependency) @ https://jupyter.hpc.hse.ru/hub/user/aoshavrina/api/terminals?1790685687409:0
[ 2194194ms] [ERROR] Failed to load resource: the server responded with a status of 424 (Failed Dependency) @ https://jupyter.hpc.hse.ru/hub/user/aoshavrina/api/kernels/4e17dc8b-5eba-4990-88c4-2de8b2d67d2b?1790685689063:0
[ 2198430ms] [ERROR] Failed to load resource: the server responded with a status of 424 (Failed Dependency) @ https://jupyter.hpc.hse.ru/hub/user/aoshavrina/api/kernels/eba0e010-f0c7-491a-8b44-427819e4200f?1790685693296:0
[ 2200513ms] [ERROR] Failed to load resource: the server responded with a status of 424 (Failed Dependency) @ https://jupyter.hpc.hse.ru/hub/user/aoshavrina/api/contents?content=1&1790685695384:0
[ 2200960ms] [ERROR] Failed to load resource: the server responded with a status of 424 (Failed Dependency) @ https://jupyter.hpc.hse.ru/hub/user/aoshavrina/api/kernels/4e17dc8b-5eba-4990-88c4-2de8b2d67d2b?1790685695836:0
[ 2204721ms] [ERROR] Failed to load resource: the server responded with a status of 424 (Failed Dependency) @ https://jupyter.hpc.hse.ru/hub/user/aoshavrina/api/kernels/68fedb24-6334-4703-8ae7-0ef85e4354d9?1790685699599:0
[ 2208510ms] [ERROR] Failed to load resource: the server responded with a status of 424 (Failed Dependency) @ https://jupyter.hpc.hse.ru/hub/user/aoshavrina/api/kernels/eba0e010-f0c7-491a-8b44-427819e4200f?1790685703381:0
[ 2210025ms] [ERROR] Failed to load resource: the server responded with a status of 424 (Failed Dependency) @ https://jupyter.hpc.hse.ru/hub/user/aoshavrina/api/sessions?1790685704891:0
[ 2210577ms] [ERROR] Failed to load resource: the server responded with a status of 424 (Failed Dependency) @ https://jupyter.hpc.hse.ru/hub/user/aoshavrina/api/contents?content=1&1790685705455:0
[ 2214040ms] [ERROR] Failed to load resource: the server responded with a status of 424 (Failed Dependency) @ https://jupyter.hpc.hse.ru/hub/user/aoshavrina/api/kernels/4e17dc8b-5eba-4990-88c4-2de8b2d67d2b?1790685708911:0
[ 2218225ms] [ERROR] Failed to load resource: the server responded with a status of 424 (Failed Dependency) @ https://jupyter.hpc.hse.ru/hub/user/aoshavrina/api/kernels/68fedb24-6334-4703-8ae7-0ef85e4354d9?1790685713101:0
[ 2220276ms] [ERROR] Failed to load resource: the server responded with a status of 424 (Failed Dependency) @ https://jupyter.hpc.hse.ru/hub/user/aoshavrina/api/kernels/4e17dc8b-5eba-4990-88c4-2de8b2d67d2b?1790685715148:0
[ 2220649ms] [ERROR] Failed to load resource: the server responded with a status of 424 (Failed Dependency) @ https://jupyter.hpc.hse.ru/hub/user/aoshavrina/api/contents?content=1&1790685715521:0
[ 2223794ms] [ERROR] Failed to load resource: the server responded with a status of 424 (Failed Dependency) @ https://jupyter.hpc.hse.ru/hub/user/aoshavrina/api/kernels/68fedb24-6334-4703-8ae7-0ef85e4354d9?1790685718666:0
[ 2226661ms] [ERROR] Failed to load resource: the server responded with a status of 424 (Failed Dependency) @ https://jupyter.hpc.hse.ru/hub/user/aoshavrina/api/kernels?1790685721534:0
[ 2228583ms] [ERROR] Failed to load resource: the server responded with a status of 424 (Failed Dependency) @ https://jupyter.hpc.hse.ru/hub/user/aoshavrina/api/kernels/eba0e010-f0c7-491a-8b44-427819e4200f?1790685723453:0
[ 2230734ms] [ERROR] Failed to load resource: the server responded with a status of 424 (Failed Dependency) @ https://jupyter.hpc.hse.ru/hub/user/aoshavrina/api/contents?content=1&1790685725590:0
[ 2232747ms] [ERROR] Failed to load resource: the server responded with a status of 424 (Failed Dependency) @ https://jupyter.hpc.hse.ru/hub/user/aoshavrina/api/terminals?1790685727607:0
[ 2237862ms] [ERROR] Failed to load resource: the server responded with a status of 424 (Failed Dependency) @ https://jupyter.hpc.hse.ru/hub/user/aoshavrina/api/kernels/68fedb24-6334-4703-8ae7-0ef85e4354d9?1790685732734:0
[ 2239113ms] [ERROR] Failed to load resource: the server responded with a status of 424 (Failed Dependency) @ https://jupyter.hpc.hse.ru/hub/user/aoshavrina/api/kernels/4e17dc8b-5eba-4990-88c4-2de8b2d67d2b?1790685733983:0
[ 2239292ms] [ERROR] Failed to load resource: the server responded with a status of 424 (Failed Dependency) @ https://jupyter.hpc.hse.ru/hub/user/aoshavrina/api/kernels/68fedb24-6334-4703-8ae7-0ef85e4354d9?1790685734171:0
[ 2240799ms] [ERROR] Failed to load resource: the server responded with a status of 424 (Failed Dependency) @ https://jupyter.hpc.hse.ru/hub/user/aoshavrina/api/contents?content=1&1790685735673:0
[ 2244348ms] [ERROR] Failed to load resource: the server responded with a status of 424 (Failed Dependency) @ https://jupyter.hpc.hse.ru/hub/user/aoshavrina/api/kernels/4e17dc8b-5eba-4990-88c4-2de8b2d67d2b?1790685739216:0
[ 2245607ms] [ERROR] Failed to load resource: the server responded with a status of 424 (Failed Dependency) @ https://jupyter.hpc.hse.ru/hub/user/aoshavrina/api/sessions?1790685740479:0
[ 2249934ms] [ERROR] Failed to load resource: the server responded with a status of 424 (Failed Dependency) @ https://jupyter.hpc.hse.ru/hub/user/aoshavrina/api/kernels/68fedb24-6334-4703-8ae7-0ef85e4354d9?1790685744805:0
[ 2250859ms] [ERROR] Failed to load resource: the server responded with a status of 424 (Failed Dependency) @ https://jupyter.hpc.hse.ru/hub/user/aoshavrina/api/contents?content=1&1790685745737:0
[ 2252661ms] [ERROR] Failed to load resource: the server responded with a status of 424 (Failed Dependency) @ https://jupyter.hpc.hse.ru/hub/user/aoshavrina/api/kernels/eba0e010-f0c7-491a-8b44-427819e4200f?1790685747528:0
[ 2252963ms] [ERROR] Failed to load resource: the server responded with a status of 424 (Failed Dependency) @ https://jupyter.hpc.hse.ru/hub/user/aoshavrina/api/kernels?1790685747806:0
[ 2254368ms] [ERROR] Failed to load resource: the server responded with a status of 424 (Failed Dependency) @ https://jupyter.hpc.hse.ru/hub/user/aoshavrina/api/kernels/68fedb24-6334-4703-8ae7-0ef85e4354d9?1790685749238:0
[ 2260193ms] [ERROR] Failed to load resource: the server responded with a status of 424 (Failed Dependency) @ https://jupyter.hpc.hse.ru/hub/user/aoshavrina/api/kernels/4e17dc8b-5eba-4990-88c4-2de8b2d67d2b?1790685755060:0
[ 2260951ms] [ERROR] Failed to load resource: the server responded with a status of 424 (Failed Dependency) @ https://jupyter.hpc.hse.ru/hub/user/aoshavrina/api/contents?content=1&1790685755813:0
[ 2262443ms] [ERROR] Failed to load resource: the server responded with a status of 424 (Failed Dependency) @ https://jupyter.hpc.hse.ru/hub/user/aoshavrina/api/kernels/4e17dc8b-5eba-4990-88c4-2de8b2d67d2b?1790685757290:0
[ 2267440ms] [ERROR] Failed to load resource: the server responded with a status of 424 (Failed Dependency) @ https://jupyter.hpc.hse.ru/hub/user/aoshavrina/api/kernels/68fedb24-6334-4703-8ae7-0ef85e4354d9?1790685762309:0
[ 2271031ms] [ERROR] Failed to load resource: the server responded with a status of 424 (Failed Dependency) @ https://jupyter.hpc.hse.ru/hub/user/aoshavrina/api/contents?content=1&1790685765898:0
[ 2275740ms] [ERROR] Failed to load resource: the server responded with a status of 424 (Failed Dependency) @ https://jupyter.hpc.hse.ru/hub/user/aoshavrina/api/kernels/eba0e010-f0c7-491a-8b44-427819e4200f?1790685770612:0
[ 2276006ms] [ERROR] Failed to load resource: the server responded with a status of 424 (Failed Dependency) @ https://jupyter.hpc.hse.ru/hub/user/aoshavrina/api/kernels/68fedb24-6334-4703-8ae7-0ef85e4354d9?1790685770875:0
[ 2277266ms] [ERROR] Failed to load resource: the server responded with a status of 424 (Failed Dependency) @ https://jupyter.hpc.hse.ru/hub/user/aoshavrina/api/kernels/4e17dc8b-5eba-4990-88c4-2de8b2d67d2b?1790685772135:0
[ 2279509ms] [ERROR] Failed to load resource: the server responded with a status of 424 (Failed Dependency) @ https://jupyter.hpc.hse.ru/hub/user/aoshavrina/api/kernels/4e17dc8b-5eba-4990-88c4-2de8b2d67d2b?1790685774381:0
[ 2281114ms] [ERROR] Failed to load resource: the server responded with a status of 424 (Failed Dependency) @ https://jupyter.hpc.hse.ru/hub/user/aoshavrina/api/contents?content=1&1790685775975:0
[ 2286509ms] [ERROR] Failed to load resource: the server responded with a status of 424 (Failed Dependency) @ https://jupyter.hpc.hse.ru/hub/user/aoshavrina/api/kernels/68fedb24-6334-4703-8ae7-0ef85e4354d9?1790685781383:0
[ 2288828ms] [ERROR] Failed to load resource: the server responded with a status of 424 (Failed Dependency) @ https://jupyter.hpc.hse.ru/hub/user/aoshavrina/api/kernels/eba0e010-f0c7-491a-8b44-427819e4200f?1790685783686:0
[ 2291189ms] [ERROR] Failed to load resource: the server responded with a status of 424 (Failed Dependency) @ https://jupyter.hpc.hse.ru/hub/user/aoshavrina/api/contents?content=1&1790685786057:0
[ 2292757ms] [ERROR] Failed to load resource: the server responded with a status of 424 (Failed Dependency) @ https://jupyter.hpc.hse.ru/hub/user/aoshavrina/api/sessions?1790685787627:0
[ 2298447ms] [ERROR] Failed to load resource: the server responded with a status of 424 (Failed Dependency) @ https://jupyter.hpc.hse.ru/hub/user/aoshavrina/api/kernelspecs?1790685793321:0
[ 2299588ms] [ERROR] Failed to load resource: the server responded with a status of 424 (Failed Dependency) @ https://jupyter.hpc.hse.ru/hub/user/aoshavrina/api/kernels/4e17dc8b-5eba-4990-88c4-2de8b2d67d2b?1790685794455:0
[ 2300084ms] [ERROR] Failed to load resource: the server responded with a status of 424 (Failed Dependency) @ https://jupyter.hpc.hse.ru/hub/user/aoshavrina/api/kernels/68fedb24-6334-4703-8ae7-0ef85e4354d9?1790685794954:0
[ 2300603ms] [ERROR] Failed to load resource: the server responded with a status of 424 (Failed Dependency) @ https://jupyter.hpc.hse.ru/hub/user/aoshavrina/api/kernels/68fedb24-6334-4703-8ae7-0ef85e4354d9?1790685795454:0
[ 2301270ms] [ERROR] Failed to load resource: the server responded with a status of 424 (Failed Dependency) @ https://jupyter.hpc.hse.ru/hub/user/aoshavrina/api/contents?content=1&1790685796142:0
[ 2305349ms] [ERROR] Failed to load resource: the server responded with a status of 424 (Failed Dependency) @ https://jupyter.hpc.hse.ru/hub/user/aoshavrina/api/kernels/4e17dc8b-5eba-4990-88c4-2de8b2d67d2b?1790685800215:0
[ 2307444ms] [ERROR] Failed to load resource: the server responded with a status of 424 (Failed Dependency) @ https://jupyter.hpc.hse.ru/hub/user/aoshavrina/api/terminals?1790685802319:0
[ 2309668ms] [ERROR] Failed to load resource: the server responded with a status of 424 (Failed Dependency) @ https://jupyter.hpc.hse.ru/hub/user/aoshavrina/api/kernels/4e17dc8b-5eba-4990-88c4-2de8b2d67d2b?1790685804536:0
[ 2311347ms] [ERROR] Failed to load resource: the server responded with a status of 424 (Failed Dependency) @ https://jupyter.hpc.hse.ru/hub/user/aoshavrina/api/contents?content=1&1790685806219:0
[ 2313904ms] [ERROR] Failed to load resource: the server responded with a status of 424 (Failed Dependency) @ https://jupyter.hpc.hse.ru/hub/user/aoshavrina/api/kernels/eba0e010-f0c7-491a-8b44-427819e4200f?1790685808771:0
[ 2321429ms] [ERROR] Failed to load resource: the server responded with a status of 424 (Failed Dependency) @ https://jupyter.hpc.hse.ru/hub/user/aoshavrina/api/contents?content=1&1790685816287:0
[ 2323485ms] [ERROR] Failed to load resource: the server responded with a status of 424 (Failed Dependency) @ https://jupyter.hpc.hse.ru/hub/user/aoshavrina/api/kernels?1790685818356:0
[ 2324668ms] [ERROR] Failed to load resource: the server responded with a status of 424 (Failed Dependency) @ https://jupyter.hpc.hse.ru/hub/user/aoshavrina/api/kernels/68fedb24-6334-4703-8ae7-0ef85e4354d9?1790685819544:0
[ 2325149ms] [ERROR] Failed to load resource: the server responded with a status of 424 (Failed Dependency) @ https://jupyter.hpc.hse.ru/hub/user/aoshavrina/api/kernels/68fedb24-6334-4703-8ae7-0ef85e4354d9?1790685820026:0
[ 2330986ms] [ERROR] Failed to load resource: the server responded with a status of 424 (Failed Dependency) @ https://jupyter.hpc.hse.ru/hub/user/aoshavrina/api/kernels/eba0e010-f0c7-491a-8b44-427819e4200f?1790685825854:0
[ 2331500ms] [ERROR] Failed to load resource: the server responded with a status of 424 (Failed Dependency) @ https://jupyter.hpc.hse.ru/hub/user/aoshavrina/api/contents?content=1&1790685826366:0
[ 2332432ms] [ERROR] Failed to load resource: the server responded with a status of 424 (Failed Dependency) @ https://jupyter.hpc.hse.ru/hub/user/aoshavrina/api/kernels/4e17dc8b-5eba-4990-88c4-2de8b2d67d2b?1790685827300:0
[ 2332740ms] [ERROR] Failed to load resource: the server responded with a status of 424 (Failed Dependency) @ https://jupyter.hpc.hse.ru/hub/user/aoshavrina/api/kernels/4e17dc8b-5eba-4990-88c4-2de8b2d67d2b?1790685827613:0
[ 2341575ms] [ERROR] Failed to load resource: the server responded with a status of 424 (Failed Dependency) @ https://jupyter.hpc.hse.ru/hub/user/aoshavrina/api/contents?content=1&1790685836447:0
[ 2344226ms] [ERROR] Failed to load resource: the server responded with a status of 424 (Failed Dependency) @ https://jupyter.hpc.hse.ru/hub/user/aoshavrina/api/kernels/68fedb24-6334-4703-8ae7-0ef85e4354d9?1790685839094:0
[ 2346754ms] [ERROR] Failed to load resource: the server responded with a status of 424 (Failed Dependency) @ https://jupyter.hpc.hse.ru/hub/user/aoshavrina/api/kernels/68fedb24-6334-4703-8ae7-0ef85e4354d9?1790685841623:0
[ 2351639ms] [ERROR] Failed to load resource: the server responded with a status of 424 (Failed Dependency) @ https://jupyter.hpc.hse.ru/hub/user/aoshavrina/api/contents?content=1&1790685846515:0
[ 2351806ms] [ERROR] Failed to load resource: the server responded with a status of 424 (Failed Dependency) @ https://jupyter.hpc.hse.ru/hub/user/aoshavrina/api/kernels/4e17dc8b-5eba-4990-88c4-2de8b2d67d2b?1790685846685:0
[ 2359508ms] [ERROR] Failed to load resource: the server responded with a status of 424 (Failed Dependency) @ https://jupyter.hpc.hse.ru/hub/user/aoshavrina/api/kernels/4e17dc8b-5eba-4990-88c4-2de8b2d67d2b?1790685854386:0
[ 2360064ms] [ERROR] Failed to load resource: the server responded with a status of 424 (Failed Dependency) @ https://jupyter.hpc.hse.ru/hub/user/aoshavrina/api/kernels/eba0e010-f0c7-491a-8b44-427819e4200f?1790685854932:0
[ 2361707ms] [ERROR] Failed to load resource: the server responded with a status of 424 (Failed Dependency) @ https://jupyter.hpc.hse.ru/hub/user/aoshavrina/api/contents?content=1&1790685856586:0
[ 2361871ms] [ERROR] Failed to load resource: the server responded with a status of 424 (Failed Dependency) @ https://jupyter.hpc.hse.ru/hub/user/aoshavrina/api/kernels/4e17dc8b-5eba-4990-88c4-2de8b2d67d2b?1790685856743:0
[ 2363825ms] [ERROR] Failed to load resource: the server responded with a status of 424 (Failed Dependency) @ https://jupyter.hpc.hse.ru/hub/user/aoshavrina/api/kernels/68fedb24-6334-4703-8ae7-0ef85e4354d9?1790685858693:0
[ 2364297ms] [ERROR] Failed to load resource: the server responded with a status of 424 (Failed Dependency) @ https://jupyter.hpc.hse.ru/hub/user/aoshavrina/api/kernels/68fedb24-6334-4703-8ae7-0ef85e4354d9?1790685859172:0
[ 2371029ms] [ERROR] Failed to load resource: the server responded with a status of 424 (Failed Dependency) @ https://jupyter.hpc.hse.ru/hub/user/aoshavrina/api/kernelspecs?1790685865903:0
[ 2371778ms] [ERROR] Failed to load resource: the server responded with a status of 424 (Failed Dependency) @ https://jupyter.hpc.hse.ru/hub/user/aoshavrina/api/contents?content=1&1790685866656:0
[ 2381122ms] [ERROR] Failed to load resource: the server responded with a status of 424 (Failed Dependency) @ https://jupyter.hpc.hse.ru/hub/user/aoshavrina/api/kernels/eba0e010-f0c7-491a-8b44-427819e4200f?1790685876001:0
[ 2381619ms] [ERROR] Failed to load resource: the server responded with a status of 424 (Failed Dependency) @ https://jupyter.hpc.hse.ru/hub/user/aoshavrina/api/kernels?1790685876499:0
[ 2381838ms] [ERROR] Failed to load resource: the server responded with a status of 424 (Failed Dependency) @ https://jupyter.hpc.hse.ru/hub/user/aoshavrina/api/contents?content=1&1790685876716:0
[ 2382369ms] [ERROR] Failed to load resource: the server responded with a status of 424 (Failed Dependency) @ https://jupyter.hpc.hse.ru/hub/user/aoshavrina/api/kernels/68fedb24-6334-4703-8ae7-0ef85e4354d9?1790685877246:0
[ 2385581ms] [ERROR] Failed to load resource: the server responded with a status of 424 (Failed Dependency) @ https://jupyter.hpc.hse.ru/hub/user/aoshavrina/api/kernels/4e17dc8b-5eba-4990-88c4-2de8b2d67d2b?1790685880462:0
[ 2387821ms] [ERROR] Failed to load resource: the server responded with a status of 424 (Failed Dependency) @ https://jupyter.hpc.hse.ru/hub/user/aoshavrina/api/sessions?1790685882697:0
[ 2388937ms] [ERROR] Failed to load resource: the server responded with a status of 424 (Failed Dependency) @ https://jupyter.hpc.hse.ru/hub/user/aoshavrina/api/kernels/4e17dc8b-5eba-4990-88c4-2de8b2d67d2b?1790685883818:0
[ 2390898ms] [ERROR] Failed to load resource: the server responded with a status of 424 (Failed Dependency) @ https://jupyter.hpc.hse.ru/hub/user/aoshavrina/api/kernels/68fedb24-6334-4703-8ae7-0ef85e4354d9?1790685885774:0
[ 2391907ms] [ERROR] Failed to load resource: the server responded with a status of 424 (Failed Dependency) @ https://jupyter.hpc.hse.ru/hub/user/aoshavrina/api/contents?content=1&1790685886787:0
[ 2396433ms] [ERROR] Failed to load resource: the server responded with a status of 424 (Failed Dependency) @ https://jupyter.hpc.hse.ru/hub/user/aoshavrina/api/kernels/68fedb24-6334-4703-8ae7-0ef85e4354d9?1790685891312:0
[ 2397184ms] [ERROR] Failed to load resource: the server responded with a status of 424 (Failed Dependency) @ https://jupyter.hpc.hse.ru/hub/user/aoshavrina/api/kernels/eba0e010-f0c7-491a-8b44-427819e4200f?1790685892062:0
[ 2401971ms] [ERROR] Failed to load resource: the server responded with a status of 424 (Failed Dependency) @ https://jupyter.hpc.hse.ru/hub/user/aoshavrina/api/contents?content=1&1790685896849:0
[ 2406007ms] [ERROR] Failed to load resource: the server responded with a status of 424 (Failed Dependency) @ https://jupyter.hpc.hse.ru/hub/user/aoshavrina/api/kernels/4e17dc8b-5eba-4990-88c4-2de8b2d67d2b?1790685900883:0
[ 2407652ms] [ERROR] Failed to load resource: the server responded with a status of 424 (Failed Dependency) @ https://jupyter.hpc.hse.ru/hub/user/aoshavrina/api/kernels/4e17dc8b-5eba-4990-88c4-2de8b2d67d2b?1790685902536:0
[ 2411506ms] [ERROR] Failed to load resource: the server responded with a status of 424 (Failed Dependency) @ https://jupyter.hpc.hse.ru/hub/user/aoshavrina/api/kernels/68fedb24-6334-4703-8ae7-0ef85e4354d9?1790685906385:0
[ 2411973ms] [ERROR] Failed to load resource: the server responded with a status of 424 (Failed Dependency) @ https://jupyter.hpc.hse.ru/hub/user/aoshavrina/api/kernels/68fedb24-6334-4703-8ae7-0ef85e4354d9?1790685906852:0
[ 2412023ms] [ERROR] Failed to load resource: the server responded with a status of 424 (Failed Dependency) @ https://jupyter.hpc.hse.ru/hub/user/aoshavrina/api/contents?content=1&1790685906909:0
[ 2416074ms] [ERROR] Failed to load resource: the server responded with a status of 424 (Failed Dependency) @ https://jupyter.hpc.hse.ru/hub/user/aoshavrina/api/kernels/4e17dc8b-5eba-4990-88c4-2de8b2d67d2b?1790685910952:0
[ 2422088ms] [ERROR] Failed to load resource: the server responded with a status of 424 (Failed Dependency) @ https://jupyter.hpc.hse.ru/hub/user/aoshavrina/api/contents?content=1&1790685916964:0
[ 2424721ms] [ERROR] Failed to load resource: the server responded with a status of 424 (Failed Dependency) @ https://jupyter.hpc.hse.ru/hub/user/aoshavrina/api/kernels/4e17dc8b-5eba-4990-88c4-2de8b2d67d2b?1790685919599:0
[ 2425573ms] [ERROR] Failed to load resource: the server responded with a status of 424 (Failed Dependency) @ https://jupyter.hpc.hse.ru/hub/user/aoshavrina/api/kernels/68fedb24-6334-4703-8ae7-0ef85e4354d9?1790685920453:0
[ 2426257ms] [ERROR] Failed to load resource: the server responded with a status of 424 (Failed Dependency) @ https://jupyter.hpc.hse.ru/hub/user/aoshavrina/api/kernels/eba0e010-f0c7-491a-8b44-427819e4200f?1790685921136:0
[ 2432160ms] [ERROR] Failed to load resource: the server responded with a status of 424 (Failed Dependency) @ https://jupyter.hpc.hse.ru/hub/user/aoshavrina/api/contents?content=1&1790685927032:0
[ 2435638ms] [ERROR] Failed to load resource: the server responded with a status of 424 (Failed Dependency) @ https://jupyter.hpc.hse.ru/hub/user/aoshavrina/api/kernels/68fedb24-6334-4703-8ae7-0ef85e4354d9?1790685930518:0
[ 2437804ms] [ERROR] Failed to load resource: the server responded with a status of 424 (Failed Dependency) @ https://jupyter.hpc.hse.ru/hub/user/aoshavrina/api/terminals?1790685932687:0
[ 2440039ms] [ERROR] Failed to load resource: the server responded with a status of 424 (Failed Dependency) @ https://jupyter.hpc.hse.ru/hub/user/aoshavrina/api/kernels/68fedb24-6334-4703-8ae7-0ef85e4354d9?1790685934917:0
[ 2440321ms] [ERROR] Failed to load resource: the server responded with a status of 424 (Failed Dependency) @ https://jupyter.hpc.hse.ru/hub/user/aoshavrina/api/kernels/eba0e010-f0c7-491a-8b44-427819e4200f?1790685935197:0
[ 2442168ms] [ERROR] Failed to load resource: the server responded with a status of 424 (Failed Dependency) @ https://jupyter.hpc.hse.ru/hub/user/aoshavrina/api/kernels/4e17dc8b-5eba-4990-88c4-2de8b2d67d2b?1790685937018:0
[ 2442224ms] [ERROR] Failed to load resource: the server responded with a status of 424 (Failed Dependency) @ https://jupyter.hpc.hse.ru/hub/user/aoshavrina/api/contents?content=1&1790685937104:0
[ 2448812ms] [ERROR] Failed to load resource: the server responded with a status of 424 (Failed Dependency) @ https://jupyter.hpc.hse.ru/hub/user/aoshavrina/api/kernels/4e17dc8b-5eba-4990-88c4-2de8b2d67d2b?1790685943664:0
[ 2452297ms] [ERROR] Failed to load resource: the server responded with a status of 424 (Failed Dependency) @ https://jupyter.hpc.hse.ru/hub/user/aoshavrina/api/contents?content=1&1790685947175:0
[ 2453708ms] [ERROR] Failed to load resource: the server responded with a status of 424 (Failed Dependency) @ https://jupyter.hpc.hse.ru/hub/user/aoshavrina/api/kernels/68fedb24-6334-4703-8ae7-0ef85e4354d9?1790685948590:0
[ 2458232ms] [ERROR] Failed to load resource: the server responded with a status of 424 (Failed Dependency) @ https://jupyter.hpc.hse.ru/hub/user/aoshavrina/api/kernels/4e17dc8b-5eba-4990-88c4-2de8b2d67d2b?1790685953109:0
[ 2460112ms] [ERROR] Failed to load resource: the server responded with a status of 424 (Failed Dependency) @ https://jupyter.hpc.hse.ru/hub/user/aoshavrina/api/kernels/68fedb24-6334-4703-8ae7-0ef85e4354d9?1790685954991:0
[ 2462371ms] [ERROR] Failed to load resource: the server responded with a status of 424 (Failed Dependency) @ https://jupyter.hpc.hse.ru/hub/user/aoshavrina/api/contents?content=1&1790685957248:0
[ 2466875ms] [ERROR] Failed to load resource: the server responded with a status of 424 (Failed Dependency) @ https://jupyter.hpc.hse.ru/hub/user/aoshavrina/api/kernels/4e17dc8b-5eba-4990-88c4-2de8b2d67d2b?1790685961755:0
[ 2470181ms] [ERROR] Failed to load resource: the server responded with a status of 424 (Failed Dependency) @ https://jupyter.hpc.hse.ru/hub/user/aoshavrina/api/kernels/68fedb24-6334-4703-8ae7-0ef85e4354d9?1790685965058:0
[ 2470391ms] [ERROR] Failed to load resource: the server responded with a status of 424 (Failed Dependency) @ https://jupyter.hpc.hse.ru/hub/user/aoshavrina/api/kernels/eba0e010-f0c7-491a-8b44-427819e4200f?1790685965274:0
[ 2472445ms] [ERROR] Failed to load resource: the server responded with a status of 424 (Failed Dependency) @ https://jupyter.hpc.hse.ru/hub/user/aoshavrina/api/contents?content=1&1790685967318:0
[ 2478784ms] [ERROR] Failed to load resource: the server responded with a status of 424 (Failed Dependency) @ https://jupyter.hpc.hse.ru/hub/user/aoshavrina/api/kernels/68fedb24-6334-4703-8ae7-0ef85e4354d9?1790685973654:0
[ 2482295ms] [ERROR] Failed to load resource: the server responded with a status of 424 (Failed Dependency) @ https://jupyter.hpc.hse.ru/hub/user/aoshavrina/api/kernels/4e17dc8b-5eba-4990-88c4-2de8b2d67d2b?1790685977174:0
[ 2482509ms] [ERROR] Failed to load resource: the server responded with a status of 424 (Failed Dependency) @ https://jupyter.hpc.hse.ru/hub/user/aoshavrina/api/contents?content=1&1790685977391:0
[ 2490940ms] [ERROR] Failed to load resource: the server responded with a status of 424 (Failed Dependency) @ https://jupyter.hpc.hse.ru/hub/user/aoshavrina/api/kernels/4e17dc8b-5eba-4990-88c4-2de8b2d67d2b?1790685985820:0
[ 2492585ms] [ERROR] Failed to load resource: the server responded with a status of 424 (Failed Dependency) @ https://jupyter.hpc.hse.ru/hub/user/aoshavrina/api/contents?content=1&1790685987460:0
[ 2494870ms] [ERROR] Failed to load resource: the server responded with a status of 424 (Failed Dependency) @ https://jupyter.hpc.hse.ru/hub/user/aoshavrina/api/kernels/68fedb24-6334-4703-8ae7-0ef85e4354d9?1790685989732:0
[ 2496247ms] [ERROR] Failed to load resource: the server responded with a status of 424 (Failed Dependency) @ https://jupyter.hpc.hse.ru/hub/user/aoshavrina/api/kernels/68fedb24-6334-4703-8ae7-0ef85e4354d9?1790685991126:0
[ 2500460ms] [ERROR] Failed to load resource: the server responded with a status of 424 (Failed Dependency) @ https://jupyter.hpc.hse.ru/hub/user/aoshavrina/api/kernels/eba0e010-f0c7-491a-8b44-427819e4200f?1790685995341:0
[ 2502646ms] [ERROR] Failed to load resource: the server responded with a status of 424 (Failed Dependency) @ https://jupyter.hpc.hse.ru/hub/user/aoshavrina/api/contents?content=1&1790685997525:0
[ 2503362ms] [ERROR] Failed to load resource: the server responded with a status of 424 (Failed Dependency) @ https://jupyter.hpc.hse.ru/hub/user/aoshavrina/api/kernels/4e17dc8b-5eba-4990-88c4-2de8b2d67d2b?1790685998243:0
[ 2506021ms] [ERROR] Failed to load resource: the server responded with a status of 424 (Failed Dependency) @ https://jupyter.hpc.hse.ru/hub/user/aoshavrina/api/kernels?1790686000898:0
[ 2512724ms] [ERROR] Failed to load resource: the server responded with a status of 424 (Failed Dependency) @ https://jupyter.hpc.hse.ru/hub/user/aoshavrina/api/contents?content=1&1790686007593:0
[ 2513940ms] [ERROR] Failed to load resource: the server responded with a status of 424 (Failed Dependency) @ https://jupyter.hpc.hse.ru/hub/user/aoshavrina/api/kernels/68fedb24-6334-4703-8ae7-0ef85e4354d9?1790686008822:0
[ 2517312ms] [ERROR] Failed to load resource: the server responded with a status of 424 (Failed Dependency) @ https://jupyter.hpc.hse.ru/hub/user/aoshavrina/api/kernels/68fedb24-6334-4703-8ae7-0ef85e4354d9?1790686012191:0
[ 2517417ms] [ERROR] Failed to load resource: the server responded with a status of 424 (Failed Dependency) @ https://jupyter.hpc.hse.ru/hub/user/aoshavrina/api/kernels/4e17dc8b-5eba-4990-88c4-2de8b2d67d2b?1790686012299:0
[ 2520532ms] [ERROR] Failed to load resource: the server responded with a status of 424 (Failed Dependency) @ https://jupyter.hpc.hse.ru/hub/user/aoshavrina/api/kernels/eba0e010-f0c7-491a-8b44-427819e4200f?1790686015411:0
[ 2520997ms] [ERROR] Failed to load resource: the server responded with a status of 424 (Failed Dependency) @ https://jupyter.hpc.hse.ru/hub/user/aoshavrina/api/kernels/4e17dc8b-5eba-4990-88c4-2de8b2d67d2b?1790686015883:0
[ 2522797ms] [ERROR] Failed to load resource: the server responded with a status of 424 (Failed Dependency) @ https://jupyter.hpc.hse.ru/hub/user/aoshavrina/api/contents?content=1&1790686017676:0
[ 2527379ms] [ERROR] Failed to load resource: the server responded with a status of 424 (Failed Dependency) @ https://jupyter.hpc.hse.ru/hub/user/aoshavrina/api/kernels/68fedb24-6334-4703-8ae7-0ef85e4354d9?1790686022260:0
[ 2532874ms] [ERROR] Failed to load resource: the server responded with a status of 424 (Failed Dependency) @ https://jupyter.hpc.hse.ru/hub/user/aoshavrina/api/contents?content=1&1790686027740:0
[ 2535016ms] [ERROR] Failed to load resource: the server responded with a status of 424 (Failed Dependency) @ https://jupyter.hpc.hse.ru/hub/user/aoshavrina/api/kernels/68fedb24-6334-4703-8ae7-0ef85e4354d9?1790686029893:0
[ 2537604ms] [ERROR] Failed to load resource: the server responded with a status of 424 (Failed Dependency) @ https://jupyter.hpc.hse.ru/hub/user/aoshavrina/api/kernels/eba0e010-f0c7-491a-8b44-427819e4200f?1790686032479:0
[ 2539081ms] [ERROR] Failed to load resource: the server responded with a status of 424 (Failed Dependency) @ https://jupyter.hpc.hse.ru/hub/user/aoshavrina/api/kernels/4e17dc8b-5eba-4990-88c4-2de8b2d67d2b?1790686033947:0
[ 2542943ms] [ERROR] Failed to load resource: the server responded with a status of 424 (Failed Dependency) @ https://jupyter.hpc.hse.ru/hub/user/aoshavrina/api/contents?content=1&1790686037816:0
[ 2544481ms] [ERROR] Failed to load resource: the server responded with a status of 424 (Failed Dependency) @ https://jupyter.hpc.hse.ru/hub/user/aoshavrina/api/kernels/4e17dc8b-5eba-4990-88c4-2de8b2d67d2b?1790686039359:0
[ 2545094ms] [ERROR] Failed to load resource: the server responded with a status of 424 (Failed Dependency) @ https://jupyter.hpc.hse.ru/hub/user/aoshavrina/api/kernels/68fedb24-6334-4703-8ae7-0ef85e4354d9?1790686039967:0
[ 2553013ms] [ERROR] Failed to load resource: the server responded with a status of 424 (Failed Dependency) @ https://jupyter.hpc.hse.ru/hub/user/aoshavrina/api/contents?content=1&1790686047892:0
[ 2554444ms] [ERROR] Failed to load resource: the server responded with a status of 424 (Failed Dependency) @ https://jupyter.hpc.hse.ru/hub/user/aoshavrina/api/kernels/68fedb24-6334-4703-8ae7-0ef85e4354d9?1790686049325:0
[ 2555069ms] [ERROR] Failed to load resource: the server responded with a status of 424 (Failed Dependency) @ https://jupyter.hpc.hse.ru/hub/user/aoshavrina/api/kernelspecs?1790686049949:0
[ 2561164ms] [ERROR] Failed to load resource: the server responded with a status of 424 (Failed Dependency) @ https://jupyter.hpc.hse.ru/hub/user/aoshavrina/api/kernels/68fedb24-6334-4703-8ae7-0ef85e4354d9?1790686056042:0
[ 2562692ms] [ERROR] Failed to load resource: the server responded with a status of 424 (Failed Dependency) @ https://jupyter.hpc.hse.ru/hub/user/aoshavrina/api/kernels/eba0e010-f0c7-491a-8b44-427819e4200f?1790686057556:0
[ 2563080ms] [ERROR] Failed to load resource: the server responded with a status of 424 (Failed Dependency) @ https://jupyter.hpc.hse.ru/hub/user/aoshavrina/api/contents?content=1&1790686057962:0
[ 2567145ms] [ERROR] Failed to load resource: the server responded with a status of 424 (Failed Dependency) @ https://jupyter.hpc.hse.ru/hub/user/aoshavrina/api/kernels/4e17dc8b-5eba-4990-88c4-2de8b2d67d2b?1790686062020:0
[ 2571226ms] [ERROR] Failed to load resource: the server responded with a status of 424 (Failed Dependency) @ https://jupyter.hpc.hse.ru/hub/user/aoshavrina/api/kernels/68fedb24-6334-4703-8ae7-0ef85e4354d9?1790686066100:0
[ 2571542ms] [ERROR] Failed to load resource: the server responded with a status of 424 (Failed Dependency) @ https://jupyter.hpc.hse.ru/hub/user/aoshavrina/api/kernels/4e17dc8b-5eba-4990-88c4-2de8b2d67d2b?1790686066427:0
[ 2573141ms] [ERROR] Failed to load resource: the server responded with a status of 424 (Failed Dependency) @ https://jupyter.hpc.hse.ru/hub/user/aoshavrina/api/contents?content=1&1790686068018:0
[ 2577515ms] [ERROR] Failed to load resource: the server responded with a status of 424 (Failed Dependency) @ https://jupyter.hpc.hse.ru/hub/user/aoshavrina/api/kernels/68fedb24-6334-4703-8ae7-0ef85e4354d9?1790686072394:0
[ 2583218ms] [ERROR] Failed to load resource: the server responded with a status of 424 (Failed Dependency) @ https://jupyter.hpc.hse.ru/hub/user/aoshavrina/api/contents?content=1&1790686078092:0
[ 2584766ms] [ERROR] Failed to load resource: the server responded with a status of 424 (Failed Dependency) @ https://jupyter.hpc.hse.ru/hub/user/aoshavrina/api/kernels/eba0e010-f0c7-491a-8b44-427819e4200f?1790686079636:0
[ 2587304ms] [ERROR] Failed to load resource: the server responded with a status of 424 (Failed Dependency) @ https://jupyter.hpc.hse.ru/hub/user/aoshavrina/api/kernels/68fedb24-6334-4703-8ae7-0ef85e4354d9?1790686082177:0
[ 2589609ms] [ERROR] Failed to load resource: the server responded with a status of 424 (Failed Dependency) @ https://jupyter.hpc.hse.ru/hub/user/aoshavrina/api/kernels/4e17dc8b-5eba-4990-88c4-2de8b2d67d2b?1790686084488:0
[ 2591218ms] [ERROR] Failed to load resource: the server responded with a status of 424 (Failed Dependency) @ https://jupyter.hpc.hse.ru/hub/user/aoshavrina/api/kernels/4e17dc8b-5eba-4990-88c4-2de8b2d67d2b?1790686086094:0
[ 2591586ms] [ERROR] Failed to load resource: the server responded with a status of 424 (Failed Dependency) @ https://jupyter.hpc.hse.ru/hub/user/aoshavrina/api/kernels/68fedb24-6334-4703-8ae7-0ef85e4354d9?1790686086466:0
[ 2593285ms] [ERROR] Failed to load resource: the server responded with a status of 424 (Failed Dependency) @ https://jupyter.hpc.hse.ru/hub/user/aoshavrina/api/contents?content=1&1790686088160:0
[ 2601851ms] [ERROR] Failed to load resource: the server responded with a status of 424 (Failed Dependency) @ https://jupyter.hpc.hse.ru/hub/user/aoshavrina/api/kernels/eba0e010-f0c7-491a-8b44-427819e4200f?1790686096707:0
[ 2603354ms] [ERROR] Failed to load resource: the server responded with a status of 424 (Failed Dependency) @ https://jupyter.hpc.hse.ru/hub/user/aoshavrina/api/contents?content=1&1790686098226:0
[ 2605286ms] [ERROR] Failed to load resource: the server responded with a status of 424 (Failed Dependency) @ https://jupyter.hpc.hse.ru/hub/user/aoshavrina/api/kernels/4e17dc8b-5eba-4990-88c4-2de8b2d67d2b?1790686100164:0
[ 2605658ms] [ERROR] Failed to load resource: the server responded with a status of 424 (Failed Dependency) @ https://jupyter.hpc.hse.ru/hub/user/aoshavrina/api/kernels/68fedb24-6334-4703-8ae7-0ef85e4354d9?1790686100537:0
[ 2613429ms] [ERROR] Failed to load resource: the server responded with a status of 424 (Failed Dependency) @ https://jupyter.hpc.hse.ru/hub/user/aoshavrina/api/contents?content=1&1790686108301:0
[ 2614277ms] [ERROR] Failed to load resource: the server responded with a status of 424 (Failed Dependency) @ https://jupyter.hpc.hse.ru/hub/user/aoshavrina/api/kernels?1790686109142:0
[ 2615362ms] [ERROR] Failed to load resource: the server responded with a status of 424 (Failed Dependency) @ https://jupyter.hpc.hse.ru/hub/user/aoshavrina/api/kernels/4e17dc8b-5eba-4990-88c4-2de8b2d67d2b?1790686110233:0
[ 2617386ms] [ERROR] Failed to load resource: the server responded with a status of 424 (Failed Dependency) @ https://jupyter.hpc.hse.ru/hub/user/aoshavrina/api/kernels/68fedb24-6334-4703-8ae7-0ef85e4354d9?1790686112256:0
[ 2618684ms] [ERROR] Failed to load resource: the server responded with a status of 424 (Failed Dependency) @ https://jupyter.hpc.hse.ru/hub/user/aoshavrina/api/kernels/4e17dc8b-5eba-4990-88c4-2de8b2d67d2b?1790686113553:0
[ 2620738ms] [ERROR] Failed to load resource: the server responded with a status of 424 (Failed Dependency) @ https://jupyter.hpc.hse.ru/hub/user/aoshavrina/api/kernels/68fedb24-6334-4703-8ae7-0ef85e4354d9?1790686115611:0
[ 2623526ms] [ERROR] Failed to load resource: the server responded with a status of 424 (Failed Dependency) @ https://jupyter.hpc.hse.ru/hub/user/aoshavrina/api/contents?content=1&1790686118372:0
[ 2625931ms] [ERROR] Failed to load resource: the server responded with a status of 424 (Failed Dependency) @ https://jupyter.hpc.hse.ru/hub/user/aoshavrina/api/kernels/eba0e010-f0c7-491a-8b44-427819e4200f?1790686120804:0
[ 2632765ms] [ERROR] Failed to load resource: the server responded with a status of 424 (Failed Dependency) @ https://jupyter.hpc.hse.ru/hub/user/aoshavrina/api/kernels/4e17dc8b-5eba-4990-88c4-2de8b2d67d2b?1790686127630:0
[ 2633601ms] [ERROR] Failed to load resource: the server responded with a status of 424 (Failed Dependency) @ https://jupyter.hpc.hse.ru/hub/user/aoshavrina/api/contents?content=1&1790686128467:0
[ 2640449ms] [ERROR] Failed to load resource: the server responded with a status of 424 (Failed Dependency) @ https://jupyter.hpc.hse.ru/hub/user/aoshavrina/api/kernels/4e17dc8b-5eba-4990-88c4-2de8b2d67d2b?1790686135312:0
[ 2643672ms] [ERROR] Failed to load resource: the server responded with a status of 424 (Failed Dependency) @ https://jupyter.hpc.hse.ru/hub/user/aoshavrina/api/contents?content=1&1790686138545:0
[ 2645039ms] [ERROR] Failed to load resource: the server responded with a status of 424 (Failed Dependency) @ https://jupyter.hpc.hse.ru/hub/user/aoshavrina/api/kernels/eba0e010-f0c7-491a-8b44-427819e4200f?1790686139884:0
[ 2646466ms] [ERROR] Failed to load resource: the server responded with a status of 424 (Failed Dependency) @ https://jupyter.hpc.hse.ru/hub/user/aoshavrina/api/kernels/68fedb24-6334-4703-8ae7-0ef85e4354d9?1790686141337:0
[ 2647820ms] [ERROR] Failed to load resource: the server responded with a status of 424 (Failed Dependency) @ https://jupyter.hpc.hse.ru/hub/user/aoshavrina/api/kernels/68fedb24-6334-4703-8ae7-0ef85e4354d9?1790686142694:0
[ 2653766ms] [ERROR] Failed to load resource: the server responded with a status of 424 (Failed Dependency) @ https://jupyter.hpc.hse.ru/hub/user/aoshavrina/api/contents?content=1&1790686148613:0
[ 2655535ms] [ERROR] Failed to load resource: the server responded with a status of 424 (Failed Dependency) @ https://jupyter.hpc.hse.ru/hub/user/aoshavrina/api/kernels/4e17dc8b-5eba-4990-88c4-2de8b2d67d2b?1790686150402:0
[ 2657908ms] [ERROR] Failed to load resource: the server responded with a status of 424 (Failed Dependency) @ https://jupyter.hpc.hse.ru/hub/user/aoshavrina/api/kernels/68fedb24-6334-4703-8ae7-0ef85e4354d9?1790686152764:0
[ 2660837ms] [ERROR] Failed to load resource: the server responded with a status of 424 (Failed Dependency) @ https://jupyter.hpc.hse.ru/hub/user/aoshavrina/api/kernels/4e17dc8b-5eba-4990-88c4-2de8b2d67d2b?1790686155710:0
[ 2663645ms] [ERROR] Failed to load resource: the server responded with a status of 424 (Failed Dependency) @ https://jupyter.hpc.hse.ru/hub/user/aoshavrina/api/sessions?1790686158505:0
[ 2663834ms] [ERROR] Failed to load resource: the server responded with a status of 424 (Failed Dependency) @ https://jupyter.hpc.hse.ru/hub/user/aoshavrina/api/contents?content=1&1790686158709:0
[ 2669607ms] [ERROR] Failed to load resource: the server responded with a status of 424 (Failed Dependency) @ https://jupyter.hpc.hse.ru/hub/user/aoshavrina/api/kernels/4e17dc8b-5eba-4990-88c4-2de8b2d67d2b?1790686164476:0
[ 2671903ms] [ERROR] Failed to load resource: the server responded with a status of 424 (Failed Dependency) @ https://jupyter.hpc.hse.ru/hub/user/aoshavrina/api/kernels/4e17dc8b-5eba-4990-88c4-2de8b2d67d2b?1790686166776:0
[ 2672987ms] [ERROR] Failed to load resource: the server responded with a status of 424 (Failed Dependency) @ https://jupyter.hpc.hse.ru/hub/user/aoshavrina/api/kernels/68fedb24-6334-4703-8ae7-0ef85e4354d9?1790686167859:0
[ 2673904ms] [ERROR] Failed to load resource: the server responded with a status of 424 (Failed Dependency) @ https://jupyter.hpc.hse.ru/hub/user/aoshavrina/api/contents?content=1&1790686168779:0
[ 2675129ms] [ERROR] Failed to load resource: the server responded with a status of 424 (Failed Dependency) @ https://jupyter.hpc.hse.ru/hub/user/aoshavrina/api/kernels/eba0e010-f0c7-491a-8b44-427819e4200f?1790686169981:0
[ 2676542ms] [ERROR] Failed to load resource: the server responded with a status of 424 (Failed Dependency) @ https://jupyter.hpc.hse.ru/hub/user/aoshavrina/api/kernels/68fedb24-6334-4703-8ae7-0ef85e4354d9?1790686171412:0
[ 2679721ms] [ERROR] Failed to load resource: the server responded with a status of 424 (Failed Dependency) @ https://jupyter.hpc.hse.ru/hub/user/aoshavrina/api/kernels/4e17dc8b-5eba-4990-88c4-2de8b2d67d2b?1790686174557:0
[ 2684024ms] [ERROR] Failed to load resource: the server responded with a status of 424 (Failed Dependency) @ https://jupyter.hpc.hse.ru/hub/user/aoshavrina/api/contents?content=1&1790686178856:0
[ 2684980ms] [ERROR] Failed to load resource: the server responded with a status of 424 (Failed Dependency) @ https://jupyter.hpc.hse.ru/hub/user/aoshavrina/api/kernels/4e17dc8b-5eba-4990-88c4-2de8b2d67d2b?1790686179849:0
[ 2689638ms] [ERROR] Failed to load resource: the server responded with a status of 424 (Failed Dependency) @ https://jupyter.hpc.hse.ru/hub/user/aoshavrina/api/kernels/68fedb24-6334-4703-8ae7-0ef85e4354d9?1790686184494:0
[ 2691196ms] [ERROR] Failed to load resource: the server responded with a status of 424 (Failed Dependency) @ https://jupyter.hpc.hse.ru/hub/user/aoshavrina/api/kernels/eba0e010-f0c7-491a-8b44-427819e4200f?1790686186072:0
[ 2692789ms] [ERROR] Failed to load resource: the server responded with a status of 424 (Failed Dependency) @ https://jupyter.hpc.hse.ru/hub/user/aoshavrina/api/kernels/4e17dc8b-5eba-4990-88c4-2de8b2d67d2b?1790686187671:0
[ 2694091ms] [ERROR] Failed to load resource: the server responded with a status of 424 (Failed Dependency) @ https://jupyter.hpc.hse.ru/hub/user/aoshavrina/api/contents?content=1&1790686188966:0
[ 2702046ms] [ERROR] Failed to load resource: the server responded with a status of 424 (Failed Dependency) @ https://jupyter.hpc.hse.ru/hub/user/aoshavrina/api/kernels/68fedb24-6334-4703-8ae7-0ef85e4354d9?1790686196929:0
[ 2704047ms] [ERROR] Failed to load resource: the server responded with a status of 424 (Failed Dependency) @ https://jupyter.hpc.hse.ru/hub/user/aoshavrina/api/kernels/4e17dc8b-5eba-4990-88c4-2de8b2d67d2b?1790686198925:0
[ 2704150ms] [ERROR] Failed to load resource: the server responded with a status of 424 (Failed Dependency) @ https://jupyter.hpc.hse.ru/hub/user/aoshavrina/api/contents?content=1&1790686199033:0
[ 2705094ms] [ERROR] Failed to load resource: the server responded with a status of 424 (Failed Dependency) @ https://jupyter.hpc.hse.ru/hub/user/aoshavrina/api/kernels?1790686199976:0
[ 2713274ms] [ERROR] Failed to load resource: the server responded with a status of 424 (Failed Dependency) @ https://jupyter.hpc.hse.ru/hub/user/aoshavrina/api/kernels/eba0e010-f0c7-491a-8b44-427819e4200f?1790686208149:0
[ 2714112ms] [ERROR] Failed to load resource: the server responded with a status of 424 (Failed Dependency) @ https://jupyter.hpc.hse.ru/hub/user/aoshavrina/api/kernels/68fedb24-6334-4703-8ae7-0ef85e4354d9?1790686208987:0
[ 2714213ms] [ERROR] Failed to load resource: the server responded with a status of 424 (Failed Dependency) @ https://jupyter.hpc.hse.ru/hub/user/aoshavrina/api/contents?content=1&1790686209095:0
[ 2715707ms] [ERROR] Failed to load resource: the server responded with a status of 424 (Failed Dependency) @ https://jupyter.hpc.hse.ru/hub/user/aoshavrina/api/kernels/68fedb24-6334-4703-8ae7-0ef85e4354d9?1790686210590:0
[ 2720862ms] [ERROR] Failed to load resource: the server responded with a status of 424 (Failed Dependency) @ https://jupyter.hpc.hse.ru/hub/user/aoshavrina/api/kernels/4e17dc8b-5eba-4990-88c4-2de8b2d67d2b?1790686215743:0
[ 2724276ms] [ERROR] Failed to load resource: the server responded with a status of 424 (Failed Dependency) @ https://jupyter.hpc.hse.ru/hub/user/aoshavrina/api/contents?content=1&1790686219156:0
[ 2729346ms] [ERROR] Failed to load resource: the server responded with a status of 424 (Failed Dependency) @ https://jupyter.hpc.hse.ru/hub/user/aoshavrina/api/kernels/eba0e010-f0c7-491a-8b44-427819e4200f?1790686224218:0
[ 2732122ms] [ERROR] Failed to load resource: the server responded with a status of 424 (Failed Dependency) @ https://jupyter.hpc.hse.ru/hub/user/aoshavrina/api/kernels/4e17dc8b-5eba-4990-88c4-2de8b2d67d2b?1790686226993:0
[ 2734339ms] [ERROR] Failed to load resource: the server responded with a status of 424 (Failed Dependency) @ https://jupyter.hpc.hse.ru/hub/user/aoshavrina/api/contents?content=1&1790686229220:0
[ 2736789ms] [ERROR] Failed to load resource: the server responded with a status of 424 (Failed Dependency) @ https://jupyter.hpc.hse.ru/hub/user/aoshavrina/api/kernels/68fedb24-6334-4703-8ae7-0ef85e4354d9?1790686231649:0
[ 2737885ms] [ERROR] Failed to load resource: the server responded with a status of 424 (Failed Dependency) @ https://jupyter.hpc.hse.ru/hub/user/aoshavrina/api/terminals?1790686232765:0
[ 2740171ms] [ERROR] Failed to load resource: the server responded with a status of 424 (Failed Dependency) @ https://jupyter.hpc.hse.ru/hub/user/aoshavrina/api/kernels/68fedb24-6334-4703-8ae7-0ef85e4354d9?1790686235051:0
[ 2743922ms] [ERROR] Failed to load resource: the server responded with a status of 424 (Failed Dependency) @ https://jupyter.hpc.hse.ru/hub/user/aoshavrina/api/kernels/4e17dc8b-5eba-4990-88c4-2de8b2d67d2b?1790686238805:0
[ 2744420ms] [ERROR] Failed to load resource: the server responded with a status of 424 (Failed Dependency) @ https://jupyter.hpc.hse.ru/hub/user/aoshavrina/api/contents?content=1&1790686239289:0
[ 2745191ms] [ERROR] Failed to load resource: the server responded with a status of 424 (Failed Dependency) @ https://jupyter.hpc.hse.ru/hub/user/aoshavrina/api/kernels/4e17dc8b-5eba-4990-88c4-2de8b2d67d2b?1790686240068:0
[ 2746409ms] [ERROR] Failed to load resource: the server responded with a status of 424 (Failed Dependency) @ https://jupyter.hpc.hse.ru/hub/user/aoshavrina/api/kernels/eba0e010-f0c7-491a-8b44-427819e4200f?1790686241288:0
[ 2747875ms] [ERROR] Failed to load resource: the server responded with a status of 424 (Failed Dependency) @ https://jupyter.hpc.hse.ru/hub/user/aoshavrina/api/kernels/68fedb24-6334-4703-8ae7-0ef85e4354d9?1790686242736:0
[ 2751236ms] [ERROR] Failed to load resource: the server responded with a status of 424 (Failed Dependency) @ https://jupyter.hpc.hse.ru/hub/user/aoshavrina/api/kernels/68fedb24-6334-4703-8ae7-0ef85e4354d9?1790686246114:0
[ 2754477ms] [ERROR] Failed to load resource: the server responded with a status of 424 (Failed Dependency) @ https://jupyter.hpc.hse.ru/hub/user/aoshavrina/api/contents?content=1&1790686249360:0
[ 2756276ms] [ERROR] Failed to load resource: the server responded with a status of 424 (Failed Dependency) @ https://jupyter.hpc.hse.ru/hub/user/aoshavrina/api/kernels/4e17dc8b-5eba-4990-88c4-2de8b2d67d2b?1790686251134:0
[ 2758579ms] [ERROR] Failed to load resource: the server responded with a status of 424 (Failed Dependency) @ https://jupyter.hpc.hse.ru/hub/user/aoshavrina/api/kernelspecs?1790686253432:0
[ 2763026ms] [ERROR] Failed to load resource: the server responded with a status of 424 (Failed Dependency) @ https://jupyter.hpc.hse.ru/hub/user/aoshavrina/api/kernels/4e17dc8b-5eba-4990-88c4-2de8b2d67d2b?1790686257868:0
[ 2764559ms] [ERROR] Failed to load resource: the server responded with a status of 424 (Failed Dependency) @ https://jupyter.hpc.hse.ru/hub/user/aoshavrina/api/contents?content=1&1790686259420:0
[ 2764957ms] [ERROR] Failed to load resource: the server responded with a status of 424 (Failed Dependency) @ https://jupyter.hpc.hse.ru/hub/user/aoshavrina/api/kernels/68fedb24-6334-4703-8ae7-0ef85e4354d9?1790686259819:0
[ 2766350ms] [ERROR] Failed to load resource: the server responded with a status of 424 (Failed Dependency) @ https://jupyter.hpc.hse.ru/hub/user/aoshavrina/api/kernels/4e17dc8b-5eba-4990-88c4-2de8b2d67d2b?1790686261219:0
[ 2767494ms] [ERROR] Failed to load resource: the server responded with a status of 424 (Failed Dependency) @ https://jupyter.hpc.hse.ru/hub/user/aoshavrina/api/kernels/eba0e010-f0c7-491a-8b44-427819e4200f?1790686262357:0
[ 2770226ms] [ERROR] Failed to load resource: the server responded with a status of 424 (Failed Dependency) @ https://jupyter.hpc.hse.ru/hub/user/aoshavrina/api/kernels?1790686265103:0
[ 2774308ms] [ERROR] Failed to load resource: the server responded with a status of 424 (Failed Dependency) @ https://jupyter.hpc.hse.ru/hub/user/aoshavrina/api/kernels/68fedb24-6334-4703-8ae7-0ef85e4354d9?1790686269187:0
[ 2774613ms] [ERROR] Failed to load resource: the server responded with a status of 424 (Failed Dependency) @ https://jupyter.hpc.hse.ru/hub/user/aoshavrina/api/contents?content=1&1790686269499:0
[ 2782305ms] [ERROR] Failed to load resource: the server responded with a status of 424 (Failed Dependency) @ https://jupyter.hpc.hse.ru/hub/user/aoshavrina/api/kernels?1790686277182:0
[ 2784425ms] [ERROR] Failed to load resource: the server responded with a status of 424 (Failed Dependency) @ https://jupyter.hpc.hse.ru/hub/user/aoshavrina/api/kernels/4e17dc8b-5eba-4990-88c4-2de8b2d67d2b?1790686279290:0
[ 2784677ms] [ERROR] Failed to load resource: the server responded with a status of 424 (Failed Dependency) @ https://jupyter.hpc.hse.ru/hub/user/aoshavrina/api/contents?content=1&1790686279556:0
[ 2787557ms] [ERROR] Failed to load resource: the server responded with a status of 424 (Failed Dependency) @ https://jupyter.hpc.hse.ru/hub/user/aoshavrina/api/kernels/eba0e010-f0c7-491a-8b44-427819e4200f?1790686282437:0
[ 2788018ms] [ERROR] Failed to load resource: the server responded with a status of 424 (Failed Dependency) @ https://jupyter.hpc.hse.ru/hub/user/aoshavrina/api/kernels/68fedb24-6334-4703-8ae7-0ef85e4354d9?1790686282902:0
[ 2790095ms] [ERROR] Failed to load resource: the server responded with a status of 424 (Failed Dependency) @ https://jupyter.hpc.hse.ru/hub/user/aoshavrina/api/kernels/4e17dc8b-5eba-4990-88c4-2de8b2d67d2b?1790686284977:0
[ 2794743ms] [ERROR] Failed to load resource: the server responded with a status of 424 (Failed Dependency) @ https://jupyter.hpc.hse.ru/hub/user/aoshavrina/api/contents?content=1&1790686289620:0
[ 2801373ms] [ERROR] Failed to load resource: the server responded with a status of 424 (Failed Dependency) @ https://jupyter.hpc.hse.ru/hub/user/aoshavrina/api/kernels/68fedb24-6334-4703-8ae7-0ef85e4354d9?1790686296253:0
[ 2802163ms] [ERROR] Failed to load resource: the server responded with a status of 424 (Failed Dependency) @ https://jupyter.hpc.hse.ru/hub/user/aoshavrina/api/kernels/4e17dc8b-5eba-4990-88c4-2de8b2d67d2b?1790686297046:0
[ 2804802ms] [ERROR] Failed to load resource: the server responded with a status of 424 (Failed Dependency) @ https://jupyter.hpc.hse.ru/hub/user/aoshavrina/api/contents?content=1&1790686299681:0
[ 2805077ms] [ERROR] Failed to load resource: the server responded with a status of 424 (Failed Dependency) @ https://jupyter.hpc.hse.ru/hub/user/aoshavrina/api/kernels/68fedb24-6334-4703-8ae7-0ef85e4354d9?1790686299960:0
[ 2810506ms] [ERROR] Failed to load resource: the server responded with a status of 424 (Failed Dependency) @ https://jupyter.hpc.hse.ru/hub/user/aoshavrina/api/kernels/4e17dc8b-5eba-4990-88c4-2de8b2d67d2b?1790686305365:0
[ 2810664ms] [ERROR] Failed to load resource: the server responded with a status of 424 (Failed Dependency) @ https://jupyter.hpc.hse.ru/hub/user/aoshavrina/api/kernels/eba0e010-f0c7-491a-8b44-427819e4200f?1790686305505:0
[ 2814504ms] [ERROR] Failed to load resource: the server responded with a status of 424 (Failed Dependency) @ https://jupyter.hpc.hse.ru/hub/user/aoshavrina/api/kernels?1790686309376:0
[ 2814865ms] [ERROR] Failed to load resource: the server responded with a status of 424 (Failed Dependency) @ https://jupyter.hpc.hse.ru/hub/user/aoshavrina/api/contents?content=1&1790686309749:0
[ 2821235ms] [ERROR] Failed to load resource: the server responded with a status of 424 (Failed Dependency) @ https://jupyter.hpc.hse.ru/hub/user/aoshavrina/api/kernels/4e17dc8b-5eba-4990-88c4-2de8b2d67d2b?1790686316115:0
[ 2824922ms] [ERROR] Failed to load resource: the server responded with a status of 424 (Failed Dependency) @ https://jupyter.hpc.hse.ru/hub/user/aoshavrina/api/contents?content=1&1790686319806:0
[ 2826143ms] [ERROR] Failed to load resource: the server responded with a status of 424 (Failed Dependency) @ https://jupyter.hpc.hse.ru/hub/user/aoshavrina/api/kernels/68fedb24-6334-4703-8ae7-0ef85e4354d9?1790686321022:0
[ 2826435ms] [ERROR] Failed to load resource: the server responded with a status of 424 (Failed Dependency) @ https://jupyter.hpc.hse.ru/hub/user/aoshavrina/api/kernels/68fedb24-6334-4703-8ae7-0ef85e4354d9?1790686321317:0
[ 2831631ms] [ERROR] Failed to load resource: the server responded with a status of 424 (Failed Dependency) @ https://jupyter.hpc.hse.ru/hub/user/aoshavrina/api/kernels/4e17dc8b-5eba-4990-88c4-2de8b2d67d2b?1790686326457:0
[ 2832731ms] [ERROR] Failed to load resource: the server responded with a status of 424 (Failed Dependency) @ https://jupyter.hpc.hse.ru/hub/user/aoshavrina/api/kernels/eba0e010-f0c7-491a-8b44-427819e4200f?1790686327612:0
[ 2834036ms] [ERROR] Failed to load resource: the server responded with a status of 424 (Failed Dependency) @ https://jupyter.hpc.hse.ru/hub/user/aoshavrina/api/kernels?1790686328920:0
[ 2834982ms] [ERROR] Failed to load resource: the server responded with a status of 424 (Failed Dependency) @ https://jupyter.hpc.hse.ru/hub/user/aoshavrina/api/contents?content=1&1790686329863:0
[ 2841688ms] [ERROR] Failed to load resource: the server responded with a status of 424 (Failed Dependency) @ https://jupyter.hpc.hse.ru/hub/user/aoshavrina/api/kernels/4e17dc8b-5eba-4990-88c4-2de8b2d67d2b?1790686336569:0
[ 2845059ms] [ERROR] Failed to load resource: the server responded with a status of 424 (Failed Dependency) @ https://jupyter.hpc.hse.ru/hub/user/aoshavrina/api/contents?content=1&1790686339922:0
[ 2846311ms] [ERROR] Failed to load resource: the server responded with a status of 424 (Failed Dependency) @ https://jupyter.hpc.hse.ru/hub/user/aoshavrina/api/kernels/4e17dc8b-5eba-4990-88c4-2de8b2d67d2b?1790686341184:0
[ 2847791ms] [ERROR] Failed to load resource: the server responded with a status of 424 (Failed Dependency) @ https://jupyter.hpc.hse.ru/hub/user/aoshavrina/api/kernels/eba0e010-f0c7-491a-8b44-427819e4200f?1790686342671:0
[ 2852212ms] [ERROR] Failed to load resource: the server responded with a status of 424 (Failed Dependency) @ https://jupyter.hpc.hse.ru/hub/user/aoshavrina/api/kernels/68fedb24-6334-4703-8ae7-0ef85e4354d9?1790686347093:0
[ 2855123ms] [ERROR] Failed to load resource: the server responded with a status of 424 (Failed Dependency) @ https://jupyter.hpc.hse.ru/hub/user/aoshavrina/api/contents?content=1&1790686350007:0
[ 2855495ms] [ERROR] Failed to load resource: the server responded with a status of 424 (Failed Dependency) @ https://jupyter.hpc.hse.ru/hub/user/aoshavrina/api/kernels/68fedb24-6334-4703-8ae7-0ef85e4354d9?1790686350381:0
[ 2857370ms] [ERROR] Failed to load resource: the server responded with a status of 424 (Failed Dependency) @ https://jupyter.hpc.hse.ru/hub/user/aoshavrina/api/kernels/4e17dc8b-5eba-4990-88c4-2de8b2d67d2b?1790686352255:0
[ 2865205ms] [ERROR] Failed to load resource: the server responded with a status of 424 (Failed Dependency) @ https://jupyter.hpc.hse.ru/hub/user/aoshavrina/api/contents?content=1&1790686360071:0
[ 2868753ms] [ERROR] Failed to load resource: the server responded with a status of 424 (Failed Dependency) @ https://jupyter.hpc.hse.ru/hub/user/aoshavrina/api/kernels/4e17dc8b-5eba-4990-88c4-2de8b2d67d2b?1790686363635:0
[ 2869555ms] [ERROR] Failed to load resource: the server responded with a status of 424 (Failed Dependency) @ https://jupyter.hpc.hse.ru/hub/user/aoshavrina/api/kernels/68fedb24-6334-4703-8ae7-0ef85e4354d9?1790686364439:0
[ 2875272ms] [ERROR] Failed to load resource: the server responded with a status of 424 (Failed Dependency) @ https://jupyter.hpc.hse.ru/hub/user/aoshavrina/api/contents?content=1&1790686370154:0
[ 2877847ms] [ERROR] Failed to load resource: the server responded with a status of 424 (Failed Dependency) @ https://jupyter.hpc.hse.ru/hub/user/aoshavrina/api/kernels/eba0e010-f0c7-491a-8b44-427819e4200f?1790686372730:0
[ 2877897ms] [ERROR] Failed to load resource: the server responded with a status of 424 (Failed Dependency) @ https://jupyter.hpc.hse.ru/hub/user/aoshavrina/api/sessions?1790686372761:0
[ 2879274ms] [ERROR] Failed to load resource: the server responded with a status of 424 (Failed Dependency) @ https://jupyter.hpc.hse.ru/hub/user/aoshavrina/api/kernels/68fedb24-6334-4703-8ae7-0ef85e4354d9?1790686374156:0
[ 2879427ms] [ERROR] Failed to load resource: the server responded with a status of 424 (Failed Dependency) @ https://jupyter.hpc.hse.ru/hub/user/aoshavrina/api/kernels/4e17dc8b-5eba-4990-88c4-2de8b2d67d2b?1790686374311:0
[ 2883781ms] [ERROR] Failed to load resource: the server responded with a status of 424 (Failed Dependency) @ https://jupyter.hpc.hse.ru/hub/user/aoshavrina/api/kernels?1790686378665:0
[ 2885340ms] [ERROR] Failed to load resource: the server responded with a status of 424 (Failed Dependency) @ https://jupyter.hpc.hse.ru/hub/user/aoshavrina/api/contents?content=1&1790686380214:0
[ 2888619ms] [ERROR] Failed to load resource: the server responded with a status of 424 (Failed Dependency) @ https://jupyter.hpc.hse.ru/hub/user/aoshavrina/api/kernels/68fedb24-6334-4703-8ae7-0ef85e4354d9?1790686383498:0
[ 2893913ms] [ERROR] Failed to load resource: the server responded with a status of 424 (Failed Dependency) @ https://jupyter.hpc.hse.ru/hub/user/aoshavrina/api/kernels/eba0e010-f0c7-491a-8b44-427819e4200f?1790686388793:0
[ 2894817ms] [ERROR] Failed to load resource: the server responded with a status of 424 (Failed Dependency) @ https://jupyter.hpc.hse.ru/hub/user/aoshavrina/api/kernels/4e17dc8b-5eba-4990-88c4-2de8b2d67d2b?1790686389703:0
[ 2895350ms] [ERROR] Failed to load resource: the server responded with a status of 424 (Failed Dependency) @ https://jupyter.hpc.hse.ru/hub/user/aoshavrina/api/kernels/68fedb24-6334-4703-8ae7-0ef85e4354d9?1790686390230:0
[ 2895403ms] [ERROR] Failed to load resource: the server responded with a status of 424 (Failed Dependency) @ https://jupyter.hpc.hse.ru/hub/user/aoshavrina/api/contents?content=1&1790686390286:0
[ 2898499ms] [ERROR] Failed to load resource: the server responded with a status of 424 (Failed Dependency) @ https://jupyter.hpc.hse.ru/hub/user/aoshavrina/api/kernels/4e17dc8b-5eba-4990-88c4-2de8b2d67d2b?1790686393379:0
[ 2905473ms] [ERROR] Failed to load resource: the server responded with a status of 424 (Failed Dependency) @ https://jupyter.hpc.hse.ru/hub/user/aoshavrina/api/contents?content=1&1790686400354:0
[ 2914560ms] [ERROR] Failed to load resource: the server responded with a status of 424 (Failed Dependency) @ https://jupyter.hpc.hse.ru/hub/user/aoshavrina/api/kernels/4e17dc8b-5eba-4990-88c4-2de8b2d67d2b?1790686409442:0
[ 2915571ms] [ERROR] Failed to load resource: the server responded with a status of 424 (Failed Dependency) @ https://jupyter.hpc.hse.ru/hub/user/aoshavrina/api/contents?content=1&1790686410417:0
[ 2915965ms] [ERROR] Failed to load resource: the server responded with a status of 424 (Failed Dependency) @ https://jupyter.hpc.hse.ru/hub/user/aoshavrina/api/kernels/eba0e010-f0c7-491a-8b44-427819e4200f?1790686410850:0
[ 2917422ms] [ERROR] Failed to load resource: the server responded with a status of 424 (Failed Dependency) @ https://jupyter.hpc.hse.ru/hub/user/aoshavrina/api/kernels/68fedb24-6334-4703-8ae7-0ef85e4354d9?1790686412293:0
[ 2918683ms] [ERROR] Failed to load resource: the server responded with a status of 424 (Failed Dependency) @ https://jupyter.hpc.hse.ru/hub/user/aoshavrina/api/kernels/68fedb24-6334-4703-8ae7-0ef85e4354d9?1790686413563:0
[ 2923876ms] [ERROR] Failed to load resource: the server responded with a status of 424 (Failed Dependency) @ https://jupyter.hpc.hse.ru/hub/user/aoshavrina/api/kernels/4e17dc8b-5eba-4990-88c4-2de8b2d67d2b?1790686418755:0
[ 2925644ms] [ERROR] Failed to load resource: the server responded with a status of 424 (Failed Dependency) @ https://jupyter.hpc.hse.ru/hub/user/aoshavrina/api/contents?content=1&1790686420521:0
[ 2927483ms] [ERROR] Failed to load resource: the server responded with a status of 424 (Failed Dependency) @ https://jupyter.hpc.hse.ru/hub/user/aoshavrina/api/kernels/68fedb24-6334-4703-8ae7-0ef85e4354d9?1790686422366:0
[ 2933025ms] [ERROR] Failed to load resource: the server responded with a status of 424 (Failed Dependency) @ https://jupyter.hpc.hse.ru/hub/user/aoshavrina/api/kernels/eba0e010-f0c7-491a-8b44-427819e4200f?1790686427906:0
[ 2933940ms] [ERROR] Failed to load resource: the server responded with a status of 424 (Failed Dependency) @ https://jupyter.hpc.hse.ru/hub/user/aoshavrina/api/kernels/4e17dc8b-5eba-4990-88c4-2de8b2d67d2b?1790686428825:0
[ 2935711ms] [ERROR] Failed to load resource: the server responded with a status of 424 (Failed Dependency) @ https://jupyter.hpc.hse.ru/hub/user/aoshavrina/api/contents?content=1&1790686430587:0
[ 2941746ms] [ERROR] Failed to load resource: the server responded with a status of 424 (Failed Dependency) @ https://jupyter.hpc.hse.ru/hub/user/aoshavrina/api/kernels/68fedb24-6334-4703-8ae7-0ef85e4354d9?1790686436629:0
[ 2943622ms] [ERROR] Failed to load resource: the server responded with a status of 424 (Failed Dependency) @ https://jupyter.hpc.hse.ru/hub/user/aoshavrina/api/kernels/4e17dc8b-5eba-4990-88c4-2de8b2d67d2b?1790686438501:0
[ 2945094ms] [ERROR] Failed to load resource: the server responded with a status of 424 (Failed Dependency) @ https://jupyter.hpc.hse.ru/hub/user/aoshavrina/api/kernels/eba0e010-f0c7-491a-8b44-427819e4200f?1790686439978:0
[ 2945778ms] [ERROR] Failed to load resource: the server responded with a status of 424 (Failed Dependency) @ https://jupyter.hpc.hse.ru/hub/user/aoshavrina/api/contents?content=1&1790686440663:0
[ 2950545ms] [ERROR] Failed to load resource: the server responded with a status of 424 (Failed Dependency) @ https://jupyter.hpc.hse.ru/hub/user/aoshavrina/api/kernels/68fedb24-6334-4703-8ae7-0ef85e4354d9?1790686445426:0
[ 2951802ms] [ERROR] Failed to load resource: the server responded with a status of 424 (Failed Dependency) @ https://jupyter.hpc.hse.ru/hub/user/aoshavrina/api/kernels/68fedb24-6334-4703-8ae7-0ef85e4354d9?1790686446685:0
[ 2955846ms] [ERROR] Failed to load resource: the server responded with a status of 424 (Failed Dependency) @ https://jupyter.hpc.hse.ru/hub/user/aoshavrina/api/contents?content=1&1790686450722:0
[ 2958007ms] [ERROR] Failed to load resource: the server responded with a status of 424 (Failed Dependency) @ https://jupyter.hpc.hse.ru/hub/user/aoshavrina/api/kernels/4e17dc8b-5eba-4990-88c4-2de8b2d67d2b?1790686452885:0
[ 2960161ms] [ERROR] Failed to load resource: the server responded with a status of 424 (Failed Dependency) @ https://jupyter.hpc.hse.ru/hub/user/aoshavrina/api/kernels/eba0e010-f0c7-491a-8b44-427819e4200f?1790686455034:0
[ 2960680ms] [ERROR] Failed to load resource: the server responded with a status of 424 (Failed Dependency) @ https://jupyter.hpc.hse.ru/hub/user/aoshavrina/api/kernels/4e17dc8b-5eba-4990-88c4-2de8b2d67d2b?1790686455565:0
[ 2964869ms] [ERROR] Failed to load resource: the server responded with a status of 424 (Failed Dependency) @ https://jupyter.hpc.hse.ru/hub/user/aoshavrina/api/kernels/68fedb24-6334-4703-8ae7-0ef85e4354d9?1790686459750:0
[ 2965903ms] [ERROR] Failed to load resource: the server responded with a status of 424 (Failed Dependency) @ https://jupyter.hpc.hse.ru/hub/user/aoshavrina/api/contents?content=1&1790686460783:0
[ 2966617ms] [ERROR] Failed to load resource: the server responded with a status of 424 (Failed Dependency) @ https://jupyter.hpc.hse.ru/hub/user/aoshavrina/api/kernels/68fedb24-6334-4703-8ae7-0ef85e4354d9?1790686461494:0
[ 2976006ms] [ERROR] Failed to load resource: the server responded with a status of 424 (Failed Dependency) @ https://jupyter.hpc.hse.ru/hub/user/aoshavrina/api/contents?content=1&1790686470842:0
[ 2977750ms] [ERROR] Failed to load resource: the server responded with a status of 424 (Failed Dependency) @ https://jupyter.hpc.hse.ru/hub/user/aoshavrina/api/kernels/4e17dc8b-5eba-4990-88c4-2de8b2d67d2b?1790686472628:0
[ 2978073ms] [ERROR] Failed to load resource: the server responded with a status of 424 (Failed Dependency) @ https://jupyter.hpc.hse.ru/hub/user/aoshavrina/api/kernels/4e17dc8b-5eba-4990-88c4-2de8b2d67d2b?1790686472958:0
[ 2979231ms] [ERROR] Failed to load resource: the server responded with a status of 424 (Failed Dependency) @ https://jupyter.hpc.hse.ru/hub/user/aoshavrina/api/kernels/eba0e010-f0c7-491a-8b44-427819e4200f?1790686474112:0
[ 2986078ms] [ERROR] Failed to load resource: the server responded with a status of 424 (Failed Dependency) @ https://jupyter.hpc.hse.ru/hub/user/aoshavrina/api/contents?content=1&1790686480957:0
[ 2988926ms] [ERROR] Failed to load resource: the server responded with a status of 424 (Failed Dependency) @ https://jupyter.hpc.hse.ru/hub/user/aoshavrina/api/kernels/68fedb24-6334-4703-8ae7-0ef85e4354d9?1790686483810:0
[ 2990683ms] [ERROR] Failed to load resource: the server responded with a status of 424 (Failed Dependency) @ https://jupyter.hpc.hse.ru/hub/user/aoshavrina/api/kernels/68fedb24-6334-4703-8ae7-0ef85e4354d9?1790686485563:0
[ 2990802ms] [ERROR] Failed to load resource: the server responded with a status of 424 (Failed Dependency) @ https://jupyter.hpc.hse.ru/hub/user/aoshavrina/api/kernels/4e17dc8b-5eba-4990-88c4-2de8b2d67d2b?1790686485689:0
[ 2991304ms] [ERROR] Failed to load resource: the server responded with a status of 424 (Failed Dependency) @ https://jupyter.hpc.hse.ru/hub/user/aoshavrina/api/kernels/eba0e010-f0c7-491a-8b44-427819e4200f?1790686486172:0
[ 2996161ms] [ERROR] Failed to load resource: the server responded with a status of 424 (Failed Dependency) @ https://jupyter.hpc.hse.ru/hub/user/aoshavrina/api/contents?content=1&1790686491029:0
[ 3002144ms] [ERROR] Failed to load resource: the server responded with a status of 424 (Failed Dependency) @ https://jupyter.hpc.hse.ru/hub/user/aoshavrina/api/kernels/4e17dc8b-5eba-4990-88c4-2de8b2d67d2b?1790686497026:0
[ 3005759ms] [ERROR] Failed to load resource: the server responded with a status of 424 (Failed Dependency) @ https://jupyter.hpc.hse.ru/hub/user/aoshavrina/api/kernels/68fedb24-6334-4703-8ae7-0ef85e4354d9?1790686500636:0
[ 3006226ms] [ERROR] Failed to load resource: the server responded with a status of 424 (Failed Dependency) @ https://jupyter.hpc.hse.ru/hub/user/aoshavrina/api/contents?content=1&1790686501103:0
[ 3012002ms] [ERROR] Failed to load resource: the server responded with a status of 424 (Failed Dependency) @ https://jupyter.hpc.hse.ru/hub/user/aoshavrina/api/kernels/68fedb24-6334-4703-8ae7-0ef85e4354d9?1790686506881:0
[ 3014872ms] [ERROR] Failed to load resource: the server responded with a status of 424 (Failed Dependency) @ https://jupyter.hpc.hse.ru/hub/user/aoshavrina/api/kernels?1790686509753:0
[ 3016291ms] [ERROR] Failed to load resource: the server responded with a status of 424 (Failed Dependency) @ https://jupyter.hpc.hse.ru/hub/user/aoshavrina/api/contents?content=1&1790686511173:0
[ 3019223ms] [ERROR] Failed to load resource: the server responded with a status of 424 (Failed Dependency) @ https://jupyter.hpc.hse.ru/hub/user/aoshavrina/api/kernels/4e17dc8b-5eba-4990-88c4-2de8b2d67d2b?1790686514096:0
[ 3019864ms] [ERROR] Failed to load resource: the server responded with a status of 424 (Failed Dependency) @ https://jupyter.hpc.hse.ru/hub/user/aoshavrina/api/kernels/4e17dc8b-5eba-4990-88c4-2de8b2d67d2b?1790686514748:0
[ 3020359ms] [ERROR] Failed to load resource: the server responded with a status of 424 (Failed Dependency) @ https://jupyter.hpc.hse.ru/hub/user/aoshavrina/api/kernels/eba0e010-f0c7-491a-8b44-427819e4200f?1790686515246:0
[ 3025068ms] [ERROR] Failed to load resource: the server responded with a status of 424 (Failed Dependency) @ https://jupyter.hpc.hse.ru/hub/user/aoshavrina/api/kernels/68fedb24-6334-4703-8ae7-0ef85e4354d9?1790686519942:0
[ 3025820ms] [ERROR] Failed to load resource: the server responded with a status of 424 (Failed Dependency) @ https://jupyter.hpc.hse.ru/hub/user/aoshavrina/api/kernels/68fedb24-6334-4703-8ae7-0ef85e4354d9?1790686520704:0
[ 3026349ms] [ERROR] Failed to load resource: the server responded with a status of 424 (Failed Dependency) @ https://jupyter.hpc.hse.ru/hub/user/aoshavrina/api/contents?content=1&1790686521231:0
[ 3033288ms] [ERROR] Failed to load resource: the server responded with a status of 424 (Failed Dependency) @ https://jupyter.hpc.hse.ru/hub/user/aoshavrina/api/kernels/4e17dc8b-5eba-4990-88c4-2de8b2d67d2b?1790686528170:0
[ 3035431ms] [ERROR] Failed to load resource: the server responded with a status of 424 (Failed Dependency) @ https://jupyter.hpc.hse.ru/hub/user/aoshavrina/api/kernels/eba0e010-f0c7-491a-8b44-427819e4200f?1790686530302:0
[ 3036429ms] [ERROR] Failed to load resource: the server responded with a status of 424 (Failed Dependency) @ https://jupyter.hpc.hse.ru/hub/user/aoshavrina/api/contents?content=1&1790686531299:0
[ 3036934ms] [ERROR] Failed to load resource: the server responded with a status of 424 (Failed Dependency) @ https://jupyter.hpc.hse.ru/hub/user/aoshavrina/api/kernels/4e17dc8b-5eba-4990-88c4-2de8b2d67d2b?1790686531811:0
[ 3037974ms] [ERROR] Failed to load resource: the server responded with a status of 424 (Failed Dependency) @ https://jupyter.hpc.hse.ru/hub/user/aoshavrina/api/terminals?1790686532840:0
[ 3041878ms] [ERROR] Failed to load resource: the server responded with a status of 424 (Failed Dependency) @ https://jupyter.hpc.hse.ru/hub/user/aoshavrina/api/kernels/68fedb24-6334-4703-8ae7-0ef85e4354d9?1790686536762:0
[ 3042126ms] [ERROR] Failed to load resource: the server responded with a status of 424 (Failed Dependency) @ https://jupyter.hpc.hse.ru/hub/user/aoshavrina/api/kernels/68fedb24-6334-4703-8ae7-0ef85e4354d9?1790686537014:0
[ 3046488ms] [ERROR] Failed to load resource: the server responded with a status of 424 (Failed Dependency) @ https://jupyter.hpc.hse.ru/hub/user/aoshavrina/api/contents?content=1&1790686541369:0
[ 3051995ms] [ERROR] Failed to load resource: the server responded with a status of 424 (Failed Dependency) @ https://jupyter.hpc.hse.ru/hub/user/aoshavrina/api/kernels/4e17dc8b-5eba-4990-88c4-2de8b2d67d2b?1790686546872:0
[ 3056559ms] [ERROR] Failed to load resource: the server responded with a status of 424 (Failed Dependency) @ https://jupyter.hpc.hse.ru/hub/user/aoshavrina/api/contents?content=1&1790686551439:0
[ 3058669ms] [ERROR] Failed to load resource: the server responded with a status of 424 (Failed Dependency) @ https://jupyter.hpc.hse.ru/hub/user/aoshavrina/api/kernelspecs?1790686553540:0
[ 3062219ms] [ERROR] Failed to load resource: the server responded with a status of 424 (Failed Dependency) @ https://jupyter.hpc.hse.ru/hub/user/aoshavrina/api/kernels/68fedb24-6334-4703-8ae7-0ef85e4354d9?1790686557079:0
[ 3063357ms] [ERROR] Failed to load resource: the server responded with a status of 424 (Failed Dependency) @ https://jupyter.hpc.hse.ru/hub/user/aoshavrina/api/kernels/4e17dc8b-5eba-4990-88c4-2de8b2d67d2b?1790686558231:0
[ 3065520ms] [ERROR] Failed to load resource: the server responded with a status of 424 (Failed Dependency) @ https://jupyter.hpc.hse.ru/hub/user/aoshavrina/api/kernels/eba0e010-f0c7-491a-8b44-427819e4200f?1790686560379:0
[ 3066624ms] [ERROR] Failed to load resource: the server responded with a status of 424 (Failed Dependency) @ https://jupyter.hpc.hse.ru/hub/user/aoshavrina/api/contents?content=1&1790686561501:0
[ 3067085ms] [ERROR] Failed to load resource: the server responded with a status of 424 (Failed Dependency) @ https://jupyter.hpc.hse.ru/hub/user/aoshavrina/api/kernels/4e17dc8b-5eba-4990-88c4-2de8b2d67d2b?1790686561950:0
[ 3069954ms] [ERROR] Failed to load resource: the server responded with a status of 424 (Failed Dependency) @ https://jupyter.hpc.hse.ru/hub/user/aoshavrina/api/kernels/68fedb24-6334-4703-8ae7-0ef85e4354d9?1790686564822:0
[ 3076690ms] [ERROR] Failed to load resource: the server responded with a status of 424 (Failed Dependency) @ https://jupyter.hpc.hse.ru/hub/user/aoshavrina/api/contents?content=1&1790686571562:0
[ 3081115ms] [ERROR] Failed to load resource: the server responded with a status of 424 (Failed Dependency) @ https://jupyter.hpc.hse.ru/hub/user/aoshavrina/api/sessions?1790686575990:0
[ 3084019ms] [ERROR] Failed to load resource: the server responded with a status of 424 (Failed Dependency) @ https://jupyter.hpc.hse.ru/hub/user/aoshavrina/api/kernels/68fedb24-6334-4703-8ae7-0ef85e4354d9?1790686578897:0
[ 3086756ms] [ERROR] Failed to load resource: the server responded with a status of 424 (Failed Dependency) @ https://jupyter.hpc.hse.ru/hub/user/aoshavrina/api/contents?content=1&1790686581633:0
[ 3087424ms] [ERROR] Failed to load resource: the server responded with a status of 424 (Failed Dependency) @ https://jupyter.hpc.hse.ru/hub/user/aoshavrina/api/kernels/4e17dc8b-5eba-4990-88c4-2de8b2d67d2b?1790686582304:0
[ 3088286ms] [ERROR] Failed to load resource: the server responded with a status of 424 (Failed Dependency) @ https://jupyter.hpc.hse.ru/hub/user/aoshavrina/api/kernels/68fedb24-6334-4703-8ae7-0ef85e4354d9?1790686583166:0
[ 3089595ms] [ERROR] Failed to load resource: the server responded with a status of 424 (Failed Dependency) @ https://jupyter.hpc.hse.ru/hub/user/aoshavrina/api/kernels/eba0e010-f0c7-491a-8b44-427819e4200f?1790686584471:0
[ 3091155ms] [ERROR] Failed to load resource: the server responded with a status of 424 (Failed Dependency) @ https://jupyter.hpc.hse.ru/hub/user/aoshavrina/api/kernels/4e17dc8b-5eba-4990-88c4-2de8b2d67d2b?1790686586035:0
[ 3096825ms] [ERROR] Failed to load resource: the server responded with a status of 424 (Failed Dependency) @ https://jupyter.hpc.hse.ru/hub/user/aoshavrina/api/contents?content=1&1790686591707:0
[ 3099648ms] [ERROR] Failed to load resource: the server responded with a status of 424 (Failed Dependency) @ https://jupyter.hpc.hse.ru/hub/user/aoshavrina/api/kernels/eba0e010-f0c7-491a-8b44-427819e4200f?1790686594532:0
[ 3102090ms] [ERROR] Failed to load resource: the server responded with a status of 424 (Failed Dependency) @ https://jupyter.hpc.hse.ru/hub/user/aoshavrina/api/kernels/68fedb24-6334-4703-8ae7-0ef85e4354d9?1790686596955:0
[ 3106891ms] [ERROR] Failed to load resource: the server responded with a status of 424 (Failed Dependency) @ https://jupyter.hpc.hse.ru/hub/user/aoshavrina/api/contents?content=1&1790686601765:0
[ 3110718ms] [ERROR] Failed to load resource: the server responded with a status of 424 (Failed Dependency) @ https://jupyter.hpc.hse.ru/hub/user/aoshavrina/api/kernels/eba0e010-f0c7-491a-8b44-427819e4200f?1790686605585:0
[ 3116492ms] [ERROR] Failed to load resource: the server responded with a status of 424 (Failed Dependency) @ https://jupyter.hpc.hse.ru/hub/user/aoshavrina/api/kernels/4e17dc8b-5eba-4990-88c4-2de8b2d67d2b?1790686611371:0
[ 3116953ms] [ERROR] Failed to load resource: the server responded with a status of 424 (Failed Dependency) @ https://jupyter.hpc.hse.ru/hub/user/aoshavrina/api/contents?content=1&1790686611838:0
[ 3117349ms] [ERROR] Failed to load resource: the server responded with a status of 424 (Failed Dependency) @ https://jupyter.hpc.hse.ru/hub/user/aoshavrina/api/kernels/68fedb24-6334-4703-8ae7-0ef85e4354d9?1790686612227:0
[ 3118002ms] [ERROR] Failed to load resource: the server responded with a status of 424 (Failed Dependency) @ https://jupyter.hpc.hse.ru/hub/user/aoshavrina/api/kernels?1790686612864:0
[ 3120221ms] [ERROR] Failed to load resource: the server responded with a status of 424 (Failed Dependency) @ https://jupyter.hpc.hse.ru/hub/user/aoshavrina/api/kernels/4e17dc8b-5eba-4990-88c4-2de8b2d67d2b?1790686615101:0
[ 3123166ms] [ERROR] Failed to load resource: the server responded with a status of 424 (Failed Dependency) @ https://jupyter.hpc.hse.ru/hub/user/aoshavrina/api/kernels/68fedb24-6334-4703-8ae7-0ef85e4354d9?1790686618039:0
[ 3126571ms] [ERROR] Failed to load resource: the server responded with a status of 424 (Failed Dependency) @ https://jupyter.hpc.hse.ru/hub/user/aoshavrina/api/kernels/4e17dc8b-5eba-4990-88c4-2de8b2d67d2b?1790686621446:0
[ 3127023ms] [ERROR] Failed to load resource: the server responded with a status of 424 (Failed Dependency) @ https://jupyter.hpc.hse.ru/hub/user/aoshavrina/api/contents?content=1&1790686621901:0
[ 3134428ms] [ERROR] Failed to load resource: the server responded with a status of 424 (Failed Dependency) @ https://jupyter.hpc.hse.ru/hub/user/aoshavrina/api/kernels/68fedb24-6334-4703-8ae7-0ef85e4354d9?1790686629296:0
[ 3137097ms] [ERROR] Failed to load resource: the server responded with a status of 424 (Failed Dependency) @ https://jupyter.hpc.hse.ru/hub/user/aoshavrina/api/contents?content=1&1790686631972:0
[ 3139781ms] [ERROR] Failed to load resource: the server responded with a status of 424 (Failed Dependency) @ https://jupyter.hpc.hse.ru/hub/user/aoshavrina/api/kernels/eba0e010-f0c7-491a-8b44-427819e4200f?1790686634658:0
[ 3143297ms] [ERROR] Failed to load resource: the server responded with a status of 424 (Failed Dependency) @ https://jupyter.hpc.hse.ru/hub/user/aoshavrina/api/kernels/4e17dc8b-5eba-4990-88c4-2de8b2d67d2b?1790686638175:0
[ 3145640ms] [ERROR] Failed to load resource: the server responded with a status of 424 (Failed Dependency) @ https://jupyter.hpc.hse.ru/hub/user/aoshavrina/api/kernels/4e17dc8b-5eba-4990-88c4-2de8b2d67d2b?1790686640522:0
[ 3147203ms] [ERROR] Failed to load resource: the server responded with a status of 424 (Failed Dependency) @ https://jupyter.hpc.hse.ru/hub/user/aoshavrina/api/contents?content=1&1790686642045:0
[ 3148223ms] [ERROR] Failed to load resource: the server responded with a status of 424 (Failed Dependency) @ https://jupyter.hpc.hse.ru/hub/user/aoshavrina/api/kernels/68fedb24-6334-4703-8ae7-0ef85e4354d9?1790686643103:0
[ 3150837ms] [ERROR] Failed to load resource: the server responded with a status of 424 (Failed Dependency) @ https://jupyter.hpc.hse.ru/hub/user/aoshavrina/api/kernels/eba0e010-f0c7-491a-8b44-427819e4200f?1790686645724:0
[ 3157271ms] [ERROR] Failed to load resource: the server responded with a status of 424 (Failed Dependency) @ https://jupyter.hpc.hse.ru/hub/user/aoshavrina/api/contents?content=1&1790686652154:0
[ 3160289ms] [ERROR] Failed to load resource: the server responded with a status of 424 (Failed Dependency) @ https://jupyter.hpc.hse.ru/hub/user/aoshavrina/api/kernels/68fedb24-6334-4703-8ae7-0ef85e4354d9?1790686655172:0
[ 3161492ms] [ERROR] Failed to load resource: the server responded with a status of 424 (Failed Dependency) @ https://jupyter.hpc.hse.ru/hub/user/aoshavrina/api/kernels/68fedb24-6334-4703-8ae7-0ef85e4354d9?1790686656375:0
[ 3162705ms] [ERROR] Failed to load resource: the server responded with a status of 424 (Failed Dependency) @ https://jupyter.hpc.hse.ru/hub/user/aoshavrina/api/kernels/4e17dc8b-5eba-4990-88c4-2de8b2d67d2b?1790686657588:0
[ 3164365ms] [ERROR] Failed to load resource: the server responded with a status of 424 (Failed Dependency) @ https://jupyter.hpc.hse.ru/hub/user/aoshavrina/api/kernels/4e17dc8b-5eba-4990-88c4-2de8b2d67d2b?1790686659246:0
[ 3167348ms] [ERROR] Failed to load resource: the server responded with a status of 424 (Failed Dependency) @ https://jupyter.hpc.hse.ru/hub/user/aoshavrina/api/contents?content=1&1790686662211:0
[ 3171561ms] [ERROR] Failed to load resource: the server responded with a status of 424 (Failed Dependency) @ https://jupyter.hpc.hse.ru/hub/user/aoshavrina/api/kernels/68fedb24-6334-4703-8ae7-0ef85e4354d9?1790686666440:0
[ 3177426ms] [ERROR] Failed to load resource: the server responded with a status of 424 (Failed Dependency) @ https://jupyter.hpc.hse.ru/hub/user/aoshavrina/api/contents?content=1&1790686672291:0
[ 3179899ms] [ERROR] Failed to load resource: the server responded with a status of 424 (Failed Dependency) @ https://jupyter.hpc.hse.ru/hub/user/aoshavrina/api/kernels/eba0e010-f0c7-491a-8b44-427819e4200f?1790686674779:0
[ 3180353ms] [ERROR] Failed to load resource: the server responded with a status of 424 (Failed Dependency) @ https://jupyter.hpc.hse.ru/hub/user/aoshavrina/api/kernels/68fedb24-6334-4703-8ae7-0ef85e4354d9?1790686675240:0
[ 3180760ms] [ERROR] Failed to load resource: the server responded with a status of 424 (Failed Dependency) @ https://jupyter.hpc.hse.ru/hub/user/aoshavrina/api/kernels/4e17dc8b-5eba-4990-88c4-2de8b2d67d2b?1790686675644:0
[ 3183635ms] [ERROR] Failed to load resource: the server responded with a status of 424 (Failed Dependency) @ https://jupyter.hpc.hse.ru/hub/user/aoshavrina/api/kernels/68fedb24-6334-4703-8ae7-0ef85e4354d9?1790686678512:0
[ 3187504ms] [ERROR] Failed to load resource: the server responded with a status of 424 (Failed Dependency) @ https://jupyter.hpc.hse.ru/hub/user/aoshavrina/api/contents?content=1&1790686682381:0
[ 3188435ms] [ERROR] Failed to load resource: the server responded with a status of 424 (Failed Dependency) @ https://jupyter.hpc.hse.ru/hub/user/aoshavrina/api/kernels/4e17dc8b-5eba-4990-88c4-2de8b2d67d2b?1790686683314:0
[ 3192996ms] [ERROR] Failed to load resource: the server responded with a status of 424 (Failed Dependency) @ https://jupyter.hpc.hse.ru/hub/user/aoshavrina/api/kernels/eba0e010-f0c7-491a-8b44-427819e4200f?1790686687850:0
[ 3195414ms] [ERROR] Failed to load resource: the server responded with a status of 424 (Failed Dependency) @ https://jupyter.hpc.hse.ru/hub/user/aoshavrina/api/kernels/68fedb24-6334-4703-8ae7-0ef85e4354d9?1790686690296:0
[ 3197578ms] [ERROR] Failed to load resource: the server responded with a status of 424 (Failed Dependency) @ https://jupyter.hpc.hse.ru/hub/user/aoshavrina/api/contents?content=1&1790686692453:0
[ 3201535ms] [ERROR] Failed to load resource: the server responded with a status of 424 (Failed Dependency) @ https://jupyter.hpc.hse.ru/hub/user/aoshavrina/api/kernels/4e17dc8b-5eba-4990-88c4-2de8b2d67d2b?1790686696388:0
[ 3206827ms] [ERROR] Failed to load resource: the server responded with a status of 424 (Failed Dependency) @ https://jupyter.hpc.hse.ru/hub/user/aoshavrina/api/kernels/4e17dc8b-5eba-4990-88c4-2de8b2d67d2b?1790686701702:0
[ 3207640ms] [ERROR] Failed to load resource: the server responded with a status of 424 (Failed Dependency) @ https://jupyter.hpc.hse.ru/hub/user/aoshavrina/api/contents?content=1&1790686702517:0
[ 3208482ms] [ERROR] Failed to load resource: the server responded with a status of 424 (Failed Dependency) @ https://jupyter.hpc.hse.ru/hub/user/aoshavrina/api/kernels/68fedb24-6334-4703-8ae7-0ef85e4354d9?1790686703359:0
[ 3212714ms] [ERROR] Failed to load resource: the server responded with a status of 424 (Failed Dependency) @ https://jupyter.hpc.hse.ru/hub/user/aoshavrina/api/kernels/68fedb24-6334-4703-8ae7-0ef85e4354d9?1790686707573:0
[ 3216912ms] [ERROR] Failed to load resource: the server responded with a status of 424 (Failed Dependency) @ https://jupyter.hpc.hse.ru/hub/user/aoshavrina/api/kernels/4e17dc8b-5eba-4990-88c4-2de8b2d67d2b?1790686711773:0
[ 3217707ms] [ERROR] Failed to load resource: the server responded with a status of 424 (Failed Dependency) @ https://jupyter.hpc.hse.ru/hub/user/aoshavrina/api/contents?content=1&1790686712581:0
[ 3218071ms] [ERROR] Failed to load resource: the server responded with a status of 424 (Failed Dependency) @ https://jupyter.hpc.hse.ru/hub/user/aoshavrina/api/kernels/eba0e010-f0c7-491a-8b44-427819e4200f?1790686712941:0
[ 3218598ms] [ERROR] Failed to load resource: the server responded with a status of 424 (Failed Dependency) @ https://jupyter.hpc.hse.ru/hub/user/aoshavrina/api/kernels/4e17dc8b-5eba-4990-88c4-2de8b2d67d2b?1790686713473:0
[ 3227776ms] [ERROR] Failed to load resource: the server responded with a status of 424 (Failed Dependency) @ https://jupyter.hpc.hse.ru/hub/user/aoshavrina/api/contents?content=1&1790686722644:0
[ 3228576ms] [ERROR] Failed to load resource: the server responded with a status of 424 (Failed Dependency) @ https://jupyter.hpc.hse.ru/hub/user/aoshavrina/api/kernels/68fedb24-6334-4703-8ae7-0ef85e4354d9?1790686723425:0
[ 3231805ms] [ERROR] Failed to load resource: the server responded with a status of 424 (Failed Dependency) @ https://jupyter.hpc.hse.ru/hub/user/aoshavrina/api/kernels/68fedb24-6334-4703-8ae7-0ef85e4354d9?1790686726658:0
[ 3238094ms] [ERROR] Failed to load resource: the server responded with a status of 424 (Failed Dependency) @ https://jupyter.hpc.hse.ru/hub/user/aoshavrina/api/contents?content=1&1790686732721:0
[ 3238108ms] [ERROR] Failed to load resource: the server responded with a status of 424 (Failed Dependency) @ https://jupyter.hpc.hse.ru/hub/user/aoshavrina/api/kernels/4e17dc8b-5eba-4990-88c4-2de8b2d67d2b?1790686732550:0
[ 3241208ms] [ERROR] Failed to load resource: the server responded with a status of 424 (Failed Dependency) @ https://jupyter.hpc.hse.ru/hub/user/aoshavrina/api/kernels/eba0e010-f0c7-491a-8b44-427819e4200f?1790686736011:0
[ 3247022ms] [ERROR] Failed to load resource: the server responded with a status of 424 (Failed Dependency) @ https://jupyter.hpc.hse.ru/hub/user/aoshavrina/api/kernels/4e17dc8b-5eba-4990-88c4-2de8b2d67d2b?1790686741862:0
[ 3247676ms] [ERROR] Failed to load resource: the server responded with a status of 424 (Failed Dependency) @ https://jupyter.hpc.hse.ru/hub/user/aoshavrina/api/kernels/68fedb24-6334-4703-8ae7-0ef85e4354d9?1790686742520:0
[ 3248214ms] [ERROR] Failed to load resource: the server responded with a status of 424 (Failed Dependency) @ https://jupyter.hpc.hse.ru/hub/user/aoshavrina/api/contents?content=1&1790686743038:0
[ 3250906ms] [ERROR] Failed to load resource: the server responded with a status of 424 (Failed Dependency) @ https://jupyter.hpc.hse.ru/hub/user/aoshavrina/api/kernels/68fedb24-6334-4703-8ae7-0ef85e4354d9?1790686745752:0
[ 3253650ms] [ERROR] Failed to load resource: the server responded with a status of 424 (Failed Dependency) @ https://jupyter.hpc.hse.ru/hub/user/aoshavrina/api/kernels?1790686748507:0
[ 3258521ms] [ERROR] Failed to load resource: the server responded with a status of 424 (Failed Dependency) @ https://jupyter.hpc.hse.ru/hub/user/aoshavrina/api/contents?content=1&1790686753162:0
[ 3260760ms] [ERROR] Failed to load resource: the server responded with a status of 424 (Failed Dependency) @ https://jupyter.hpc.hse.ru/hub/user/aoshavrina/api/kernels/68fedb24-6334-4703-8ae7-0ef85e4354d9?1790686755627:0
[ 3262319ms] [ERROR] Failed to load resource: the server responded with a status of 424 (Failed Dependency) @ https://jupyter.hpc.hse.ru/hub/user/aoshavrina/api/kernels/eba0e010-f0c7-491a-8b44-427819e4200f?1790686757157:0
[ 3265208ms] [ERROR] Failed to load resource: the server responded with a status of 424 (Failed Dependency) @ https://jupyter.hpc.hse.ru/hub/user/aoshavrina/api/kernels/4e17dc8b-5eba-4990-88c4-2de8b2d67d2b?1790686760061:0
[ 3266118ms] [ERROR] Failed to load resource: the server responded with a status of 424 (Failed Dependency) @ https://jupyter.hpc.hse.ru/hub/user/aoshavrina/api/kernels/4e17dc8b-5eba-4990-88c4-2de8b2d67d2b?1790686760967:0
[ 3268608ms] [ERROR] Failed to load resource: the server responded with a status of 424 (Failed Dependency) @ https://jupyter.hpc.hse.ru/hub/user/aoshavrina/api/contents?content=1&1790686763463:0
[ 3271832ms] [ERROR] Failed to load resource: the server responded with a status of 424 (Failed Dependency) @ https://jupyter.hpc.hse.ru/hub/user/aoshavrina/api/kernels/68fedb24-6334-4703-8ae7-0ef85e4354d9?1790686766706:0
[ 3276975ms] [ERROR] Failed to load resource: the server responded with a status of 424 (Failed Dependency) @ https://jupyter.hpc.hse.ru/hub/user/aoshavrina/api/kernels/68fedb24-6334-4703-8ae7-0ef85e4354d9?1790686771852:0
[ 3278277ms] [ERROR] Failed to load resource: the server responded with a status of 424 (Failed Dependency) @ https://jupyter.hpc.hse.ru/hub/user/aoshavrina/api/kernels/4e17dc8b-5eba-4990-88c4-2de8b2d67d2b?1790686773150:0
[ 3278693ms] [ERROR] Failed to load resource: the server responded with a status of 424 (Failed Dependency) @ https://jupyter.hpc.hse.ru/hub/user/aoshavrina/api/contents?content=1&1790686773554:0
[ 3283386ms] [ERROR] Failed to load resource: the server responded with a status of 424 (Failed Dependency) @ https://jupyter.hpc.hse.ru/hub/user/aoshavrina/api/kernels/eba0e010-f0c7-491a-8b44-427819e4200f?1790686778260:0
[ 3287203ms] [ERROR] Failed to load resource: the server responded with a status of 424 (Failed Dependency) @ https://jupyter.hpc.hse.ru/hub/user/aoshavrina/api/kernels/4e17dc8b-5eba-4990-88c4-2de8b2d67d2b?1790686782059:0
[ 3288785ms] [ERROR] Failed to load resource: the server responded with a status of 424 (Failed Dependency) @ https://jupyter.hpc.hse.ru/hub/user/aoshavrina/api/contents?content=1&1790686783634:0
[ 3298852ms] [ERROR] Failed to load resource: the server responded with a status of 424 (Failed Dependency) @ https://jupyter.hpc.hse.ru/hub/user/aoshavrina/api/contents?content=1&1790686793726:0
[ 3300901ms] [ERROR] Failed to load resource: the server responded with a status of 424 (Failed Dependency) @ https://jupyter.hpc.hse.ru/hub/user/aoshavrina/api/kernels/68fedb24-6334-4703-8ae7-0ef85e4354d9?1790686795775:0
[ 3301038ms] [ERROR] Failed to load resource: the server responded with a status of 424 (Failed Dependency) @ https://jupyter.hpc.hse.ru/hub/user/aoshavrina/api/kernels/68fedb24-6334-4703-8ae7-0ef85e4354d9?1790686795916:0
[ 3302382ms] [ERROR] Failed to load resource: the server responded with a status of 424 (Failed Dependency) @ https://jupyter.hpc.hse.ru/hub/user/aoshavrina/api/kernels/4e17dc8b-5eba-4990-88c4-2de8b2d67d2b?1790686797222:0
[ 3308476ms] [ERROR] Failed to load resource: the server responded with a status of 424 (Failed Dependency) @ https://jupyter.hpc.hse.ru/hub/user/aoshavrina/api/kernels/eba0e010-f0c7-491a-8b44-427819e4200f?1790686803332:0
[ 3308936ms] [ERROR] Failed to load resource: the server responded with a status of 424 (Failed Dependency) @ https://jupyter.hpc.hse.ru/hub/user/aoshavrina/api/contents?content=1&1790686803799:0
[ 3311120ms] [ERROR] Failed to load resource: the server responded with a status of 424 (Failed Dependency) @ https://jupyter.hpc.hse.ru/hub/user/aoshavrina/api/kernels/68fedb24-6334-4703-8ae7-0ef85e4354d9?1790686805991:0
[ 3313453ms] [ERROR] Failed to load resource: the server responded with a status of 424 (Failed Dependency) @ https://jupyter.hpc.hse.ru/hub/user/aoshavrina/api/kernels/4e17dc8b-5eba-4990-88c4-2de8b2d67d2b?1790686808329:0
[ 3316286ms] [ERROR] Failed to load resource: the server responded with a status of 424 (Failed Dependency) @ https://jupyter.hpc.hse.ru/hub/user/aoshavrina/api/kernels/4e17dc8b-5eba-4990-88c4-2de8b2d67d2b?1790686811148:0
[ 3319024ms] [ERROR] Failed to load resource: the server responded with a status of 424 (Failed Dependency) @ https://jupyter.hpc.hse.ru/hub/user/aoshavrina/api/contents?content=1&1790686813887:0
[ 3325999ms] [ERROR] Failed to load resource: the server responded with a status of 424 (Failed Dependency) @ https://jupyter.hpc.hse.ru/hub/user/aoshavrina/api/kernels/68fedb24-6334-4703-8ae7-0ef85e4354d9?1790686820852:0
[ 3327552ms] [ERROR] Failed to load resource: the server responded with a status of 424 (Failed Dependency) @ https://jupyter.hpc.hse.ru/hub/user/aoshavrina/api/kernels/eba0e010-f0c7-491a-8b44-427819e4200f?1790686822422:0
[ 3329101ms] [ERROR] Failed to load resource: the server responded with a status of 424 (Failed Dependency) @ https://jupyter.hpc.hse.ru/hub/user/aoshavrina/api/contents?content=1&1790686823974:0
[ 3337536ms] [ERROR] Failed to load resource: the server responded with a status of 424 (Failed Dependency) @ https://jupyter.hpc.hse.ru/hub/user/aoshavrina/api/kernels/4e17dc8b-5eba-4990-88c4-2de8b2d67d2b?1790686832393:0
[ 3338073ms] [ERROR] Failed to load resource: the server responded with a status of 424 (Failed Dependency) @ https://jupyter.hpc.hse.ru/hub/user/aoshavrina/api/terminals?1790686832933:0
[ 3339362ms] [ERROR] Failed to load resource: the server responded with a status of 424 (Failed Dependency) @ https://jupyter.hpc.hse.ru/hub/user/aoshavrina/api/contents?content=1&1790686834051:0
[ 3339374ms] [ERROR] Failed to load resource: the server responded with a status of 424 (Failed Dependency) @ https://jupyter.hpc.hse.ru/hub/user/aoshavrina/api/kernels/4e17dc8b-5eba-4990-88c4-2de8b2d67d2b?1790686834223:0
[ 3339433ms] [ERROR] Failed to load resource: the server responded with a status of 424 (Failed Dependency) @ https://jupyter.hpc.hse.ru/hub/user/aoshavrina/api/kernels/68fedb24-6334-4703-8ae7-0ef85e4354d9?1790686834067:0
[ 3348137ms] [ERROR] Failed to load resource: the server responded with a status of 424 (Failed Dependency) @ https://jupyter.hpc.hse.ru/hub/user/aoshavrina/api/kernels/68fedb24-6334-4703-8ae7-0ef85e4354d9?1790686842947:0
[ 3348717ms] [ERROR] Failed to load resource: the server responded with a status of 424 (Failed Dependency) @ https://jupyter.hpc.hse.ru/hub/user/aoshavrina/api/kernels/eba0e010-f0c7-491a-8b44-427819e4200f?1790686843497:0
[ 3349515ms] [ERROR] Failed to load resource: the server responded with a status of 424 (Failed Dependency) @ https://jupyter.hpc.hse.ru/hub/user/aoshavrina/api/contents?content=1&1790686844314:0
[ 3356077ms] [ERROR] Failed to load resource: the server responded with a status of 424 (Failed Dependency) @ https://jupyter.hpc.hse.ru/hub/user/aoshavrina/api/kernels?1790686850951:0
[ 3357230ms] [ERROR] Failed to load resource: the server responded with a status of 424 (Failed Dependency) @ https://jupyter.hpc.hse.ru/hub/user/aoshavrina/api/sessions?1790686851994:0
[ 3358583ms] [ERROR] Failed to load resource: the server responded with a status of 424 (Failed Dependency) @ https://jupyter.hpc.hse.ru/hub/user/aoshavrina/api/kernels/68fedb24-6334-4703-8ae7-0ef85e4354d9?1790686853380:0
[ 3358819ms] [ERROR] Failed to load resource: the server responded with a status of 424 (Failed Dependency) @ https://jupyter.hpc.hse.ru/hub/user/aoshavrina/api/kernelspecs?1790686853627:0
[ 3359620ms] [ERROR] Failed to load resource: the server responded with a status of 424 (Failed Dependency) @ https://jupyter.hpc.hse.ru/hub/user/aoshavrina/api/contents?content=1&1790686854465:0
[ 3365823ms] [ERROR] Failed to load resource: the server responded with a status of 424 (Failed Dependency) @ https://jupyter.hpc.hse.ru/hub/user/aoshavrina/api/kernels/eba0e010-f0c7-491a-8b44-427819e4200f?1790686860670:0
[ 3367613ms] [ERROR] Failed to load resource: the server responded with a status of 424 (Failed Dependency) @ https://jupyter.hpc.hse.ru/hub/user/aoshavrina/api/kernels/4e17dc8b-5eba-4990-88c4-2de8b2d67d2b?1790686862479:0
[ 3368447ms] [ERROR] Failed to load resource: the server responded with a status of 424 (Failed Dependency) @ https://jupyter.hpc.hse.ru/hub/user/aoshavrina/api/kernels/4e17dc8b-5eba-4990-88c4-2de8b2d67d2b?1790686863324:0
[ 3369690ms] [ERROR] Failed to load resource: the server responded with a status of 424 (Failed Dependency) @ https://jupyter.hpc.hse.ru/hub/user/aoshavrina/api/contents?content=1&1790686864562:0
[ 3370651ms] [ERROR] Failed to load resource: the server responded with a status of 424 (Failed Dependency) @ https://jupyter.hpc.hse.ru/hub/user/aoshavrina/api/kernels/68fedb24-6334-4703-8ae7-0ef85e4354d9?1790686865532:0
[ 3375218ms] [ERROR] Failed to load resource: the server responded with a status of 424 (Failed Dependency) @ https://jupyter.hpc.hse.ru/hub/user/aoshavrina/api/kernels/68fedb24-6334-4703-8ae7-0ef85e4354d9?1790686870081:0
[ 3377680ms] [ERROR] Failed to load resource: the server responded with a status of 424 (Failed Dependency) @ https://jupyter.hpc.hse.ru/hub/user/aoshavrina/api/kernels/4e17dc8b-5eba-4990-88c4-2de8b2d67d2b?1790686872551:0
[ 3379801ms] [ERROR] Failed to load resource: the server responded with a status of 424 (Failed Dependency) @ https://jupyter.hpc.hse.ru/hub/user/aoshavrina/api/contents?content=1&1790686874641:0
[ 3381904ms] [ERROR] Failed to load resource: the server responded with a status of 424 (Failed Dependency) @ https://jupyter.hpc.hse.ru/hub/user/aoshavrina/api/kernels/eba0e010-f0c7-491a-8b44-427819e4200f?1790686876770:0
[ 3388282ms] [ERROR] Failed to load resource: the server responded with a status of 424 (Failed Dependency) @ https://jupyter.hpc.hse.ru/hub/user/aoshavrina/api/kernels/68fedb24-6334-4703-8ae7-0ef85e4354d9?1790686883157:0
[ 3389871ms] [ERROR] Failed to load resource: the server responded with a status of 424 (Failed Dependency) @ https://jupyter.hpc.hse.ru/hub/user/aoshavrina/api/contents?content=1&1790686884751:0
[ 3391531ms] [ERROR] Failed to load resource: the server responded with a status of 424 (Failed Dependency) @ https://jupyter.hpc.hse.ru/hub/user/aoshavrina/api/kernels/4e17dc8b-5eba-4990-88c4-2de8b2d67d2b?1790686886395:0
[ 3394727ms] [ERROR] Failed to load resource: the server responded with a status of 424 (Failed Dependency) @ https://jupyter.hpc.hse.ru/hub/user/aoshavrina/api/kernels/68fedb24-6334-4703-8ae7-0ef85e4354d9?1790686889602:0
[ 3394747ms] [ERROR] Failed to load resource: the server responded with a status of 424 (Failed Dependency) @ https://jupyter.hpc.hse.ru/hub/user/aoshavrina/api/kernels/4e17dc8b-5eba-4990-88c4-2de8b2d67d2b?1790686889618:0
[ 3399946ms] [ERROR] Failed to load resource: the server responded with a status of 424 (Failed Dependency) @ https://jupyter.hpc.hse.ru/hub/user/aoshavrina/api/contents?content=1&1790686894821:0
[ 3402975ms] [ERROR] Failed to load resource: the server responded with a status of 424 (Failed Dependency) @ https://jupyter.hpc.hse.ru/hub/user/aoshavrina/api/kernels/eba0e010-f0c7-491a-8b44-427819e4200f?1790686897846:0
[ 3404606ms] [ERROR] Failed to load resource: the server responded with a status of 424 (Failed Dependency) @ https://jupyter.hpc.hse.ru/hub/user/aoshavrina/api/kernels/4e17dc8b-5eba-4990-88c4-2de8b2d67d2b?1790686899477:0
[ 3410031ms] [ERROR] Failed to load resource: the server responded with a status of 424 (Failed Dependency) @ https://jupyter.hpc.hse.ru/hub/user/aoshavrina/api/contents?content=1&1790686904883:0
[ 3411796ms] [ERROR] Failed to load resource: the server responded with a status of 424 (Failed Dependency) @ https://jupyter.hpc.hse.ru/hub/user/aoshavrina/api/kernels/68fedb24-6334-4703-8ae7-0ef85e4354d9?1790686906671:0
[ 3418333ms] [ERROR] Failed to load resource: the server responded with a status of 424 (Failed Dependency) @ https://jupyter.hpc.hse.ru/hub/user/aoshavrina/api/kernels/68fedb24-6334-4703-8ae7-0ef85e4354d9?1790686913222:0
[ 3418668ms] [ERROR] Failed to load resource: the server responded with a status of 424 (Failed Dependency) @ https://jupyter.hpc.hse.ru/hub/user/aoshavrina/api/kernels/4e17dc8b-5eba-4990-88c4-2de8b2d67d2b?1790686913552:0
[ 3420093ms] [ERROR] Failed to load resource: the server responded with a status of 424 (Failed Dependency) @ https://jupyter.hpc.hse.ru/hub/user/aoshavrina/api/contents?content=1&1790686914979:0
[ 3420796ms] [ERROR] Failed to load resource: the server responded with a status of 424 (Failed Dependency) @ https://jupyter.hpc.hse.ru/hub/user/aoshavrina/api/kernels/4e17dc8b-5eba-4990-88c4-2de8b2d67d2b?1790686915684:0
[ 3421031ms] [ERROR] Failed to load resource: the server responded with a status of 424 (Failed Dependency) @ https://jupyter.hpc.hse.ru/hub/user/aoshavrina/api/kernels/eba0e010-f0c7-491a-8b44-427819e4200f?1790686915919:0
[ 3430159ms] [ERROR] Failed to load resource: the server responded with a status of 424 (Failed Dependency) @ https://jupyter.hpc.hse.ru/hub/user/aoshavrina/api/contents?content=1&1790686925041:0
[ 3431857ms] [ERROR] Failed to load resource: the server responded with a status of 424 (Failed Dependency) @ https://jupyter.hpc.hse.ru/hub/user/aoshavrina/api/kernels/4e17dc8b-5eba-4990-88c4-2de8b2d67d2b?1790686926737:0
[ 3432859ms] [ERROR] Failed to load resource: the server responded with a status of 424 (Failed Dependency) @ https://jupyter.hpc.hse.ru/hub/user/aoshavrina/api/kernels/68fedb24-6334-4703-8ae7-0ef85e4354d9?1790686927742:0
[ 3436733ms] [ERROR] Failed to load resource: the server responded with a status of 424 (Failed Dependency) @ https://jupyter.hpc.hse.ru/hub/user/aoshavrina/api/kernels/4e17dc8b-5eba-4990-88c4-2de8b2d67d2b?1790686931615:0
[ 3440231ms] [ERROR] Failed to load resource: the server responded with a status of 424 (Failed Dependency) @ https://jupyter.hpc.hse.ru/hub/user/aoshavrina/api/contents?content=1&1790686935108:0
[ 3441094ms] [ERROR] Failed to load resource: the server responded with a status of 424 (Failed Dependency) @ https://jupyter.hpc.hse.ru/hub/user/aoshavrina/api/kernels/eba0e010-f0c7-491a-8b44-427819e4200f?1790686935972:0
[ 3442912ms] [ERROR] Failed to load resource: the server responded with a status of 424 (Failed Dependency) @ https://jupyter.hpc.hse.ru/hub/user/aoshavrina/api/kernels/68fedb24-6334-4703-8ae7-0ef85e4354d9?1790686937796:0
[ 3444404ms] [ERROR] Failed to load resource: the server responded with a status of 424 (Failed Dependency) @ https://jupyter.hpc.hse.ru/hub/user/aoshavrina/api/kernels/68fedb24-6334-4703-8ae7-0ef85e4354d9?1790686939283:0
[ 3449925ms] [ERROR] Failed to load resource: the server responded with a status of 424 (Failed Dependency) @ https://jupyter.hpc.hse.ru/hub/user/aoshavrina/api/kernels/4e17dc8b-5eba-4990-88c4-2de8b2d67d2b?1790686944808:0
[ 3450322ms] [ERROR] Failed to load resource: the server responded with a status of 424 (Failed Dependency) @ https://jupyter.hpc.hse.ru/hub/user/aoshavrina/api/contents?content=1&1790686945183:0
[ 3452192ms] [ERROR] Failed to load resource: the server responded with a status of 424 (Failed Dependency) @ https://jupyter.hpc.hse.ru/hub/user/aoshavrina/api/kernels/eba0e010-f0c7-491a-8b44-427819e4200f?1790686947038:0
[ 3455473ms] [ERROR] Failed to load resource: the server responded with a status of 424 (Failed Dependency) @ https://jupyter.hpc.hse.ru/hub/user/aoshavrina/api/kernels/68fedb24-6334-4703-8ae7-0ef85e4354d9?1790686950343:0
[ 3455982ms] [ERROR] Failed to load resource: the server responded with a status of 424 (Failed Dependency) @ https://jupyter.hpc.hse.ru/hub/user/aoshavrina/api/kernels/68fedb24-6334-4703-8ae7-0ef85e4354d9?1790686950860:0
[ 3460399ms] [ERROR] Failed to load resource: the server responded with a status of 424 (Failed Dependency) @ https://jupyter.hpc.hse.ru/hub/user/aoshavrina/api/contents?content=1&1790686955274:0
[ 3461800ms] [ERROR] Failed to load resource: the server responded with a status of 424 (Failed Dependency) @ https://jupyter.hpc.hse.ru/hub/user/aoshavrina/api/kernels/4e17dc8b-5eba-4990-88c4-2de8b2d67d2b?1790686956677:0
[ 3470482ms] [ERROR] Failed to load resource: the server responded with a status of 424 (Failed Dependency) @ https://jupyter.hpc.hse.ru/hub/user/aoshavrina/api/contents?content=1&1790686965345:0
[ 3472254ms] [ERROR] Failed to load resource: the server responded with a status of 424 (Failed Dependency) @ https://jupyter.hpc.hse.ru/hub/user/aoshavrina/api/kernels/eba0e010-f0c7-491a-8b44-427819e4200f?1790686967131:0
[ 3475544ms] [ERROR] Failed to load resource: the server responded with a status of 424 (Failed Dependency) @ https://jupyter.hpc.hse.ru/hub/user/aoshavrina/api/kernels/68fedb24-6334-4703-8ae7-0ef85e4354d9?1790686970417:0
[ 3477046ms] [ERROR] Failed to load resource: the server responded with a status of 424 (Failed Dependency) @ https://jupyter.hpc.hse.ru/hub/user/aoshavrina/api/kernels/68fedb24-6334-4703-8ae7-0ef85e4354d9?1790686971921:0
[ 3479989ms] [ERROR] Failed to load resource: the server responded with a status of 424 (Failed Dependency) @ https://jupyter.hpc.hse.ru/hub/user/aoshavrina/api/kernels/4e17dc8b-5eba-4990-88c4-2de8b2d67d2b?1790686974869:0
[ 3480549ms] [ERROR] Failed to load resource: the server responded with a status of 424 (Failed Dependency) @ https://jupyter.hpc.hse.ru/hub/user/aoshavrina/api/contents?content=1&1790686975428:0
[ 3482877ms] [ERROR] Failed to load resource: the server responded with a status of 424 (Failed Dependency) @ https://jupyter.hpc.hse.ru/hub/user/aoshavrina/api/kernels/4e17dc8b-5eba-4990-88c4-2de8b2d67d2b?1790686977751:0
[ 3490627ms] [ERROR] Failed to load resource: the server responded with a status of 424 (Failed Dependency) @ https://jupyter.hpc.hse.ru/hub/user/aoshavrina/api/contents?content=1&1790686985503:0
[ 3495620ms] [ERROR] Failed to load resource: the server responded with a status of 424 (Failed Dependency) @ https://jupyter.hpc.hse.ru/hub/user/aoshavrina/api/kernels/68fedb24-6334-4703-8ae7-0ef85e4354d9?1790686990490:0
[ 3500059ms] [ERROR] Failed to load resource: the server responded with a status of 424 (Failed Dependency) @ https://jupyter.hpc.hse.ru/hub/user/aoshavrina/api/kernels/4e17dc8b-5eba-4990-88c4-2de8b2d67d2b?1790686994935:0
[ 3500327ms] [ERROR] Failed to load resource: the server responded with a status of 424 (Failed Dependency) @ https://jupyter.hpc.hse.ru/hub/user/aoshavrina/api/kernels/eba0e010-f0c7-491a-8b44-427819e4200f?1790686995199:0
[ 3500722ms] [ERROR] Failed to load resource: the server responded with a status of 424 (Failed Dependency) @ https://jupyter.hpc.hse.ru/hub/user/aoshavrina/api/contents?content=1&1790686995572:0
[ 3505111ms] [ERROR] Failed to load resource: the server responded with a status of 424 (Failed Dependency) @ https://jupyter.hpc.hse.ru/hub/user/aoshavrina/api/kernels/68fedb24-6334-4703-8ae7-0ef85e4354d9?1790686999989:0
[ 3508956ms] [ERROR] Failed to load resource: the server responded with a status of 424 (Failed Dependency) @ https://jupyter.hpc.hse.ru/hub/user/aoshavrina/api/kernels/4e17dc8b-5eba-4990-88c4-2de8b2d67d2b?1790687003828:0
[ 3510785ms] [ERROR] Failed to load resource: the server responded with a status of 424 (Failed Dependency) @ https://jupyter.hpc.hse.ru/hub/user/aoshavrina/api/contents?content=1&1790687005660:0
[ 3519125ms] [ERROR] Failed to load resource: the server responded with a status of 424 (Failed Dependency) @ https://jupyter.hpc.hse.ru/hub/user/aoshavrina/api/kernels/4e17dc8b-5eba-4990-88c4-2de8b2d67d2b?1790687014003:0
[ 3520848ms] [ERROR] Failed to load resource: the server responded with a status of 424 (Failed Dependency) @ https://jupyter.hpc.hse.ru/hub/user/aoshavrina/api/contents?content=1&1790687015722:0
[ 3522928ms] [ERROR] Failed to load resource: the server responded with a status of 424 (Failed Dependency) @ https://jupyter.hpc.hse.ru/hub/user/aoshavrina/api/kernels/68fedb24-6334-4703-8ae7-0ef85e4354d9?1790687017558:0
[ 3526183ms] [ERROR] Failed to load resource: the server responded with a status of 424 (Failed Dependency) @ https://jupyter.hpc.hse.ru/hub/user/aoshavrina/api/kernels/68fedb24-6334-4703-8ae7-0ef85e4354d9?1790687021056:0
[ 3530391ms] [ERROR] Failed to load resource: the server responded with a status of 424 (Failed Dependency) @ https://jupyter.hpc.hse.ru/hub/user/aoshavrina/api/kernels/eba0e010-f0c7-491a-8b44-427819e4200f?1790687025269:0
[ 3530910ms] [ERROR] Failed to load resource: the server responded with a status of 424 (Failed Dependency) @ https://jupyter.hpc.hse.ru/hub/user/aoshavrina/api/contents?content=1&1790687025787:0
[ 3532029ms] [ERROR] Failed to load resource: the server responded with a status of 424 (Failed Dependency) @ https://jupyter.hpc.hse.ru/hub/user/aoshavrina/api/kernels/4e17dc8b-5eba-4990-88c4-2de8b2d67d2b?1790687026908:0
[ 3537259ms] [ERROR] Failed to load resource: the server responded with a status of 424 (Failed Dependency) @ https://jupyter.hpc.hse.ru/hub/user/aoshavrina/api/kernels/68fedb24-6334-4703-8ae7-0ef85e4354d9?1790687032135:0
[ 3537997ms] [ERROR] Failed to load resource: the server responded with a status of 424 (Failed Dependency) @ https://jupyter.hpc.hse.ru/hub/user/aoshavrina/api/kernels/68fedb24-6334-4703-8ae7-0ef85e4354d9?1790687032879:0
[ 3540184ms] [ERROR] Failed to load resource: the server responded with a status of 424 (Failed Dependency) @ https://jupyter.hpc.hse.ru/hub/user/aoshavrina/api/kernels/4e17dc8b-5eba-4990-88c4-2de8b2d67d2b?1790687035068:0
[ 3540979ms] [ERROR] Failed to load resource: the server responded with a status of 424 (Failed Dependency) @ https://jupyter.hpc.hse.ru/hub/user/aoshavrina/api/contents?content=1&1790687035862:0
[ 3551070ms] [ERROR] Failed to load resource: the server responded with a status of 424 (Failed Dependency) @ https://jupyter.hpc.hse.ru/hub/user/aoshavrina/api/contents?content=1&1790687045928:0
[ 3552118ms] [ERROR] Failed to load resource: the server responded with a status of 424 (Failed Dependency) @ https://jupyter.hpc.hse.ru/hub/user/aoshavrina/api/kernels/4e17dc8b-5eba-4990-88c4-2de8b2d67d2b?1790687046980:0
[ 3552371ms] [ERROR] Failed to load resource: the server responded with a status of 424 (Failed Dependency) @ https://jupyter.hpc.hse.ru/hub/user/aoshavrina/api/kernels/68fedb24-6334-4703-8ae7-0ef85e4354d9?1790687047211:0
[ 3553472ms] [ERROR] Failed to load resource: the server responded with a status of 424 (Failed Dependency) @ https://jupyter.hpc.hse.ru/hub/user/aoshavrina/api/kernels/eba0e010-f0c7-491a-8b44-427819e4200f?1790687048340:0
[ 3556072ms] [ERROR] Failed to load resource: the server responded with a status of 424 (Failed Dependency) @ https://jupyter.hpc.hse.ru/hub/user/aoshavrina/api/kernels/68fedb24-6334-4703-8ae7-0ef85e4354d9?1790687050941:0
[ 3557266ms] [ERROR] Failed to load resource: the server responded with a status of 424 (Failed Dependency) @ https://jupyter.hpc.hse.ru/hub/user/aoshavrina/api/kernels/4e17dc8b-5eba-4990-88c4-2de8b2d67d2b?1790687052138:0
[ 3558315ms] [ERROR] Failed to load resource: the server responded with a status of 424 (Failed Dependency) @ https://jupyter.hpc.hse.ru/hub/user/aoshavrina/api/kernels?1790687053194:0
[ 3561155ms] [ERROR] Failed to load resource: the server responded with a status of 424 (Failed Dependency) @ https://jupyter.hpc.hse.ru/hub/user/aoshavrina/api/contents?content=1&1790687056017:0
[ 3571222ms] [ERROR] Failed to load resource: the server responded with a status of 424 (Failed Dependency) @ https://jupyter.hpc.hse.ru/hub/user/aoshavrina/api/contents?content=1&1790687066098:0
[ 3575187ms] [ERROR] Failed to load resource: the server responded with a status of 424 (Failed Dependency) @ https://jupyter.hpc.hse.ru/hub/user/aoshavrina/api/kernels/4e17dc8b-5eba-4990-88c4-2de8b2d67d2b?1790687070064:0
[ 3580380ms] [ERROR] Failed to load resource: the server responded with a status of 424 (Failed Dependency) @ https://jupyter.hpc.hse.ru/hub/user/aoshavrina/api/sessions?1790687075257:0
[ 3580544ms] [ERROR] Failed to load resource: the server responded with a status of 424 (Failed Dependency) @ https://jupyter.hpc.hse.ru/hub/user/aoshavrina/api/kernels/eba0e010-f0c7-491a-8b44-427819e4200f?1790687075412:0
[ 3581153ms] [ERROR] Failed to load resource: the server responded with a status of 424 (Failed Dependency) @ https://jupyter.hpc.hse.ru/hub/user/aoshavrina/api/kernels/68fedb24-6334-4703-8ae7-0ef85e4354d9?1790687076021:0
[ 3581301ms] [ERROR] Failed to load resource: the server responded with a status of 424 (Failed Dependency) @ https://jupyter.hpc.hse.ru/hub/user/aoshavrina/api/contents?content=1&1790687076161:0
[ 3581448ms] [ERROR] Failed to load resource: the server responded with a status of 424 (Failed Dependency) @ https://jupyter.hpc.hse.ru/hub/user/aoshavrina/api/kernels/68fedb24-6334-4703-8ae7-0ef85e4354d9?1790687076316:0
[ 3583331ms] [ERROR] Failed to load resource: the server responded with a status of 424 (Failed Dependency) @ https://jupyter.hpc.hse.ru/hub/user/aoshavrina/api/kernels/4e17dc8b-5eba-4990-88c4-2de8b2d67d2b?1790687078206:0
[ 3591374ms] [ERROR] Failed to load resource: the server responded with a status of 424 (Failed Dependency) @ https://jupyter.hpc.hse.ru/hub/user/aoshavrina/api/contents?content=1&1790687086240:0
[ 3592517ms] [ERROR] Failed to load resource: the server responded with a status of 424 (Failed Dependency) @ https://jupyter.hpc.hse.ru/hub/user/aoshavrina/api/kernels/68fedb24-6334-4703-8ae7-0ef85e4354d9?1790687087393:0
[ 3599225ms] [ERROR] Failed to load resource: the server responded with a status of 424 (Failed Dependency) @ https://jupyter.hpc.hse.ru/hub/user/aoshavrina/api/kernels/68fedb24-6334-4703-8ae7-0ef85e4354d9?1790687094100:0
[ 3599286ms] [ERROR] Failed to load resource: the server responded with a status of 424 (Failed Dependency) @ https://jupyter.hpc.hse.ru/hub/user/aoshavrina/api/kernels/4e17dc8b-5eba-4990-88c4-2de8b2d67d2b?1790687094125:0
[ 3599621ms] [ERROR] Failed to load resource: the server responded with a status of 424 (Failed Dependency) @ https://jupyter.hpc.hse.ru/hub/user/aoshavrina/api/kernels/eba0e010-f0c7-491a-8b44-427819e4200f?1790687094485:0
[ 3601677ms] [ERROR] Failed to load resource: the server responded with a status of 424 (Failed Dependency) @ https://jupyter.hpc.hse.ru/hub/user/aoshavrina/api/contents?content=1&1790687096310:0
[ 3603413ms] [ERROR] Failed to load resource: the server responded with a status of 424 (Failed Dependency) @ https://jupyter.hpc.hse.ru/hub/user/aoshavrina/api/kernels/4e17dc8b-5eba-4990-88c4-2de8b2d67d2b?1790687098285:0
[ 3606607ms] [ERROR] Failed to load resource: the server responded with a status of 424 (Failed Dependency) @ https://jupyter.hpc.hse.ru/hub/user/aoshavrina/api/kernels/68fedb24-6334-4703-8ae7-0ef85e4354d9?1790687101463:0
[ 3611761ms] [ERROR] Failed to load resource: the server responded with a status of 424 (Failed Dependency) @ https://jupyter.hpc.hse.ru/hub/user/aoshavrina/api/contents?content=1&1790687106617:0
[ 3614475ms] [ERROR] Failed to load resource: the server responded with a status of 424 (Failed Dependency) @ https://jupyter.hpc.hse.ru/hub/user/aoshavrina/api/kernels/4e17dc8b-5eba-4990-88c4-2de8b2d67d2b?1790687109350:0
[ 3621836ms] [ERROR] Failed to load resource: the server responded with a status of 424 (Failed Dependency) @ https://jupyter.hpc.hse.ru/hub/user/aoshavrina/api/contents?content=1&1790687116707:0
[ 3625299ms] [ERROR] Failed to load resource: the server responded with a status of 424 (Failed Dependency) @ https://jupyter.hpc.hse.ru/hub/user/aoshavrina/api/kernels/68fedb24-6334-4703-8ae7-0ef85e4354d9?1790687120180:0
[ 3627693ms] [ERROR] Failed to load resource: the server responded with a status of 424 (Failed Dependency) @ https://jupyter.hpc.hse.ru/hub/user/aoshavrina/api/kernels/eba0e010-f0c7-491a-8b44-427819e4200f?1790687122570:0
[ 3628371ms] [ERROR] Failed to load resource: the server responded with a status of 424 (Failed Dependency) @ https://jupyter.hpc.hse.ru/hub/user/aoshavrina/api/kernels/4e17dc8b-5eba-4990-88c4-2de8b2d67d2b?1790687123240:0
[ 3631913ms] [ERROR] Failed to load resource: the server responded with a status of 424 (Failed Dependency) @ https://jupyter.hpc.hse.ru/hub/user/aoshavrina/api/contents?content=1&1790687126787:0
[ 3635678ms] [ERROR] Failed to load resource: the server responded with a status of 424 (Failed Dependency) @ https://jupyter.hpc.hse.ru/hub/user/aoshavrina/api/kernels/68fedb24-6334-4703-8ae7-0ef85e4354d9?1790687130548:0
[ 3638146ms] [ERROR] Failed to load resource: the server responded with a status of 424 (Failed Dependency) @ https://jupyter.hpc.hse.ru/hub/user/aoshavrina/api/terminals?1790687133026:0
[ 3638359ms] [ERROR] Failed to load resource: the server responded with a status of 424 (Failed Dependency) @ https://jupyter.hpc.hse.ru/hub/user/aoshavrina/api/kernels/68fedb24-6334-4703-8ae7-0ef85e4354d9?1790687133244:0
[ 3638754ms] [ERROR] Failed to load resource: the server responded with a status of 424 (Failed Dependency) @ https://jupyter.hpc.hse.ru/hub/user/aoshavrina/api/kernels/4e17dc8b-5eba-4990-88c4-2de8b2d67d2b?1790687133413:0
[ 3640764ms] [ERROR] Failed to load resource: the server responded with a status of 424 (Failed Dependency) @ https://jupyter.hpc.hse.ru/hub/user/aoshavrina/api/kernels/eba0e010-f0c7-491a-8b44-427819e4200f?1790687135642:0
[ 3641972ms] [ERROR] Failed to load resource: the server responded with a status of 424 (Failed Dependency) @ https://jupyter.hpc.hse.ru/hub/user/aoshavrina/api/contents?content=1&1790687136855:0
[ 3652062ms] [ERROR] Failed to load resource: the server responded with a status of 424 (Failed Dependency) @ https://jupyter.hpc.hse.ru/hub/user/aoshavrina/api/contents?content=1&1790687146923:0
[ 3652438ms] [ERROR] Failed to load resource: the server responded with a status of 424 (Failed Dependency) @ https://jupyter.hpc.hse.ru/hub/user/aoshavrina/api/kernels/4e17dc8b-5eba-4990-88c4-2de8b2d67d2b?1790687147313:0
[ 3656743ms] [ERROR] Failed to load resource: the server responded with a status of 424 (Failed Dependency) @ https://jupyter.hpc.hse.ru/hub/user/aoshavrina/api/kernels/68fedb24-6334-4703-8ae7-0ef85e4354d9?1790687151627:0
[ 3658817ms] [ERROR] Failed to load resource: the server responded with a status of 424 (Failed Dependency) @ https://jupyter.hpc.hse.ru/hub/user/aoshavrina/api/kernels/4e17dc8b-5eba-4990-88c4-2de8b2d67d2b?1790687153703:0
[ 3658891ms] [ERROR] Failed to load resource: the server responded with a status of 424 (Failed Dependency) @ https://jupyter.hpc.hse.ru/hub/user/aoshavrina/api/kernelspecs?1790687153780:0
[ 3662118ms] [ERROR] Failed to load resource: the server responded with a status of 424 (Failed Dependency) @ https://jupyter.hpc.hse.ru/hub/user/aoshavrina/api/contents?content=1&1790687156999:0
[ 3664426ms] [ERROR] Failed to load resource: the server responded with a status of 424 (Failed Dependency) @ https://jupyter.hpc.hse.ru/hub/user/aoshavrina/api/kernels/68fedb24-6334-4703-8ae7-0ef85e4354d9?1790687159310:0
[ 3668824ms] [ERROR] Failed to load resource: the server responded with a status of 424 (Failed Dependency) @ https://jupyter.hpc.hse.ru/hub/user/aoshavrina/api/kernels/eba0e010-f0c7-491a-8b44-427819e4200f?1790687163708:0
[ 3671504ms] [ERROR] Failed to load resource: the server responded with a status of 424 (Failed Dependency) @ https://jupyter.hpc.hse.ru/hub/user/aoshavrina/api/kernels/4e17dc8b-5eba-4990-88c4-2de8b2d67d2b?1790687166378:0
[ 3672186ms] [ERROR] Failed to load resource: the server responded with a status of 424 (Failed Dependency) @ https://jupyter.hpc.hse.ru/hub/user/aoshavrina/api/contents?content=1&1790687167065:0
[ 3678801ms] [ERROR] Failed to load resource: the server responded with a status of 424 (Failed Dependency) @ https://jupyter.hpc.hse.ru/hub/user/aoshavrina/api/kernels/68fedb24-6334-4703-8ae7-0ef85e4354d9?1790687173686:0
[ 3682258ms] [ERROR] Failed to load resource: the server responded with a status of 424 (Failed Dependency) @ https://jupyter.hpc.hse.ru/hub/user/aoshavrina/api/contents?content=1&1790687177137:0
[ 3685884ms] [ERROR] Failed to load resource: the server responded with a status of 424 (Failed Dependency) @ https://jupyter.hpc.hse.ru/hub/user/aoshavrina/api/kernels/4e17dc8b-5eba-4990-88c4-2de8b2d67d2b?1790687180766:0
[ 3688889ms] [ERROR] Failed to load resource: the server responded with a status of 424 (Failed Dependency) @ https://jupyter.hpc.hse.ru/hub/user/aoshavrina/api/kernels/eba0e010-f0c7-491a-8b44-427819e4200f?1790687183766:0
[ 3690496ms] [ERROR] Failed to load resource: the server responded with a status of 424 (Failed Dependency) @ https://jupyter.hpc.hse.ru/hub/user/aoshavrina/api/kernels/68fedb24-6334-4703-8ae7-0ef85e4354d9?1790687185377:0
[ 3692324ms] [ERROR] Failed to load resource: the server responded with a status of 424 (Failed Dependency) @ https://jupyter.hpc.hse.ru/hub/user/aoshavrina/api/contents?content=1&1790687187206:0
[ 3695944ms] [ERROR] Failed to load resource: the server responded with a status of 424 (Failed Dependency) @ https://jupyter.hpc.hse.ru/hub/user/aoshavrina/api/kernels/4e17dc8b-5eba-4990-88c4-2de8b2d67d2b?1790687190831:0
[ 3700859ms] [ERROR] Failed to load resource: the server responded with a status of 424 (Failed Dependency) @ https://jupyter.hpc.hse.ru/hub/user/aoshavrina/api/kernels/68fedb24-6334-4703-8ae7-0ef85e4354d9?1790687195744:0
[ 3701557ms] [ERROR] Failed to load resource: the server responded with a status of 424 (Failed Dependency) @ https://jupyter.hpc.hse.ru/hub/user/aoshavrina/api/kernels/4e17dc8b-5eba-4990-88c4-2de8b2d67d2b?1790687196442:0
[ 3702375ms] [ERROR] Failed to load resource: the server responded with a status of 424 (Failed Dependency) @ https://jupyter.hpc.hse.ru/hub/user/aoshavrina/api/contents?content=1&1790687197262:0
[ 3702953ms] [ERROR] Failed to load resource: the server responded with a status of 424 (Failed Dependency) @ https://jupyter.hpc.hse.ru/hub/user/aoshavrina/api/kernels/eba0e010-f0c7-491a-8b44-427819e4200f?1790687197838:0
[ 3703571ms] [ERROR] Failed to load resource: the server responded with a status of 424 (Failed Dependency) @ https://jupyter.hpc.hse.ru/hub/user/aoshavrina/api/kernels/68fedb24-6334-4703-8ae7-0ef85e4354d9?1790687198441:0
[ 3712449ms] [ERROR] Failed to load resource: the server responded with a status of 424 (Failed Dependency) @ https://jupyter.hpc.hse.ru/hub/user/aoshavrina/api/contents?content=1&1790687207314:0
[ 3718915ms] [ERROR] Failed to load resource: the server responded with a status of 424 (Failed Dependency) @ https://jupyter.hpc.hse.ru/hub/user/aoshavrina/api/kernels/68fedb24-6334-4703-8ae7-0ef85e4354d9?1790687213798:0
[ 3719004ms] [ERROR] Failed to load resource: the server responded with a status of 424 (Failed Dependency) @ https://jupyter.hpc.hse.ru/hub/user/aoshavrina/api/kernels/4e17dc8b-5eba-4990-88c4-2de8b2d67d2b?1790687213891:0
[ 3721619ms] [ERROR] Failed to load resource: the server responded with a status of 424 (Failed Dependency) @ https://jupyter.hpc.hse.ru/hub/user/aoshavrina/api/kernels/4e17dc8b-5eba-4990-88c4-2de8b2d67d2b?1790687216503:0
[ 3722510ms] [ERROR] Failed to load resource: the server responded with a status of 424 (Failed Dependency) @ https://jupyter.hpc.hse.ru/hub/user/aoshavrina/api/contents?content=1&1790687217396:0
[ 3723047ms] [ERROR] Failed to load resource: the server responded with a status of 424 (Failed Dependency) @ https://jupyter.hpc.hse.ru/hub/user/aoshavrina/api/kernels/eba0e010-f0c7-491a-8b44-427819e4200f?1790687217897:0
[ 3732581ms] [ERROR] Failed to load resource: the server responded with a status of 424 (Failed Dependency) @ https://jupyter.hpc.hse.ru/hub/user/aoshavrina/api/contents?content=1&1790687227451:0
[ 3733635ms] [ERROR] Failed to load resource: the server responded with a status of 424 (Failed Dependency) @ https://jupyter.hpc.hse.ru/hub/user/aoshavrina/api/kernels/68fedb24-6334-4703-8ae7-0ef85e4354d9?1790687228513:0
[ 3734113ms] [ERROR] Failed to load resource: the server responded with a status of 424 (Failed Dependency) @ https://jupyter.hpc.hse.ru/hub/user/aoshavrina/api/kernels/eba0e010-f0c7-491a-8b44-427819e4200f?1790687228994:0
[ 3736075ms] [ERROR] Failed to load resource: the server responded with a status of 424 (Failed Dependency) @ https://jupyter.hpc.hse.ru/hub/user/aoshavrina/api/kernels/4e17dc8b-5eba-4990-88c4-2de8b2d67d2b?1790687230958:0
[ 3736677ms] [ERROR] Failed to load resource: the server responded with a status of 424 (Failed Dependency) @ https://jupyter.hpc.hse.ru/hub/user/aoshavrina/api/kernels/4e17dc8b-5eba-4990-88c4-2de8b2d67d2b?1790687231564:0
[ 3742647ms] [ERROR] Failed to load resource: the server responded with a status of 424 (Failed Dependency) @ https://jupyter.hpc.hse.ru/hub/user/aoshavrina/api/contents?content=1&1790687237527:0
[ 3742987ms] [ERROR] Failed to load resource: the server responded with a status of 424 (Failed Dependency) @ https://jupyter.hpc.hse.ru/hub/user/aoshavrina/api/kernels/68fedb24-6334-4703-8ae7-0ef85e4354d9?1790687237868:0
[ 3744184ms] [ERROR] Failed to load resource: the server responded with a status of 424 (Failed Dependency) @ https://jupyter.hpc.hse.ru/hub/user/aoshavrina/api/kernels/eba0e010-f0c7-491a-8b44-427819e4200f?1790687239063:0
[ 3745702ms] [ERROR] Failed to load resource: the server responded with a status of 424 (Failed Dependency) @ https://jupyter.hpc.hse.ru/hub/user/aoshavrina/api/kernels/68fedb24-6334-4703-8ae7-0ef85e4354d9?1790687240581:0
[ 3752702ms] [ERROR] Failed to load resource: the server responded with a status of 424 (Failed Dependency) @ https://jupyter.hpc.hse.ru/hub/user/aoshavrina/api/contents?content=1&1790687247587:0
[ 3753161ms] [ERROR] Failed to load resource: the server responded with a status of 424 (Failed Dependency) @ https://jupyter.hpc.hse.ru/hub/user/aoshavrina/api/kernels/4e17dc8b-5eba-4990-88c4-2de8b2d67d2b?1790687248025:0
[ 3755043ms] [ERROR] Failed to load resource: the server responded with a status of 424 (Failed Dependency) @ https://jupyter.hpc.hse.ru/hub/user/aoshavrina/api/kernels/68fedb24-6334-4703-8ae7-0ef85e4354d9?1790687249927:0
[ 3758736ms] [ERROR] Failed to load resource: the server responded with a status of 424 (Failed Dependency) @ https://jupyter.hpc.hse.ru/hub/user/aoshavrina/api/kernels/4e17dc8b-5eba-4990-88c4-2de8b2d67d2b?1790687253614:0
[ 3762824ms] [ERROR] Failed to load resource: the server responded with a status of 424 (Failed Dependency) @ https://jupyter.hpc.hse.ru/hub/user/aoshavrina/api/contents?content=1&1790687257651:0
[ 3763275ms] [ERROR] Failed to load resource: the server responded with a status of 424 (Failed Dependency) @ https://jupyter.hpc.hse.ru/hub/user/aoshavrina/api/kernels/eba0e010-f0c7-491a-8b44-427819e4200f?1790687258135:0
[ 3772785ms] [ERROR] Failed to load resource: the server responded with a status of 424 (Failed Dependency) @ https://jupyter.hpc.hse.ru/hub/user/aoshavrina/api/kernels/68fedb24-6334-4703-8ae7-0ef85e4354d9?1790687267654:0
[ 3772898ms] [ERROR] Failed to load resource: the server responded with a status of 424 (Failed Dependency) @ https://jupyter.hpc.hse.ru/hub/user/aoshavrina/api/contents?content=1&1790687267778:0
[ 3774109ms] [ERROR] Failed to load resource: the server responded with a status of 424 (Failed Dependency) @ https://jupyter.hpc.hse.ru/hub/user/aoshavrina/api/kernels/68fedb24-6334-4703-8ae7-0ef85e4354d9?1790687268981:0
[ 3782231ms] [ERROR] Failed to load resource: the server responded with a status of 424 (Failed Dependency) @ https://jupyter.hpc.hse.ru/hub/user/aoshavrina/api/kernels/4e17dc8b-5eba-4990-88c4-2de8b2d67d2b?1790687277102:0
[ 3782985ms] [ERROR] Failed to load resource: the server responded with a status of 424 (Failed Dependency) @ https://jupyter.hpc.hse.ru/hub/user/aoshavrina/api/contents?content=1&1790687277855:0
[ 3784803ms] [ERROR] Failed to load resource: the server responded with a status of 424 (Failed Dependency) @ https://jupyter.hpc.hse.ru/hub/user/aoshavrina/api/kernels/4e17dc8b-5eba-4990-88c4-2de8b2d67d2b?1790687279680:0
[ 3790356ms] [ERROR] Failed to load resource: the server responded with a status of 424 (Failed Dependency) @ https://jupyter.hpc.hse.ru/hub/user/aoshavrina/api/kernels/eba0e010-f0c7-491a-8b44-427819e4200f?1790687285230:0
[ 3793062ms] [ERROR] Failed to load resource: the server responded with a status of 424 (Failed Dependency) @ https://jupyter.hpc.hse.ru/hub/user/aoshavrina/api/contents?content=1&1790687287937:0
[ 3798303ms] [ERROR] Failed to load resource: the server responded with a status of 424 (Failed Dependency) @ https://jupyter.hpc.hse.ru/hub/user/aoshavrina/api/kernels/4e17dc8b-5eba-4990-88c4-2de8b2d67d2b?1790687293174:0
[ 3798889ms] [ERROR] Failed to load resource: the server responded with a status of 424 (Failed Dependency) @ https://jupyter.hpc.hse.ru/hub/user/aoshavrina/api/kernels/68fedb24-6334-4703-8ae7-0ef85e4354d9?1790687293733:0
[ 3798921ms] [ERROR] Failed to load resource: the server responded with a status of 424 (Failed Dependency) @ https://jupyter.hpc.hse.ru/hub/user/aoshavrina/api/kernels/4e17dc8b-5eba-4990-88c4-2de8b2d67d2b?1790687293748:0
[ 3803142ms] [ERROR] Failed to load resource: the server responded with a status of 424 (Failed Dependency) @ https://jupyter.hpc.hse.ru/hub/user/aoshavrina/api/contents?content=1&1790687298014:0
[ 3803186ms] [ERROR] Failed to load resource: the server responded with a status of 424 (Failed Dependency) @ https://jupyter.hpc.hse.ru/hub/user/aoshavrina/api/kernels/68fedb24-6334-4703-8ae7-0ef85e4354d9?1790687298062:0
[ 3812956ms] [ERROR] Failed to load resource: the server responded with a status of 424 (Failed Dependency) @ https://jupyter.hpc.hse.ru/hub/user/aoshavrina/api/kernels/68fedb24-6334-4703-8ae7-0ef85e4354d9?1790687307830:0
[ 3812996ms] [ERROR] Failed to load resource: the server responded with a status of 424 (Failed Dependency) @ https://jupyter.hpc.hse.ru/hub/user/aoshavrina/api/kernels/4e17dc8b-5eba-4990-88c4-2de8b2d67d2b?1790687307861:0
[ 3813213ms] [ERROR] Failed to load resource: the server responded with a status of 424 (Failed Dependency) @ https://jupyter.hpc.hse.ru/hub/user/aoshavrina/api/contents?content=1&1790687308093:0
[ 3813378ms] [ERROR] Failed to load resource: the server responded with a status of 424 (Failed Dependency) @ https://jupyter.hpc.hse.ru/hub/user/aoshavrina/api/kernels/4e17dc8b-5eba-4990-88c4-2de8b2d67d2b?1790687308249:0
[ 3819439ms] [ERROR] Failed to load resource: the server responded with a status of 424 (Failed Dependency) @ https://jupyter.hpc.hse.ru/hub/user/aoshavrina/api/kernels/eba0e010-f0c7-491a-8b44-427819e4200f?1790687314309:0
[ 3822285ms] [ERROR] Failed to load resource: the server responded with a status of 424 (Failed Dependency) @ https://jupyter.hpc.hse.ru/hub/user/aoshavrina/api/kernels/68fedb24-6334-4703-8ae7-0ef85e4354d9?1790687317137:0
[ 3823280ms] [ERROR] Failed to load resource: the server responded with a status of 424 (Failed Dependency) @ https://jupyter.hpc.hse.ru/hub/user/aoshavrina/api/contents?content=1&1790687318156:0
[ 3828031ms] [ERROR] Failed to load resource: the server responded with a status of 424 (Failed Dependency) @ https://jupyter.hpc.hse.ru/hub/user/aoshavrina/api/kernels/68fedb24-6334-4703-8ae7-0ef85e4354d9?1790687322906:0
[ 3833346ms] [ERROR] Failed to load resource: the server responded with a status of 424 (Failed Dependency) @ https://jupyter.hpc.hse.ru/hub/user/aoshavrina/api/contents?content=1&1790687328218:0
[ 3838448ms] [ERROR] Failed to load resource: the server responded with a status of 424 (Failed Dependency) @ https://jupyter.hpc.hse.ru/hub/user/aoshavrina/api/kernels/4e17dc8b-5eba-4990-88c4-2de8b2d67d2b?1790687333327:0
[ 3839361ms] [ERROR] Failed to load resource: the server responded with a status of 424 (Failed Dependency) @ https://jupyter.hpc.hse.ru/hub/user/aoshavrina/api/kernels/68fedb24-6334-4703-8ae7-0ef85e4354d9?1790687334236:0
[ 3839514ms] [ERROR] Failed to load resource: the server responded with a status of 424 (Failed Dependency) @ https://jupyter.hpc.hse.ru/hub/user/aoshavrina/api/kernels/eba0e010-f0c7-491a-8b44-427819e4200f?1790687334390:0
[ 3840053ms] [ERROR] Failed to load resource: the server responded with a status of 424 (Failed Dependency) @ https://jupyter.hpc.hse.ru/hub/user/aoshavrina/api/kernels/4e17dc8b-5eba-4990-88c4-2de8b2d67d2b?1790687334934:0
[ 3843418ms] [ERROR] Failed to load resource: the server responded with a status of 424 (Failed Dependency) @ https://jupyter.hpc.hse.ru/hub/user/aoshavrina/api/contents?content=1&1790687338299:0
[ 3851125ms] [ERROR] Failed to load resource: the server responded with a status of 424 (Failed Dependency) @ https://jupyter.hpc.hse.ru/hub/user/aoshavrina/api/kernels/4e17dc8b-5eba-4990-88c4-2de8b2d67d2b?1790687346003:0
[ 3851507ms] [ERROR] Failed to load resource: the server responded with a status of 424 (Failed Dependency) @ https://jupyter.hpc.hse.ru/hub/user/aoshavrina/api/kernels/4e17dc8b-5eba-4990-88c4-2de8b2d67d2b?1790687346390:0
[ 3853485ms] [ERROR] Failed to load resource: the server responded with a status of 424 (Failed Dependency) @ https://jupyter.hpc.hse.ru/hub/user/aoshavrina/api/contents?content=1&1790687348358:0
[ 3853600ms] [ERROR] Failed to load resource: the server responded with a status of 424 (Failed Dependency) @ https://jupyter.hpc.hse.ru/hub/user/aoshavrina/api/kernels/eba0e010-f0c7-491a-8b44-427819e4200f?1790687348467:0
[ 3858104ms] [ERROR] Failed to load resource: the server responded with a status of 424 (Failed Dependency) @ https://jupyter.hpc.hse.ru/hub/user/aoshavrina/api/kernels/68fedb24-6334-4703-8ae7-0ef85e4354d9?1790687352983:0
[ 3858397ms] [ERROR] Failed to load resource: the server responded with a status of 424 (Failed Dependency) @ https://jupyter.hpc.hse.ru/hub/user/aoshavrina/api/kernels?1790687353278:0
[ 3861422ms] [ERROR] Failed to load resource: the server responded with a status of 424 (Failed Dependency) @ https://jupyter.hpc.hse.ru/hub/user/aoshavrina/api/kernels/68fedb24-6334-4703-8ae7-0ef85e4354d9?1790687356305:0
[ 3863554ms] [ERROR] Failed to load resource: the server responded with a status of 424 (Failed Dependency) @ https://jupyter.hpc.hse.ru/hub/user/aoshavrina/api/contents?content=1&1790687358428:0
[ 3873623ms] [ERROR] Failed to load resource: the server responded with a status of 424 (Failed Dependency) @ https://jupyter.hpc.hse.ru/hub/user/aoshavrina/api/contents?content=1&1790687368496:0
[ 3877204ms] [ERROR] Failed to load resource: the server responded with a status of 424 (Failed Dependency) @ https://jupyter.hpc.hse.ru/hub/user/aoshavrina/api/kernels/4e17dc8b-5eba-4990-88c4-2de8b2d67d2b?1790687372074:0
[ 3879676ms] [ERROR] Failed to load resource: the server responded with a status of 424 (Failed Dependency) @ https://jupyter.hpc.hse.ru/hub/user/aoshavrina/api/kernels/eba0e010-f0c7-491a-8b44-427819e4200f?1790687374552:0
[ 3880470ms] [ERROR] Failed to load resource: the server responded with a status of 424 (Failed Dependency) @ https://jupyter.hpc.hse.ru/hub/user/aoshavrina/api/sessions?1790687375344:0
[ 3880571ms] [ERROR] Failed to load resource: the server responded with a status of 424 (Failed Dependency) @ https://jupyter.hpc.hse.ru/hub/user/aoshavrina/api/kernels/4e17dc8b-5eba-4990-88c4-2de8b2d67d2b?1790687375451:0
[ 3883500ms] [ERROR] Failed to load resource: the server responded with a status of 424 (Failed Dependency) @ https://jupyter.hpc.hse.ru/hub/user/aoshavrina/api/kernels/68fedb24-6334-4703-8ae7-0ef85e4354d9?1790687378373:0
[ 3883708ms] [ERROR] Failed to load resource: the server responded with a status of 424 (Failed Dependency) @ https://jupyter.hpc.hse.ru/hub/user/aoshavrina/api/contents?content=1&1790687378574:0
[ 3887204ms] [ERROR] Failed to load resource: the server responded with a status of 424 (Failed Dependency) @ https://jupyter.hpc.hse.ru/hub/user/aoshavrina/api/kernels/68fedb24-6334-4703-8ae7-0ef85e4354d9?1790687382055:0
[ 3891276ms] [ERROR] Failed to load resource: the server responded with a status of 424 (Failed Dependency) @ https://jupyter.hpc.hse.ru/hub/user/aoshavrina/api/kernels/4e17dc8b-5eba-4990-88c4-2de8b2d67d2b?1790687386150:0
[ 3892652ms] [ERROR] Failed to load resource: the server responded with a status of 424 (Failed Dependency) @ https://jupyter.hpc.hse.ru/hub/user/aoshavrina/api/kernels/4e17dc8b-5eba-4990-88c4-2de8b2d67d2b?1790687387514:0
[ 3893788ms] [ERROR] Failed to load resource: the server responded with a status of 424 (Failed Dependency) @ https://jupyter.hpc.hse.ru/hub/user/aoshavrina/api/contents?content=1&1790687388653:0
[ 3894584ms] [ERROR] Failed to load resource: the server responded with a status of 424 (Failed Dependency) @ https://jupyter.hpc.hse.ru/hub/user/aoshavrina/api/kernels/68fedb24-6334-4703-8ae7-0ef85e4354d9?1790687389451:0
[ 3894741ms] [ERROR] Failed to load resource: the server responded with a status of 424 (Failed Dependency) @ https://jupyter.hpc.hse.ru/hub/user/aoshavrina/api/kernels/eba0e010-f0c7-491a-8b44-427819e4200f?1790687389622:0
[ 3903873ms] [ERROR] Failed to load resource: the server responded with a status of 424 (Failed Dependency) @ https://jupyter.hpc.hse.ru/hub/user/aoshavrina/api/contents?content=1&1790687398740:0
[ 3913947ms] [ERROR] Failed to load resource: the server responded with a status of 424 (Failed Dependency) @ https://jupyter.hpc.hse.ru/hub/user/aoshavrina/api/contents?content=1&1790687408824:0
[ 3916282ms] [ERROR] Failed to load resource: the server responded with a status of 424 (Failed Dependency) @ https://jupyter.hpc.hse.ru/hub/user/aoshavrina/api/kernels/68fedb24-6334-4703-8ae7-0ef85e4354d9?1790687411153:0
[ 3919725ms] [ERROR] Failed to load resource: the server responded with a status of 424 (Failed Dependency) @ https://jupyter.hpc.hse.ru/hub/user/aoshavrina/api/kernels/4e17dc8b-5eba-4990-88c4-2de8b2d67d2b?1790687414601:0
[ 3921351ms] [ERROR] Failed to load resource: the server responded with a status of 424 (Failed Dependency) @ https://jupyter.hpc.hse.ru/hub/user/aoshavrina/api/kernels/4e17dc8b-5eba-4990-88c4-2de8b2d67d2b?1790687416227:0
[ 3921799ms] [ERROR] Failed to load resource: the server responded with a status of 424 (Failed Dependency) @ https://jupyter.hpc.hse.ru/hub/user/aoshavrina/api/kernels/eba0e010-f0c7-491a-8b44-427819e4200f?1790687416682:0
[ 3923651ms] [ERROR] Failed to load resource: the server responded with a status of 424 (Failed Dependency) @ https://jupyter.hpc.hse.ru/hub/user/aoshavrina/api/kernels/68fedb24-6334-4703-8ae7-0ef85e4354d9?1790687418530:0
[ 3924022ms] [ERROR] Failed to load resource: the server responded with a status of 424 (Failed Dependency) @ https://jupyter.hpc.hse.ru/hub/user/aoshavrina/api/contents?content=1&1790687418886:0
[ 3934088ms] [ERROR] Failed to load resource: the server responded with a status of 424 (Failed Dependency) @ https://jupyter.hpc.hse.ru/hub/user/aoshavrina/api/contents?content=1&1790687428969:0
[ 3934862ms] [ERROR] Failed to load resource: the server responded with a status of 424 (Failed Dependency) @ https://jupyter.hpc.hse.ru/hub/user/aoshavrina/api/kernels/eba0e010-f0c7-491a-8b44-427819e4200f?1790687429743:0
[ 3938221ms] [ERROR] Failed to load resource: the server responded with a status of 424 (Failed Dependency) @ https://jupyter.hpc.hse.ru/hub/user/aoshavrina/api/terminals?1790687433104:0
[ 3939351ms] [ERROR] Failed to load resource: the server responded with a status of 424 (Failed Dependency) @ https://jupyter.hpc.hse.ru/hub/user/aoshavrina/api/kernels/68fedb24-6334-4703-8ae7-0ef85e4354d9?1790687434234:0
[ 3940405ms] [ERROR] Failed to load resource: the server responded with a status of 424 (Failed Dependency) @ https://jupyter.hpc.hse.ru/hub/user/aoshavrina/api/kernels/4e17dc8b-5eba-4990-88c4-2de8b2d67d2b?1790687435290:0
[ 3943712ms] [ERROR] Failed to load resource: the server responded with a status of 424 (Failed Dependency) @ https://jupyter.hpc.hse.ru/hub/user/aoshavrina/api/kernels/68fedb24-6334-4703-8ae7-0ef85e4354d9?1790687438596:0
[ 3944150ms] [ERROR] Failed to load resource: the server responded with a status of 424 (Failed Dependency) @ https://jupyter.hpc.hse.ru/hub/user/aoshavrina/api/contents?content=1&1790687439032:0
[ 3945785ms] [ERROR] Failed to load resource: the server responded with a status of 424 (Failed Dependency) @ https://jupyter.hpc.hse.ru/hub/user/aoshavrina/api/kernels/4e17dc8b-5eba-4990-88c4-2de8b2d67d2b?1790687440667:0
[ 3954239ms] [ERROR] Failed to load resource: the server responded with a status of 424 (Failed Dependency) @ https://jupyter.hpc.hse.ru/hub/user/aoshavrina/api/contents?content=1&1790687449087:0
[ 3955781ms] [ERROR] Failed to load resource: the server responded with a status of 424 (Failed Dependency) @ https://jupyter.hpc.hse.ru/hub/user/aoshavrina/api/kernels/68fedb24-6334-4703-8ae7-0ef85e4354d9?1790687450661:0
[ 3956931ms] [ERROR] Failed to load resource: the server responded with a status of 424 (Failed Dependency) @ https://jupyter.hpc.hse.ru/hub/user/aoshavrina/api/kernels/eba0e010-f0c7-491a-8b44-427819e4200f?1790687451810:0
[ 3958969ms] [ERROR] Failed to load resource: the server responded with a status of 424 (Failed Dependency) @ https://jupyter.hpc.hse.ru/hub/user/aoshavrina/api/kernelspecs?1790687453854:0
[ 3964305ms] [ERROR] Failed to load resource: the server responded with a status of 424 (Failed Dependency) @ https://jupyter.hpc.hse.ru/hub/user/aoshavrina/api/contents?content=1&1790687459185:0
[ 3965415ms] [ERROR] Failed to load resource: the server responded with a status of 424 (Failed Dependency) @ https://jupyter.hpc.hse.ru/hub/user/aoshavrina/api/kernels/68fedb24-6334-4703-8ae7-0ef85e4354d9?1790687460298:0
[ 3966852ms] [ERROR] Failed to load resource: the server responded with a status of 424 (Failed Dependency) @ https://jupyter.hpc.hse.ru/hub/user/aoshavrina/api/kernels/68fedb24-6334-4703-8ae7-0ef85e4354d9?1790687461734:0
[ 3968852ms] [ERROR] Failed to load resource: the server responded with a status of 424 (Failed Dependency) @ https://jupyter.hpc.hse.ru/hub/user/aoshavrina/api/kernels/4e17dc8b-5eba-4990-88c4-2de8b2d67d2b?1790687463728:0
[ 3970472ms] [ERROR] Failed to load resource: the server responded with a status of 424 (Failed Dependency) @ https://jupyter.hpc.hse.ru/hub/user/aoshavrina/api/kernels/4e17dc8b-5eba-4990-88c4-2de8b2d67d2b?1790687465355:0
[ 3974361ms] [ERROR] Failed to load resource: the server responded with a status of 424 (Failed Dependency) @ https://jupyter.hpc.hse.ru/hub/user/aoshavrina/api/contents?content=1&1790687469245:0
[ 3982915ms] [ERROR] Failed to load resource: the server responded with a status of 424 (Failed Dependency) @ https://jupyter.hpc.hse.ru/hub/user/aoshavrina/api/kernels/68fedb24-6334-4703-8ae7-0ef85e4354d9?1790687477799:0
[ 3983915ms] [ERROR] Failed to load resource: the server responded with a status of 424 (Failed Dependency) @ https://jupyter.hpc.hse.ru/hub/user/aoshavrina/api/kernels/4e17dc8b-5eba-4990-88c4-2de8b2d67d2b?1790687478798:0
[ 3983994ms] [ERROR] Failed to load resource: the server responded with a status of 424 (Failed Dependency) @ https://jupyter.hpc.hse.ru/hub/user/aoshavrina/api/kernels/eba0e010-f0c7-491a-8b44-427819e4200f?1790687478876:0
[ 3984421ms] [ERROR] Failed to load resource: the server responded with a status of 424 (Failed Dependency) @ https://jupyter.hpc.hse.ru/hub/user/aoshavrina/api/contents?content=1&1790687479301:0
[ 3989533ms] [ERROR] Failed to load resource: the server responded with a status of 424 (Failed Dependency) @ https://jupyter.hpc.hse.ru/hub/user/aoshavrina/api/kernels/4e17dc8b-5eba-4990-88c4-2de8b2d67d2b?1790687484411:0
[ 3993474ms] [ERROR] Failed to load resource: the server responded with a status of 424 (Failed Dependency) @ https://jupyter.hpc.hse.ru/hub/user/aoshavrina/api/kernels/68fedb24-6334-4703-8ae7-0ef85e4354d9?1790687488361:0
[ 3994478ms] [ERROR] Failed to load resource: the server responded with a status of 424 (Failed Dependency) @ https://jupyter.hpc.hse.ru/hub/user/aoshavrina/api/contents?content=1&1790687489361:0
[ 3998051ms] [ERROR] Failed to load resource: the server responded with a status of 424 (Failed Dependency) @ https://jupyter.hpc.hse.ru/hub/user/aoshavrina/api/kernels/eba0e010-f0c7-491a-8b44-427819e4200f?1790687492936:0
[ 3999969ms] [ERROR] Failed to load resource: the server responded with a status of 424 (Failed Dependency) @ https://jupyter.hpc.hse.ru/hub/user/aoshavrina/api/kernels/68fedb24-6334-4703-8ae7-0ef85e4354d9?1790687494852:0
[ 4004562ms] [ERROR] Failed to load resource: the server responded with a status of 424 (Failed Dependency) @ https://jupyter.hpc.hse.ru/hub/user/aoshavrina/api/kernels/68fedb24-6334-4703-8ae7-0ef85e4354d9?1790687499416:0
[ 4004587ms] [ERROR] Failed to load resource: the server responded with a status of 424 (Failed Dependency) @ https://jupyter.hpc.hse.ru/hub/user/aoshavrina/api/contents?content=1&1790687499417:0
[ 4006975ms] [ERROR] Failed to load resource: the server responded with a status of 424 (Failed Dependency) @ https://jupyter.hpc.hse.ru/hub/user/aoshavrina/api/kernels/4e17dc8b-5eba-4990-88c4-2de8b2d67d2b?1790687501854:0
[ 4007596ms] [ERROR] Failed to load resource: the server responded with a status of 424 (Failed Dependency) @ https://jupyter.hpc.hse.ru/hub/user/aoshavrina/api/kernels/4e17dc8b-5eba-4990-88c4-2de8b2d67d2b?1790687502475:0
[ 4012120ms] [ERROR] Failed to load resource: the server responded with a status of 424 (Failed Dependency) @ https://jupyter.hpc.hse.ru/hub/user/aoshavrina/api/kernels/eba0e010-f0c7-491a-8b44-427819e4200f?1790687507001:0
[ 4014656ms] [ERROR] Failed to load resource: the server responded with a status of 424 (Failed Dependency) @ https://jupyter.hpc.hse.ru/hub/user/aoshavrina/api/contents?content=1&1790687509536:0
[ 4020036ms] [ERROR] Failed to load resource: the server responded with a status of 424 (Failed Dependency) @ https://jupyter.hpc.hse.ru/hub/user/aoshavrina/api/kernels/68fedb24-6334-4703-8ae7-0ef85e4354d9?1790687514916:0
[ 4020633ms] [ERROR] Failed to load resource: the server responded with a status of 424 (Failed Dependency) @ https://jupyter.hpc.hse.ru/hub/user/aoshavrina/api/kernels/68fedb24-6334-4703-8ae7-0ef85e4354d9?1790687515510:0
[ 4024717ms] [ERROR] Failed to load resource: the server responded with a status of 424 (Failed Dependency) @ https://jupyter.hpc.hse.ru/hub/user/aoshavrina/api/contents?content=1&1790687519598:0
[ 4028049ms] [ERROR] Failed to load resource: the server responded with a status of 424 (Failed Dependency) @ https://jupyter.hpc.hse.ru/hub/user/aoshavrina/api/kernels/4e17dc8b-5eba-4990-88c4-2de8b2d67d2b?1790687522929:0
[ 4034784ms] [ERROR] Failed to load resource: the server responded with a status of 424 (Failed Dependency) @ https://jupyter.hpc.hse.ru/hub/user/aoshavrina/api/contents?content=1&1790687529666:0
[ 4035656ms] [ERROR] Failed to load resource: the server responded with a status of 424 (Failed Dependency) @ https://jupyter.hpc.hse.ru/hub/user/aoshavrina/api/kernels/4e17dc8b-5eba-4990-88c4-2de8b2d67d2b?1790687530539:0
[ 4036706ms] [ERROR] Failed to load resource: the server responded with a status of 424 (Failed Dependency) @ https://jupyter.hpc.hse.ru/hub/user/aoshavrina/api/kernels/68fedb24-6334-4703-8ae7-0ef85e4354d9?1790687531585:0
[ 4039105ms] [ERROR] Failed to load resource: the server responded with a status of 424 (Failed Dependency) @ https://jupyter.hpc.hse.ru/hub/user/aoshavrina/api/kernels/68fedb24-6334-4703-8ae7-0ef85e4354d9?1790687533988:0
[ 4041182ms] [ERROR] Failed to load resource: the server responded with a status of 424 (Failed Dependency) @ https://jupyter.hpc.hse.ru/hub/user/aoshavrina/api/kernels/eba0e010-f0c7-491a-8b44-427819e4200f?1790687536067:0
[ 4044842ms] [ERROR] Failed to load resource: the server responded with a status of 424 (Failed Dependency) @ https://jupyter.hpc.hse.ru/hub/user/aoshavrina/api/contents?content=1&1790687539721:0
[ 4049182ms] [ERROR] Failed to load resource: the server responded with a status of 424 (Failed Dependency) @ https://jupyter.hpc.hse.ru/hub/user/aoshavrina/api/kernels/68fedb24-6334-4703-8ae7-0ef85e4354d9?1790687544055:0
[ 4052103ms] [ERROR] Failed to load resource: the server responded with a status of 424 (Failed Dependency) @ https://jupyter.hpc.hse.ru/hub/user/aoshavrina/api/kernels/4e17dc8b-5eba-4990-88c4-2de8b2d67d2b?1790687546987:0
[ 4054915ms] [ERROR] Failed to load resource: the server responded with a status of 424 (Failed Dependency) @ https://jupyter.hpc.hse.ru/hub/user/aoshavrina/api/contents?content=1&1790687549793:0
[ 4055718ms] [ERROR] Failed to load resource: the server responded with a status of 424 (Failed Dependency) @ https://jupyter.hpc.hse.ru/hub/user/aoshavrina/api/kernels/4e17dc8b-5eba-4990-88c4-2de8b2d67d2b?1790687550602:0
[ 4058785ms] [ERROR] Failed to load resource: the server responded with a status of 424 (Failed Dependency) @ https://jupyter.hpc.hse.ru/hub/user/aoshavrina/api/kernels/68fedb24-6334-4703-8ae7-0ef85e4354d9?1790687553652:0
[ 4062242ms] [ERROR] Failed to load resource: the server responded with a status of 424 (Failed Dependency) @ https://jupyter.hpc.hse.ru/hub/user/aoshavrina/api/kernels/68fedb24-6334-4703-8ae7-0ef85e4354d9?1790687557126:0
[ 4064982ms] [ERROR] Failed to load resource: the server responded with a status of 424 (Failed Dependency) @ https://jupyter.hpc.hse.ru/hub/user/aoshavrina/api/contents?content=1&1790687559863:0
[ 4065240ms] [ERROR] Failed to load resource: the server responded with a status of 424 (Failed Dependency) @ https://jupyter.hpc.hse.ru/hub/user/aoshavrina/api/kernels/eba0e010-f0c7-491a-8b44-427819e4200f?1790687560128:0
[ 4075051ms] [ERROR] Failed to load resource: the server responded with a status of 424 (Failed Dependency) @ https://jupyter.hpc.hse.ru/hub/user/aoshavrina/api/contents?content=1&1790687569929:0
[ 4079177ms] [ERROR] Failed to load resource: the server responded with a status of 424 (Failed Dependency) @ https://jupyter.hpc.hse.ru/hub/user/aoshavrina/api/kernels/4e17dc8b-5eba-4990-88c4-2de8b2d67d2b?1790687574052:0
[ 4079782ms] [ERROR] Failed to load resource: the server responded with a status of 424 (Failed Dependency) @ https://jupyter.hpc.hse.ru/hub/user/aoshavrina/api/kernels/4e17dc8b-5eba-4990-88c4-2de8b2d67d2b?1790687574663:0
[ 4083300ms] [ERROR] Failed to load resource: the server responded with a status of 424 (Failed Dependency) @ https://jupyter.hpc.hse.ru/hub/user/aoshavrina/api/kernels/68fedb24-6334-4703-8ae7-0ef85e4354d9?1790687578179:0
[ 4085119ms] [ERROR] Failed to load resource: the server responded with a status of 424 (Failed Dependency) @ https://jupyter.hpc.hse.ru/hub/user/aoshavrina/api/contents?content=1&1790687579999:0
[ 4085859ms] [ERROR] Failed to load resource: the server responded with a status of 424 (Failed Dependency) @ https://jupyter.hpc.hse.ru/hub/user/aoshavrina/api/kernels/68fedb24-6334-4703-8ae7-0ef85e4354d9?1790687580739:0
[ 4087309ms] [ERROR] Failed to load resource: the server responded with a status of 424 (Failed Dependency) @ https://jupyter.hpc.hse.ru/hub/user/aoshavrina/api/kernels/eba0e010-f0c7-491a-8b44-427819e4200f?1790687582182:0
[ 4091236ms] [ERROR] Failed to load resource: the server responded with a status of 424 (Failed Dependency) @ https://jupyter.hpc.hse.ru/hub/user/aoshavrina/api/kernels/4e17dc8b-5eba-4990-88c4-2de8b2d67d2b?1790687586120:0
[ 4095191ms] [ERROR] Failed to load resource: the server responded with a status of 424 (Failed Dependency) @ https://jupyter.hpc.hse.ru/hub/user/aoshavrina/api/contents?content=1&1790687590071:0
[ 4097847ms] [ERROR] Failed to load resource: the server responded with a status of 424 (Failed Dependency) @ https://jupyter.hpc.hse.ru/hub/user/aoshavrina/api/kernels/4e17dc8b-5eba-4990-88c4-2de8b2d67d2b?1790687592722:0
[ 4100935ms] [ERROR] Failed to load resource: the server responded with a status of 424 (Failed Dependency) @ https://jupyter.hpc.hse.ru/hub/user/aoshavrina/api/kernels/68fedb24-6334-4703-8ae7-0ef85e4354d9?1790687595808:0
[ 4101386ms] [ERROR] Failed to load resource: the server responded with a status of 424 (Failed Dependency) @ https://jupyter.hpc.hse.ru/hub/user/aoshavrina/api/kernels/68fedb24-6334-4703-8ae7-0ef85e4354d9?1790687596248:0
[ 4105269ms] [ERROR] Failed to load resource: the server responded with a status of 424 (Failed Dependency) @ https://jupyter.hpc.hse.ru/hub/user/aoshavrina/api/contents?content=1&1790687600140:0
[ 4105321ms] [ERROR] Failed to load resource: the server responded with a status of 424 (Failed Dependency) @ https://jupyter.hpc.hse.ru/hub/user/aoshavrina/api/kernels/4e17dc8b-5eba-4990-88c4-2de8b2d67d2b?1790687600186:0
[ 4110996ms] [ERROR] Failed to load resource: the server responded with a status of 424 (Failed Dependency) @ https://jupyter.hpc.hse.ru/hub/user/aoshavrina/api/kernels/68fedb24-6334-4703-8ae7-0ef85e4354d9?1790687605875:0
[ 4113371ms] [ERROR] Failed to load resource: the server responded with a status of 424 (Failed Dependency) @ https://jupyter.hpc.hse.ru/hub/user/aoshavrina/api/kernels/eba0e010-f0c7-491a-8b44-427819e4200f?1790687608246:0
[ 4115335ms] [ERROR] Failed to load resource: the server responded with a status of 424 (Failed Dependency) @ https://jupyter.hpc.hse.ru/hub/user/aoshavrina/api/contents?content=1&1790687610216:0
[ 4117916ms] [ERROR] Failed to load resource: the server responded with a status of 424 (Failed Dependency) @ https://jupyter.hpc.hse.ru/hub/user/aoshavrina/api/kernels/4e17dc8b-5eba-4990-88c4-2de8b2d67d2b?1790687612798:0
[ 4124389ms] [ERROR] Failed to load resource: the server responded with a status of 424 (Failed Dependency) @ https://jupyter.hpc.hse.ru/hub/user/aoshavrina/api/kernels/4e17dc8b-5eba-4990-88c4-2de8b2d67d2b?1790687619272:0
[ 4125398ms] [ERROR] Failed to load resource: the server responded with a status of 424 (Failed Dependency) @ https://jupyter.hpc.hse.ru/hub/user/aoshavrina/api/contents?content=1&1790687620277:0
[ 4127064ms] [ERROR] Failed to load resource: the server responded with a status of 424 (Failed Dependency) @ https://jupyter.hpc.hse.ru/hub/user/aoshavrina/api/kernels/68fedb24-6334-4703-8ae7-0ef85e4354d9?1790687621942:0
[ 4127445ms] [ERROR] Failed to load resource: the server responded with a status of 424 (Failed Dependency) @ https://jupyter.hpc.hse.ru/hub/user/aoshavrina/api/kernels/68fedb24-6334-4703-8ae7-0ef85e4354d9?1790687622330:0
[ 4134457ms] [ERROR] Failed to load resource: the server responded with a status of 424 (Failed Dependency) @ https://jupyter.hpc.hse.ru/hub/user/aoshavrina/api/kernels/4e17dc8b-5eba-4990-88c4-2de8b2d67d2b?1790687629333:0
[ 4135441ms] [ERROR] Failed to load resource: the server responded with a status of 424 (Failed Dependency) @ https://jupyter.hpc.hse.ru/hub/user/aoshavrina/api/kernels/eba0e010-f0c7-491a-8b44-427819e4200f?1790687630322:0
[ 4135450ms] [ERROR] Failed to load resource: the server responded with a status of 424 (Failed Dependency) @ https://jupyter.hpc.hse.ru/hub/user/aoshavrina/api/contents?content=1&1790687630337:0
[ 4144978ms] [ERROR] Failed to load resource: the server responded with a status of 424 (Failed Dependency) @ https://jupyter.hpc.hse.ru/hub/user/aoshavrina/api/kernels/4e17dc8b-5eba-4990-88c4-2de8b2d67d2b?1790687639858:0
[ 4145511ms] [ERROR] Failed to load resource: the server responded with a status of 424 (Failed Dependency) @ https://jupyter.hpc.hse.ru/hub/user/aoshavrina/api/contents?content=1&1790687640391:0
[ 4148515ms] [ERROR] Failed to load resource: the server responded with a status of 424 (Failed Dependency) @ https://jupyter.hpc.hse.ru/hub/user/aoshavrina/api/kernels/68fedb24-6334-4703-8ae7-0ef85e4354d9?1790687643387:0
[ 4154523ms] [ERROR] Failed to load resource: the server responded with a status of 424 (Failed Dependency) @ https://jupyter.hpc.hse.ru/hub/user/aoshavrina/api/kernels/4e17dc8b-5eba-4990-88c4-2de8b2d67d2b?1790687649404:0
[ 4155133ms] [ERROR] Failed to load resource: the server responded with a status of 424 (Failed Dependency) @ https://jupyter.hpc.hse.ru/hub/user/aoshavrina/api/kernels/68fedb24-6334-4703-8ae7-0ef85e4354d9?1790687650014:0
[ 4155566ms] [ERROR] Failed to load resource: the server responded with a status of 424 (Failed Dependency) @ https://jupyter.hpc.hse.ru/hub/user/aoshavrina/api/contents?content=1&1790687650453:0
[ 4158474ms] [ERROR] Failed to load resource: the server responded with a status of 424 (Failed Dependency) @ https://jupyter.hpc.hse.ru/hub/user/aoshavrina/api/kernels?1790687653351:0
[ 4159501ms] [ERROR] Failed to load resource: the server responded with a status of 424 (Failed Dependency) @ https://jupyter.hpc.hse.ru/hub/user/aoshavrina/api/kernels/eba0e010-f0c7-491a-8b44-427819e4200f?1790687654382:0
[ 4161584ms] [ERROR] Failed to load resource: the server responded with a status of 424 (Failed Dependency) @ https://jupyter.hpc.hse.ru/hub/user/aoshavrina/api/kernels/68fedb24-6334-4703-8ae7-0ef85e4354d9?1790687656465:0
[ 4165636ms] [ERROR] Failed to load resource: the server responded with a status of 424 (Failed Dependency) @ https://jupyter.hpc.hse.ru/hub/user/aoshavrina/api/contents?content=1&1790687660515:0
[ 4169594ms] [ERROR] Failed to load resource: the server responded with a status of 424 (Failed Dependency) @ https://jupyter.hpc.hse.ru/hub/user/aoshavrina/api/kernels/4e17dc8b-5eba-4990-88c4-2de8b2d67d2b?1790687664472:0
[ 4171199ms] [ERROR] Failed to load resource: the server responded with a status of 424 (Failed Dependency) @ https://jupyter.hpc.hse.ru/hub/user/aoshavrina/api/kernels/68fedb24-6334-4703-8ae7-0ef85e4354d9?1790687666079:0
[ 4174040ms] [ERROR] Failed to load resource: the server responded with a status of 424 (Failed Dependency) @ https://jupyter.hpc.hse.ru/hub/user/aoshavrina/api/kernels/4e17dc8b-5eba-4990-88c4-2de8b2d67d2b?1790687668921:0
[ 4175699ms] [ERROR] Failed to load resource: the server responded with a status of 424 (Failed Dependency) @ https://jupyter.hpc.hse.ru/hub/user/aoshavrina/api/contents?content=1&1790687670577:0
[ 4179650ms] [ERROR] Failed to load resource: the server responded with a status of 424 (Failed Dependency) @ https://jupyter.hpc.hse.ru/hub/user/aoshavrina/api/kernels/4e17dc8b-5eba-4990-88c4-2de8b2d67d2b?1790687674533:0
[ 4179656ms] [ERROR] Failed to load resource: the server responded with a status of 424 (Failed Dependency) @ https://jupyter.hpc.hse.ru/hub/user/aoshavrina/api/kernels/68fedb24-6334-4703-8ae7-0ef85e4354d9?1790687674532:0
[ 4180542ms] [ERROR] Failed to load resource: the server responded with a status of 424 (Failed Dependency) @ https://jupyter.hpc.hse.ru/hub/user/aoshavrina/api/sessions?1790687675428:0
[ 4185780ms] [ERROR] Failed to load resource: the server responded with a status of 424 (Failed Dependency) @ https://jupyter.hpc.hse.ru/hub/user/aoshavrina/api/contents?content=1&1790687680641:0
[ 4186580ms] [ERROR] Failed to load resource: the server responded with a status of 424 (Failed Dependency) @ https://jupyter.hpc.hse.ru/hub/user/aoshavrina/api/kernels/eba0e010-f0c7-491a-8b44-427819e4200f?1790687681452:0
[ 4191259ms] [ERROR] Failed to load resource: the server responded with a status of 424 (Failed Dependency) @ https://jupyter.hpc.hse.ru/hub/user/aoshavrina/api/kernels/68fedb24-6334-4703-8ae7-0ef85e4354d9?1790687686138:0
[ 4194715ms] [ERROR] Failed to load resource: the server responded with a status of 424 (Failed Dependency) @ https://jupyter.hpc.hse.ru/hub/user/aoshavrina/api/kernels/68fedb24-6334-4703-8ae7-0ef85e4354d9?1790687689599:0
[ 4195848ms] [ERROR] Failed to load resource: the server responded with a status of 424 (Failed Dependency) @ https://jupyter.hpc.hse.ru/hub/user/aoshavrina/api/contents?content=1&1790687690724:0
[ 4196104ms] [ERROR] Failed to load resource: the server responded with a status of 424 (Failed Dependency) @ https://jupyter.hpc.hse.ru/hub/user/aoshavrina/api/kernels/4e17dc8b-5eba-4990-88c4-2de8b2d67d2b?1790687690989:0
[ 4197717ms] [ERROR] Failed to load resource: the server responded with a status of 424 (Failed Dependency) @ https://jupyter.hpc.hse.ru/hub/user/aoshavrina/api/kernels/4e17dc8b-5eba-4990-88c4-2de8b2d67d2b?1790687692599:0
[ 4199649ms] [ERROR] Failed to load resource: the server responded with a status of 424 (Failed Dependency) @ https://jupyter.hpc.hse.ru/hub/user/aoshavrina/api/kernels/eba0e010-f0c7-491a-8b44-427819e4200f?1790687694520:0
[ 4205944ms] [ERROR] Failed to load resource: the server responded with a status of 424 (Failed Dependency) @ https://jupyter.hpc.hse.ru/hub/user/aoshavrina/api/contents?content=1&1790687700798:0
[ 4206331ms] [ERROR] Failed to load resource: the server responded with a status of 424 (Failed Dependency) @ https://jupyter.hpc.hse.ru/hub/user/aoshavrina/api/kernels/68fedb24-6334-4703-8ae7-0ef85e4354d9?1790687701211:0
[ 4211177ms] [ERROR] Failed to load resource: the server responded with a status of 424 (Failed Dependency) @ https://jupyter.hpc.hse.ru/hub/user/aoshavrina/api/kernels/4e17dc8b-5eba-4990-88c4-2de8b2d67d2b?1790687706057:0
[ 4216013ms] [ERROR] Failed to load resource: the server responded with a status of 424 (Failed Dependency) @ https://jupyter.hpc.hse.ru/hub/user/aoshavrina/api/contents?content=1&1790687710885:0
[ 4218713ms] [ERROR] Failed to load resource: the server responded with a status of 424 (Failed Dependency) @ https://jupyter.hpc.hse.ru/hub/user/aoshavrina/api/kernels/eba0e010-f0c7-491a-8b44-427819e4200f?1790687713589:0
[ 4222791ms] [ERROR] Failed to load resource: the server responded with a status of 424 (Failed Dependency) @ https://jupyter.hpc.hse.ru/hub/user/aoshavrina/api/kernels/68fedb24-6334-4703-8ae7-0ef85e4354d9?1790687717665:0
[ 4225782ms] [ERROR] Failed to load resource: the server responded with a status of 424 (Failed Dependency) @ https://jupyter.hpc.hse.ru/hub/user/aoshavrina/api/kernels/4e17dc8b-5eba-4990-88c4-2de8b2d67d2b?1790687720663:0
[ 4226083ms] [ERROR] Failed to load resource: the server responded with a status of 424 (Failed Dependency) @ https://jupyter.hpc.hse.ru/hub/user/aoshavrina/api/contents?content=1&1790687720959:0
[ 4232244ms] [ERROR] Failed to load resource: the server responded with a status of 424 (Failed Dependency) @ https://jupyter.hpc.hse.ru/hub/user/aoshavrina/api/kernels/4e17dc8b-5eba-4990-88c4-2de8b2d67d2b?1790687727116:0
[ 4233855ms] [ERROR] Failed to load resource: the server responded with a status of 424 (Failed Dependency) @ https://jupyter.hpc.hse.ru/hub/user/aoshavrina/api/kernels/68fedb24-6334-4703-8ae7-0ef85e4354d9?1790687728735:0
[ 4234401ms] [ERROR] Failed to load resource: the server responded with a status of 424 (Failed Dependency) @ https://jupyter.hpc.hse.ru/hub/user/aoshavrina/api/kernels/68fedb24-6334-4703-8ae7-0ef85e4354d9?1790687729278:0
[ 4236142ms] [ERROR] Failed to load resource: the server responded with a status of 424 (Failed Dependency) @ https://jupyter.hpc.hse.ru/hub/user/aoshavrina/api/contents?content=1&1790687731025:0
[ 4238307ms] [ERROR] Failed to load resource: the server responded with a status of 424 (Failed Dependency) @ https://jupyter.hpc.hse.ru/hub/user/aoshavrina/api/terminals?1790687733169:0
[ 4246212ms] [ERROR] Failed to load resource: the server responded with a status of 424 (Failed Dependency) @ https://jupyter.hpc.hse.ru/hub/user/aoshavrina/api/contents?content=1&1790687741087:0
[ 4246781ms] [ERROR] Failed to load resource: the server responded with a status of 424 (Failed Dependency) @ https://jupyter.hpc.hse.ru/hub/user/aoshavrina/api/kernels/eba0e010-f0c7-491a-8b44-427819e4200f?1790687741665:0
[ 4247842ms] [ERROR] Failed to load resource: the server responded with a status of 424 (Failed Dependency) @ https://jupyter.hpc.hse.ru/hub/user/aoshavrina/api/kernels/4e17dc8b-5eba-4990-88c4-2de8b2d67d2b?1790687742720:0
[ 4256284ms] [ERROR] Failed to load resource: the server responded with a status of 424 (Failed Dependency) @ https://jupyter.hpc.hse.ru/hub/user/aoshavrina/api/contents?content=1&1790687751158:0
[ 4256922ms] [ERROR] Failed to load resource: the server responded with a status of 424 (Failed Dependency) @ https://jupyter.hpc.hse.ru/hub/user/aoshavrina/api/kernels/68fedb24-6334-4703-8ae7-0ef85e4354d9?1790687751802:0
[ 4259052ms] [ERROR] Failed to load resource: the server responded with a status of 424 (Failed Dependency) @ https://jupyter.hpc.hse.ru/hub/user/aoshavrina/api/kernelspecs?1790687753928:0
[ 4260473ms] [ERROR] Failed to load resource: the server responded with a status of 424 (Failed Dependency) @ https://jupyter.hpc.hse.ru/hub/user/aoshavrina/api/kernels/68fedb24-6334-4703-8ae7-0ef85e4354d9?1790687755351:0
[ 4261310ms] [ERROR] Failed to load resource: the server responded with a status of 424 (Failed Dependency) @ https://jupyter.hpc.hse.ru/hub/user/aoshavrina/api/kernels/4e17dc8b-5eba-4990-88c4-2de8b2d67d2b?1790687756192:0
[ 4266367ms] [ERROR] Failed to load resource: the server responded with a status of 424 (Failed Dependency) @ https://jupyter.hpc.hse.ru/hub/user/aoshavrina/api/contents?content=1&1790687761236:0
[ 4271870ms] [ERROR] Failed to load resource: the server responded with a status of 424 (Failed Dependency) @ https://jupyter.hpc.hse.ru/hub/user/aoshavrina/api/kernels/eba0e010-f0c7-491a-8b44-427819e4200f?1790687766731:0
[ 4273902ms] [ERROR] Failed to load resource: the server responded with a status of 424 (Failed Dependency) @ https://jupyter.hpc.hse.ru/hub/user/aoshavrina/api/kernels/4e17dc8b-5eba-4990-88c4-2de8b2d67d2b?1790687768781:0
[ 4274541ms] [ERROR] Failed to load resource: the server responded with a status of 424 (Failed Dependency) @ https://jupyter.hpc.hse.ru/hub/user/aoshavrina/api/kernels/68fedb24-6334-4703-8ae7-0ef85e4354d9?1790687769420:0
[ 4276444ms] [ERROR] Failed to load resource: the server responded with a status of 424 (Failed Dependency) @ https://jupyter.hpc.hse.ru/hub/user/aoshavrina/api/contents?content=1&1790687771315:0
[ 4278986ms] [ERROR] Failed to load resource: the server responded with a status of 424 (Failed Dependency) @ https://jupyter.hpc.hse.ru/hub/user/aoshavrina/api/kernels/68fedb24-6334-4703-8ae7-0ef85e4354d9?1790687773867:0
[ 4281998ms] [ERROR] Failed to load resource: the server responded with a status of 424 (Failed Dependency) @ https://jupyter.hpc.hse.ru/hub/user/aoshavrina/api/kernels/eba0e010-f0c7-491a-8b44-427819e4200f?1790687776809:0
[ 4286528ms] [ERROR] Failed to load resource: the server responded with a status of 424 (Failed Dependency) @ https://jupyter.hpc.hse.ru/hub/user/aoshavrina/api/contents?content=1&1790687781393:0
[ 4287398ms] [ERROR] Failed to load resource: the server responded with a status of 424 (Failed Dependency) @ https://jupyter.hpc.hse.ru/hub/user/aoshavrina/api/kernels/4e17dc8b-5eba-4990-88c4-2de8b2d67d2b?1790687782253:0
[ 4296612ms] [ERROR] Failed to load resource: the server responded with a status of 424 (Failed Dependency) @ https://jupyter.hpc.hse.ru/hub/user/aoshavrina/api/contents?content=1&1790687791480:0
[ 4298963ms] [ERROR] Failed to load resource: the server responded with a status of 424 (Failed Dependency) @ https://jupyter.hpc.hse.ru/hub/user/aoshavrina/api/kernels/4e17dc8b-5eba-4990-88c4-2de8b2d67d2b?1790687793846:0
[ 4300611ms] [ERROR] Failed to load resource: the server responded with a status of 424 (Failed Dependency) @ https://jupyter.hpc.hse.ru/hub/user/aoshavrina/api/kernels/68fedb24-6334-4703-8ae7-0ef85e4354d9?1790687795482:0
[ 4301055ms] [ERROR] Failed to load resource: the server responded with a status of 424 (Failed Dependency) @ https://jupyter.hpc.hse.ru/hub/user/aoshavrina/api/kernels/eba0e010-f0c7-491a-8b44-427819e4200f?1790687795935:0
[ 4302062ms] [ERROR] Failed to load resource: the server responded with a status of 424 (Failed Dependency) @ https://jupyter.hpc.hse.ru/hub/user/aoshavrina/api/kernels/68fedb24-6334-4703-8ae7-0ef85e4354d9?1790687796938:0
[ 4306687ms] [ERROR] Failed to load resource: the server responded with a status of 424 (Failed Dependency) @ https://jupyter.hpc.hse.ru/hub/user/aoshavrina/api/contents?content=1&1790687801563:0
[ 4315464ms] [ERROR] Failed to load resource: the server responded with a status of 424 (Failed Dependency) @ https://jupyter.hpc.hse.ru/hub/user/aoshavrina/api/kernels/4e17dc8b-5eba-4990-88c4-2de8b2d67d2b?1790687810340:0
[ 4316766ms] [ERROR] Failed to load resource: the server responded with a status of 424 (Failed Dependency) @ https://jupyter.hpc.hse.ru/hub/user/aoshavrina/api/contents?content=1&1790687811638:0
[ 4320026ms] [ERROR] Failed to load resource: the server responded with a status of 424 (Failed Dependency) @ https://jupyter.hpc.hse.ru/hub/user/aoshavrina/api/kernels/4e17dc8b-5eba-4990-88c4-2de8b2d67d2b?1790687814905:0
[ 4322175ms] [ERROR] Failed to load resource: the server responded with a status of 424 (Failed Dependency) @ https://jupyter.hpc.hse.ru/hub/user/aoshavrina/api/kernels/eba0e010-f0c7-491a-8b44-427819e4200f?1790687816995:0
[ 4324125ms] [ERROR] Failed to load resource: the server responded with a status of 424 (Failed Dependency) @ https://jupyter.hpc.hse.ru/hub/user/aoshavrina/api/kernels/68fedb24-6334-4703-8ae7-0ef85e4354d9?1790687819003:0
[ 4325668ms] [ERROR] Failed to load resource: the server responded with a status of 424 (Failed Dependency) @ https://jupyter.hpc.hse.ru/hub/user/aoshavrina/api/kernels/68fedb24-6334-4703-8ae7-0ef85e4354d9?1790687820549:0
[ 4326832ms] [ERROR] Failed to load resource: the server responded with a status of 424 (Failed Dependency) @ https://jupyter.hpc.hse.ru/hub/user/aoshavrina/api/contents?content=1&1790687821706:0
[ 4335799ms] [ERROR] Failed to load resource: the server responded with a status of 424 (Failed Dependency) @ https://jupyter.hpc.hse.ru/hub/user/aoshavrina/api/kernels/4e17dc8b-5eba-4990-88c4-2de8b2d67d2b?1790687830418:0
[ 4336924ms] [ERROR] Failed to load resource: the server responded with a status of 424 (Failed Dependency) @ https://jupyter.hpc.hse.ru/hub/user/aoshavrina/api/contents?content=1&1790687831780:0
[ 4340110ms] [ERROR] Failed to load resource: the server responded with a status of 424 (Failed Dependency) @ https://jupyter.hpc.hse.ru/hub/user/aoshavrina/api/kernels/4e17dc8b-5eba-4990-88c4-2de8b2d67d2b?1790687834967:0
[ 4341276ms] [ERROR] Failed to load resource: the server responded with a status of 424 (Failed Dependency) @ https://jupyter.hpc.hse.ru/hub/user/aoshavrina/api/kernels/eba0e010-f0c7-491a-8b44-427819e4200f?1790687836124:0
[ 4341760ms] [ERROR] Failed to load resource: the server responded with a status of 424 (Failed Dependency) @ https://jupyter.hpc.hse.ru/hub/user/aoshavrina/api/kernels/68fedb24-6334-4703-8ae7-0ef85e4354d9?1790687836610:0
[ 4342211ms] [ERROR] Failed to load resource: the server responded with a status of 424 (Failed Dependency) @ https://jupyter.hpc.hse.ru/hub/user/aoshavrina/api/kernels/68fedb24-6334-4703-8ae7-0ef85e4354d9?1790687837076:0
[ 4346999ms] [ERROR] Failed to load resource: the server responded with a status of 424 (Failed Dependency) @ https://jupyter.hpc.hse.ru/hub/user/aoshavrina/api/contents?content=1&1790687841872:0
[ 4349875ms] [ERROR] Failed to load resource: the server responded with a status of 424 (Failed Dependency) @ https://jupyter.hpc.hse.ru/hub/user/aoshavrina/api/kernels/4e17dc8b-5eba-4990-88c4-2de8b2d67d2b?1790687844740:0
[ 4357068ms] [ERROR] Failed to load resource: the server responded with a status of 424 (Failed Dependency) @ https://jupyter.hpc.hse.ru/hub/user/aoshavrina/api/contents?content=1&1790687851942:0
[ 4358358ms] [ERROR] Failed to load resource: the server responded with a status of 424 (Failed Dependency) @ https://jupyter.hpc.hse.ru/hub/user/aoshavrina/api/kernels/eba0e010-f0c7-491a-8b44-427819e4200f?1790687853220:0
[ 4367180ms] [ERROR] Failed to load resource: the server responded with a status of 424 (Failed Dependency) @ https://jupyter.hpc.hse.ru/hub/user/aoshavrina/api/contents?content=1&1790687862013:0
[ 4367240ms] [ERROR] Failed to load resource: the server responded with a status of 424 (Failed Dependency) @ https://jupyter.hpc.hse.ru/hub/user/aoshavrina/api/kernels/4e17dc8b-5eba-4990-88c4-2de8b2d67d2b?1790687862049:0
[ 4371829ms] [ERROR] Failed to load resource: the server responded with a status of 424 (Failed Dependency) @ https://jupyter.hpc.hse.ru/hub/user/aoshavrina/api/kernels/68fedb24-6334-4703-8ae7-0ef85e4354d9?1790687866711:0
[ 4372278ms] [ERROR] Failed to load resource: the server responded with a status of 424 (Failed Dependency) @ https://jupyter.hpc.hse.ru/hub/user/aoshavrina/api/kernels/68fedb24-6334-4703-8ae7-0ef85e4354d9?1790687867148:0
[ 4374948ms] [ERROR] Failed to load resource: the server responded with a status of 424 (Failed Dependency) @ https://jupyter.hpc.hse.ru/hub/user/aoshavrina/api/kernels/4e17dc8b-5eba-4990-88c4-2de8b2d67d2b?1790687869827:0
[ 4377249ms] [ERROR] Failed to load resource: the server responded with a status of 424 (Failed Dependency) @ https://jupyter.hpc.hse.ru/hub/user/aoshavrina/api/contents?content=1&1790687872125:0
[ 4381888ms] [ERROR] Failed to load resource: the server responded with a status of 424 (Failed Dependency) @ https://jupyter.hpc.hse.ru/hub/user/aoshavrina/api/kernels/68fedb24-6334-4703-8ae7-0ef85e4354d9?1790687876765:0
[ 4384341ms] [ERROR] Failed to load resource: the server responded with a status of 424 (Failed Dependency) @ https://jupyter.hpc.hse.ru/hub/user/aoshavrina/api/kernels/68fedb24-6334-4703-8ae7-0ef85e4354d9?1790687879221:0
[ 4387314ms] [ERROR] Failed to load resource: the server responded with a status of 424 (Failed Dependency) @ https://jupyter.hpc.hse.ru/hub/user/aoshavrina/api/contents?content=1&1790687882193:0
[ 4387415ms] [ERROR] Failed to load resource: the server responded with a status of 424 (Failed Dependency) @ https://jupyter.hpc.hse.ru/hub/user/aoshavrina/api/kernels/eba0e010-f0c7-491a-8b44-427819e4200f?1790687882301:0
[ 4389311ms] [ERROR] Failed to load resource: the server responded with a status of 424 (Failed Dependency) @ https://jupyter.hpc.hse.ru/hub/user/aoshavrina/api/kernels/4e17dc8b-5eba-4990-88c4-2de8b2d67d2b?1790687884187:0
[ 4390003ms] [ERROR] Failed to load resource: the server responded with a status of 424 (Failed Dependency) @ https://jupyter.hpc.hse.ru/hub/user/aoshavrina/api/kernels/4e17dc8b-5eba-4990-88c4-2de8b2d67d2b?1790687884887:0
[ 4397372ms] [ERROR] Failed to load resource: the server responded with a status of 424 (Failed Dependency) @ https://jupyter.hpc.hse.ru/hub/user/aoshavrina/api/contents?content=1&1790687892252:0
[ 4397472ms] [ERROR] Failed to load resource: the server responded with a status of 424 (Failed Dependency) @ https://jupyter.hpc.hse.ru/hub/user/aoshavrina/api/kernels/eba0e010-f0c7-491a-8b44-427819e4200f?1790687892360:0
[ 4403953ms] [ERROR] Failed to load resource: the server responded with a status of 424 (Failed Dependency) @ https://jupyter.hpc.hse.ru/hub/user/aoshavrina/api/kernels/68fedb24-6334-4703-8ae7-0ef85e4354d9?1790687898837:0
[ 4407437ms] [ERROR] Failed to load resource: the server responded with a status of 424 (Failed Dependency) @ https://jupyter.hpc.hse.ru/hub/user/aoshavrina/api/contents?content=1&1790687902318:0
[ 4409406ms] [ERROR] Failed to load resource: the server responded with a status of 424 (Failed Dependency) @ https://jupyter.hpc.hse.ru/hub/user/aoshavrina/api/kernels/68fedb24-6334-4703-8ae7-0ef85e4354d9?1790687904282:0
[ 4416371ms] [ERROR] Failed to load resource: the server responded with a status of 424 (Failed Dependency) @ https://jupyter.hpc.hse.ru/hub/user/aoshavrina/api/kernels/4e17dc8b-5eba-4990-88c4-2de8b2d67d2b?1790687911254:0
[ 4417065ms] [ERROR] Failed to load resource: the server responded with a status of 424 (Failed Dependency) @ https://jupyter.hpc.hse.ru/hub/user/aoshavrina/api/kernels/4e17dc8b-5eba-4990-88c4-2de8b2d67d2b?1790687911950:0
[ 4417522ms] [ERROR] Failed to load resource: the server responded with a status of 424 (Failed Dependency) @ https://jupyter.hpc.hse.ru/hub/user/aoshavrina/api/contents?content=1&1790687912384:0
[ 4426465ms] [ERROR] Failed to load resource: the server responded with a status of 424 (Failed Dependency) @ https://jupyter.hpc.hse.ru/hub/user/aoshavrina/api/kernels/68fedb24-6334-4703-8ae7-0ef85e4354d9?1790687921349:0
[ 4426524ms] [ERROR] Failed to load resource: the server responded with a status of 424 (Failed Dependency) @ https://jupyter.hpc.hse.ru/hub/user/aoshavrina/api/kernels/eba0e010-f0c7-491a-8b44-427819e4200f?1790687921410:0
[ 4427010ms] [ERROR] Failed to load resource: the server responded with a status of 424 (Failed Dependency) @ https://jupyter.hpc.hse.ru/hub/user/aoshavrina/api/kernels/68fedb24-6334-4703-8ae7-0ef85e4354d9?1790687921894:0
[ 4427432ms] [ERROR] Failed to load resource: the server responded with a status of 424 (Failed Dependency) @ https://jupyter.hpc.hse.ru/hub/user/aoshavrina/api/kernels/4e17dc8b-5eba-4990-88c4-2de8b2d67d2b?1790687922317:0
[ 4427587ms] [ERROR] Failed to load resource: the server responded with a status of 424 (Failed Dependency) @ https://jupyter.hpc.hse.ru/hub/user/aoshavrina/api/contents?content=1&1790687922472:0
[ 4437491ms] [ERROR] Failed to load resource: the server responded with a status of 424 (Failed Dependency) @ https://jupyter.hpc.hse.ru/hub/user/aoshavrina/api/kernels/4e17dc8b-5eba-4990-88c4-2de8b2d67d2b?1790687932370:0
[ 4437639ms] [ERROR] Failed to load resource: the server responded with a status of 424 (Failed Dependency) @ https://jupyter.hpc.hse.ru/hub/user/aoshavrina/api/contents?content=1&1790687932525:0
[ 4444597ms] [ERROR] Failed to load resource: the server responded with a status of 424 (Failed Dependency) @ https://jupyter.hpc.hse.ru/hub/user/aoshavrina/api/kernels/eba0e010-f0c7-491a-8b44-427819e4200f?1790687939470:0
[ 4445139ms] [ERROR] Failed to load resource: the server responded with a status of 424 (Failed Dependency) @ https://jupyter.hpc.hse.ru/hub/user/aoshavrina/api/kernels/4e17dc8b-5eba-4990-88c4-2de8b2d67d2b?1790687940009:0
[ 4447557ms] [ERROR] Failed to load resource: the server responded with a status of 424 (Failed Dependency) @ https://jupyter.hpc.hse.ru/hub/user/aoshavrina/api/kernels/4e17dc8b-5eba-4990-88c4-2de8b2d67d2b?1790687942440:0
[ 4447700ms] [ERROR] Failed to load resource: the server responded with a status of 424 (Failed Dependency) @ https://jupyter.hpc.hse.ru/hub/user/aoshavrina/api/contents?content=1&1790687942579:0
[ 4448542ms] [ERROR] Failed to load resource: the server responded with a status of 424 (Failed Dependency) @ https://jupyter.hpc.hse.ru/hub/user/aoshavrina/api/kernels/68fedb24-6334-4703-8ae7-0ef85e4354d9?1790687943419:0
[ 4449088ms] [ERROR] Failed to load resource: the server responded with a status of 424 (Failed Dependency) @ https://jupyter.hpc.hse.ru/hub/user/aoshavrina/api/kernels/68fedb24-6334-4703-8ae7-0ef85e4354d9?1790687943963:0
[ 4457766ms] [ERROR] Failed to load resource: the server responded with a status of 424 (Failed Dependency) @ https://jupyter.hpc.hse.ru/hub/user/aoshavrina/api/contents?content=1&1790687952642:0
[ 4458541ms] [ERROR] Failed to load resource: the server responded with a status of 424 (Failed Dependency) @ https://jupyter.hpc.hse.ru/hub/user/aoshavrina/api/kernels?1790687953421:0
[ 4458603ms] [ERROR] Failed to load resource: the server responded with a status of 424 (Failed Dependency) @ https://jupyter.hpc.hse.ru/hub/user/aoshavrina/api/kernels/68fedb24-6334-4703-8ae7-0ef85e4354d9?1790687953483:0
[ 4460659ms] [ERROR] Failed to load resource: the server responded with a status of 424 (Failed Dependency) @ https://jupyter.hpc.hse.ru/hub/user/aoshavrina/api/kernels/eba0e010-f0c7-491a-8b44-427819e4200f?1790687955537:0
[ 4467837ms] [ERROR] Failed to load resource: the server responded with a status of 424 (Failed Dependency) @ https://jupyter.hpc.hse.ru/hub/user/aoshavrina/api/contents?content=1&1790687962708:0
[ 4469622ms] [ERROR] Failed to load resource: the server responded with a status of 424 (Failed Dependency) @ https://jupyter.hpc.hse.ru/hub/user/aoshavrina/api/kernels/4e17dc8b-5eba-4990-88c4-2de8b2d67d2b?1790687964500:0
[ 4472206ms] [ERROR] Failed to load resource: the server responded with a status of 424 (Failed Dependency) @ https://jupyter.hpc.hse.ru/hub/user/aoshavrina/api/kernels/4e17dc8b-5eba-4990-88c4-2de8b2d67d2b?1790687967076:0
[ 4472666ms] [ERROR] Failed to load resource: the server responded with a status of 424 (Failed Dependency) @ https://jupyter.hpc.hse.ru/hub/user/aoshavrina/api/kernels/68fedb24-6334-4703-8ae7-0ef85e4354d9?1790687967542:0
[ 4472726ms] [ERROR] Failed to load resource: the server responded with a status of 424 (Failed Dependency) @ https://jupyter.hpc.hse.ru/hub/user/aoshavrina/api/kernels/eba0e010-f0c7-491a-8b44-427819e4200f?1790687967602:0
[ 4475159ms] [ERROR] Failed to load resource: the server responded with a status of 424 (Failed Dependency) @ https://jupyter.hpc.hse.ru/hub/user/aoshavrina/api/kernels/68fedb24-6334-4703-8ae7-0ef85e4354d9?1790687970037:0
[ 4477909ms] [ERROR] Failed to load resource: the server responded with a status of 424 (Failed Dependency) @ https://jupyter.hpc.hse.ru/hub/user/aoshavrina/api/contents?content=1&1790687972787:0
[ 4479690ms] [ERROR] Failed to load resource: the server responded with a status of 424 (Failed Dependency) @ https://jupyter.hpc.hse.ru/hub/user/aoshavrina/api/kernels/4e17dc8b-5eba-4990-88c4-2de8b2d67d2b?1790687974568:0
[ 4480630ms] [ERROR] Failed to load resource: the server responded with a status of 424 (Failed Dependency) @ https://jupyter.hpc.hse.ru/hub/user/aoshavrina/api/sessions?1790687975504:0
[ 4483272ms] [ERROR] Failed to load resource: the server responded with a status of 424 (Failed Dependency) @ https://jupyter.hpc.hse.ru/hub/user/aoshavrina/api/kernels/4e17dc8b-5eba-4990-88c4-2de8b2d67d2b?1790687978158:0
[ 4485729ms] [ERROR] Failed to load resource: the server responded with a status of 424 (Failed Dependency) @ https://jupyter.hpc.hse.ru/hub/user/aoshavrina/api/kernels/68fedb24-6334-4703-8ae7-0ef85e4354d9?1790687980611:0
[ 4487785ms] [ERROR] Failed to load resource: the server responded with a status of 424 (Failed Dependency) @ https://jupyter.hpc.hse.ru/hub/user/aoshavrina/api/kernels/eba0e010-f0c7-491a-8b44-427819e4200f?1790687982666:0
[ 4487967ms] [ERROR] Failed to load resource: the server responded with a status of 424 (Failed Dependency) @ https://jupyter.hpc.hse.ru/hub/user/aoshavrina/api/contents?content=1&1790687982850:0
[ 4494221ms] [ERROR] Failed to load resource: the server responded with a status of 424 (Failed Dependency) @ https://jupyter.hpc.hse.ru/hub/user/aoshavrina/api/kernels/68fedb24-6334-4703-8ae7-0ef85e4354d9?1790687989102:0
[ 4494995ms] [ERROR] Failed to load resource: the server responded with a status of 424 (Failed Dependency) @ https://jupyter.hpc.hse.ru/hub/user/aoshavrina/api/kernels?1790687989876:0
[ 4498042ms] [ERROR] Failed to load resource: the server responded with a status of 424 (Failed Dependency) @ https://jupyter.hpc.hse.ru/hub/user/aoshavrina/api/contents?content=1&1790687992914:0
[ 4504764ms] [ERROR] Failed to load resource: the server responded with a status of 424 (Failed Dependency) @ https://jupyter.hpc.hse.ru/hub/user/aoshavrina/api/kernels/4e17dc8b-5eba-4990-88c4-2de8b2d67d2b?1790687999639:0
[ 4506798ms] [ERROR] Failed to load resource: the server responded with a status of 424 (Failed Dependency) @ https://jupyter.hpc.hse.ru/hub/user/aoshavrina/api/kernels/68fedb24-6334-4703-8ae7-0ef85e4354d9?1790688001678:0
[ 4508187ms] [ERROR] Failed to load resource: the server responded with a status of 424 (Failed Dependency) @ https://jupyter.hpc.hse.ru/hub/user/aoshavrina/api/contents?content=1&1790688002989:0
[ 4508940ms] [ERROR] Failed to load resource: the server responded with a status of 424 (Failed Dependency) @ https://jupyter.hpc.hse.ru/hub/user/aoshavrina/api/kernels/4e17dc8b-5eba-4990-88c4-2de8b2d67d2b?1790688003219:0
[ 4512324ms] [ERROR] Failed to load resource: the server responded with a status of 424 (Failed Dependency) @ https://jupyter.hpc.hse.ru/hub/user/aoshavrina/api/kernels/68fedb24-6334-4703-8ae7-0ef85e4354d9?1790688007173:0
[ 4512867ms] [ERROR] Failed to load resource: the server responded with a status of 424 (Failed Dependency) @ https://jupyter.hpc.hse.ru/hub/user/aoshavrina/api/kernels/eba0e010-f0c7-491a-8b44-427819e4200f?1790688007737:0
[ 4518263ms] [ERROR] Failed to load resource: the server responded with a status of 424 (Failed Dependency) @ https://jupyter.hpc.hse.ru/hub/user/aoshavrina/api/contents?content=1&1790688013134:0
[ 4519878ms] [ERROR] Failed to load resource: the server responded with a status of 424 (Failed Dependency) @ https://jupyter.hpc.hse.ru/hub/user/aoshavrina/api/kernels/68fedb24-6334-4703-8ae7-0ef85e4354d9?1790688014743:0
[ 4523395ms] [ERROR] Failed to load resource: the server responded with a status of 424 (Failed Dependency) @ https://jupyter.hpc.hse.ru/hub/user/aoshavrina/api/kernels/68fedb24-6334-4703-8ae7-0ef85e4354d9?1790688018271:0
[ 4528341ms] [ERROR] Failed to load resource: the server responded with a status of 424 (Failed Dependency) @ https://jupyter.hpc.hse.ru/hub/user/aoshavrina/api/contents?content=1&1790688023209:0
[ 4529825ms] [ERROR] Failed to load resource: the server responded with a status of 424 (Failed Dependency) @ https://jupyter.hpc.hse.ru/hub/user/aoshavrina/api/kernels/4e17dc8b-5eba-4990-88c4-2de8b2d67d2b?1790688024706:0
[ 4532038ms] [ERROR] Failed to load resource: the server responded with a status of 424 (Failed Dependency) @ https://jupyter.hpc.hse.ru/hub/user/aoshavrina/api/kernels/4e17dc8b-5eba-4990-88c4-2de8b2d67d2b?1790688026891:0
[ 4535940ms] [ERROR] Failed to load resource: the server responded with a status of 424 (Failed Dependency) @ https://jupyter.hpc.hse.ru/hub/user/aoshavrina/api/kernels/68fedb24-6334-4703-8ae7-0ef85e4354d9?1790688030819:0
[ 4537933ms] [ERROR] Failed to load resource: the server responded with a status of 424 (Failed Dependency) @ https://jupyter.hpc.hse.ru/hub/user/aoshavrina/api/kernels/eba0e010-f0c7-491a-8b44-427819e4200f?1790688032808:0
[ 4538383ms] [ERROR] Failed to load resource: the server responded with a status of 424 (Failed Dependency) @ https://jupyter.hpc.hse.ru/hub/user/aoshavrina/api/terminals?1790688033259:0
[ 4538437ms] [ERROR] Failed to load resource: the server responded with a status of 424 (Failed Dependency) @ https://jupyter.hpc.hse.ru/hub/user/aoshavrina/api/contents?content=1&1790688033285:0
[ 4548508ms] [ERROR] Failed to load resource: the server responded with a status of 424 (Failed Dependency) @ https://jupyter.hpc.hse.ru/hub/user/aoshavrina/api/contents?content=1&1790688043388:0
[ 4553463ms] [ERROR] Failed to load resource: the server responded with a status of 424 (Failed Dependency) @ https://jupyter.hpc.hse.ru/hub/user/aoshavrina/api/kernels/68fedb24-6334-4703-8ae7-0ef85e4354d9?1790688048339:0
[ 4554890ms] [ERROR] Failed to load resource: the server responded with a status of 424 (Failed Dependency) @ https://jupyter.hpc.hse.ru/hub/user/aoshavrina/api/kernels/4e17dc8b-5eba-4990-88c4-2de8b2d67d2b?1790688049773:0
[ 4556991ms] [ERROR] Failed to load resource: the server responded with a status of 424 (Failed Dependency) @ https://jupyter.hpc.hse.ru/hub/user/aoshavrina/api/kernels/68fedb24-6334-4703-8ae7-0ef85e4354d9?1790688051877:0
[ 4558108ms] [ERROR] Failed to load resource: the server responded with a status of 424 (Failed Dependency) @ https://jupyter.hpc.hse.ru/hub/user/aoshavrina/api/kernels/4e17dc8b-5eba-4990-88c4-2de8b2d67d2b?1790688052985:0
[ 4558571ms] [ERROR] Failed to load resource: the server responded with a status of 424 (Failed Dependency) @ https://jupyter.hpc.hse.ru/hub/user/aoshavrina/api/contents?content=1&1790688053454:0
[ 4559116ms] [ERROR] Failed to load resource: the server responded with a status of 424 (Failed Dependency) @ https://jupyter.hpc.hse.ru/hub/user/aoshavrina/api/kernelspecs?1790688054001:0
[ 4567001ms] [ERROR] Failed to load resource: the server responded with a status of 424 (Failed Dependency) @ https://jupyter.hpc.hse.ru/hub/user/aoshavrina/api/kernels/eba0e010-f0c7-491a-8b44-427819e4200f?1790688061884:0
[ 4568634ms] [ERROR] Failed to load resource: the server responded with a status of 424 (Failed Dependency) @ https://jupyter.hpc.hse.ru/hub/user/aoshavrina/api/contents?content=1&1790688063518:0
[ 4572960ms] [ERROR] Failed to load resource: the server responded with a status of 424 (Failed Dependency) @ https://jupyter.hpc.hse.ru/hub/user/aoshavrina/api/kernels/4e17dc8b-5eba-4990-88c4-2de8b2d67d2b?1790688067841:0
[ 4577531ms] [ERROR] Failed to load resource: the server responded with a status of 424 (Failed Dependency) @ https://jupyter.hpc.hse.ru/hub/user/aoshavrina/api/kernels/68fedb24-6334-4703-8ae7-0ef85e4354d9?1790688072416:0
[ 4578059ms] [ERROR] Failed to load resource: the server responded with a status of 424 (Failed Dependency) @ https://jupyter.hpc.hse.ru/hub/user/aoshavrina/api/kernels/68fedb24-6334-4703-8ae7-0ef85e4354d9?1790688072945:0
[ 4578698ms] [ERROR] Failed to load resource: the server responded with a status of 424 (Failed Dependency) @ https://jupyter.hpc.hse.ru/hub/user/aoshavrina/api/contents?content=1&1790688073582:0
[ 4580065ms] [ERROR] Failed to load resource: the server responded with a status of 424 (Failed Dependency) @ https://jupyter.hpc.hse.ru/hub/user/aoshavrina/api/kernels/eba0e010-f0c7-491a-8b44-427819e4200f?1790688074947:0
[ 4580171ms] [ERROR] Failed to load resource: the server responded with a status of 424 (Failed Dependency) @ https://jupyter.hpc.hse.ru/hub/user/aoshavrina/api/kernels/4e17dc8b-5eba-4990-88c4-2de8b2d67d2b?1790688075056:0
[ 4586858ms] [ERROR] Failed to load resource: the server responded with a status of 424 (Failed Dependency) @ https://jupyter.hpc.hse.ru/hub/user/aoshavrina/api/kernels?1790688081740:0
[ 4588769ms] [ERROR] Failed to load resource: the server responded with a status of 424 (Failed Dependency) @ https://jupyter.hpc.hse.ru/hub/user/aoshavrina/api/contents?content=1&1790688083646:0
[ 4592234ms] [ERROR] Failed to load resource: the server responded with a status of 424 (Failed Dependency) @ https://jupyter.hpc.hse.ru/hub/user/aoshavrina/api/kernels/4e17dc8b-5eba-4990-88c4-2de8b2d67d2b?1790688087109:0
[ 4597601ms] [ERROR] Failed to load resource: the server responded with a status of 424 (Failed Dependency) @ https://jupyter.hpc.hse.ru/hub/user/aoshavrina/api/kernels/68fedb24-6334-4703-8ae7-0ef85e4354d9?1790688092481:0
[ 4598844ms] [ERROR] Failed to load resource: the server responded with a status of 424 (Failed Dependency) @ https://jupyter.hpc.hse.ru/hub/user/aoshavrina/api/contents?content=1&1790688093718:0
[ 4600034ms] [ERROR] Failed to load resource: the server responded with a status of 424 (Failed Dependency) @ https://jupyter.hpc.hse.ru/hub/user/aoshavrina/api/kernels/4e17dc8b-5eba-4990-88c4-2de8b2d67d2b?1790688094904:0
[ 4601136ms] [ERROR] Failed to load resource: the server responded with a status of 424 (Failed Dependency) @ https://jupyter.hpc.hse.ru/hub/user/aoshavrina/api/kernels/68fedb24-6334-4703-8ae7-0ef85e4354d9?1790688096000:0
[ 4607148ms] [ERROR] Failed to load resource: the server responded with a status of 424 (Failed Dependency) @ https://jupyter.hpc.hse.ru/hub/user/aoshavrina/api/kernels/eba0e010-f0c7-491a-8b44-427819e4200f?1790688102017:0
[ 4608915ms] [ERROR] Failed to load resource: the server responded with a status of 424 (Failed Dependency) @ https://jupyter.hpc.hse.ru/hub/user/aoshavrina/api/contents?content=1&1790688103790:0
[ 4609690ms] [ERROR] Failed to load resource: the server responded with a status of 424 (Failed Dependency) @ https://jupyter.hpc.hse.ru/hub/user/aoshavrina/api/kernels/68fedb24-6334-4703-8ae7-0ef85e4354d9?1790688104551:0
[ 4610298ms] [ERROR] Failed to load resource: the server responded with a status of 424 (Failed Dependency) @ https://jupyter.hpc.hse.ru/hub/user/aoshavrina/api/kernels/4e17dc8b-5eba-4990-88c4-2de8b2d67d2b?1790688105177:0
[ 4613097ms] [ERROR] Failed to load resource: the server responded with a status of 424 (Failed Dependency) @ https://jupyter.hpc.hse.ru/hub/user/aoshavrina/api/kernels/4e17dc8b-5eba-4990-88c4-2de8b2d67d2b?1790688107973:0
[ 4618990ms] [ERROR] Failed to load resource: the server responded with a status of 424 (Failed Dependency) @ https://jupyter.hpc.hse.ru/hub/user/aoshavrina/api/contents?content=1&1790688113864:0
[ 4620754ms] [ERROR] Failed to load resource: the server responded with a status of 424 (Failed Dependency) @ https://jupyter.hpc.hse.ru/hub/user/aoshavrina/api/kernels/68fedb24-6334-4703-8ae7-0ef85e4354d9?1790688115629:0
[ 4623222ms] [ERROR] Failed to load resource: the server responded with a status of 424 (Failed Dependency) @ https://jupyter.hpc.hse.ru/hub/user/aoshavrina/api/kernels/eba0e010-f0c7-491a-8b44-427819e4200f?1790688118093:0
[ 4624673ms] [ERROR] Failed to load resource: the server responded with a status of 424 (Failed Dependency) @ https://jupyter.hpc.hse.ru/hub/user/aoshavrina/api/sessions?1790688119548:0
[ 4629069ms] [ERROR] Failed to load resource: the server responded with a status of 424 (Failed Dependency) @ https://jupyter.hpc.hse.ru/hub/user/aoshavrina/api/contents?content=1&1790688123938:0
[ 4630215ms] [ERROR] Failed to load resource: the server responded with a status of 424 (Failed Dependency) @ https://jupyter.hpc.hse.ru/hub/user/aoshavrina/api/kernels/68fedb24-6334-4703-8ae7-0ef85e4354d9?1790688125079:0
[ 4630379ms] [ERROR] Failed to load resource: the server responded with a status of 424 (Failed Dependency) @ https://jupyter.hpc.hse.ru/hub/user/aoshavrina/api/kernels/4e17dc8b-5eba-4990-88c4-2de8b2d67d2b?1790688125250:0
[ 4639129ms] [ERROR] Failed to load resource: the server responded with a status of 424 (Failed Dependency) @ https://jupyter.hpc.hse.ru/hub/user/aoshavrina/api/contents?content=1&1790688134006:0
[ 4643169ms] [ERROR] Failed to load resource: the server responded with a status of 424 (Failed Dependency) @ https://jupyter.hpc.hse.ru/hub/user/aoshavrina/api/kernels/4e17dc8b-5eba-4990-88c4-2de8b2d67d2b?1790688138038:0
[ 4643297ms] [ERROR] Failed to load resource: the server responded with a status of 424 (Failed Dependency) @ https://jupyter.hpc.hse.ru/hub/user/aoshavrina/api/kernels/68fedb24-6334-4703-8ae7-0ef85e4354d9?1790688138162:0
[ 4643841ms] [ERROR] Failed to load resource: the server responded with a status of 424 (Failed Dependency) @ https://jupyter.hpc.hse.ru/hub/user/aoshavrina/api/kernels/68fedb24-6334-4703-8ae7-0ef85e4354d9?1790688138704:0
[ 4649209ms] [ERROR] Failed to load resource: the server responded with a status of 424 (Failed Dependency) @ https://jupyter.hpc.hse.ru/hub/user/aoshavrina/api/contents?content=1&1790688144082:0
[ 4650290ms] [ERROR] Failed to load resource: the server responded with a status of 424 (Failed Dependency) @ https://jupyter.hpc.hse.ru/hub/user/aoshavrina/api/kernels/eba0e010-f0c7-491a-8b44-427819e4200f?1790688145164:0
[ 4656446ms] [ERROR] Failed to load resource: the server responded with a status of 424 (Failed Dependency) @ https://jupyter.hpc.hse.ru/hub/user/aoshavrina/api/kernels/4e17dc8b-5eba-4990-88c4-2de8b2d67d2b?1790688151326:0
[ 4659278ms] [ERROR] Failed to load resource: the server responded with a status of 424 (Failed Dependency) @ https://jupyter.hpc.hse.ru/hub/user/aoshavrina/api/contents?content=1&1790688154159:0
[ 4660907ms] [ERROR] Failed to load resource: the server responded with a status of 424 (Failed Dependency) @ https://jupyter.hpc.hse.ru/hub/user/aoshavrina/api/kernels/68fedb24-6334-4703-8ae7-0ef85e4354d9?1790688155785:0
[ 4661242ms] [ERROR] Failed to load resource: the server responded with a status of 424 (Failed Dependency) @ https://jupyter.hpc.hse.ru/hub/user/aoshavrina/api/kernels/4e17dc8b-5eba-4990-88c4-2de8b2d67d2b?1790688156110:0
[ 4669425ms] [ERROR] Failed to load resource: the server responded with a status of 424 (Failed Dependency) @ https://jupyter.hpc.hse.ru/hub/user/aoshavrina/api/contents?content=1&1790688164229:0
[ 4669473ms] [ERROR] Failed to load resource: the server responded with a status of 424 (Failed Dependency) @ https://jupyter.hpc.hse.ru/hub/user/aoshavrina/api/kernels/68fedb24-6334-4703-8ae7-0ef85e4354d9?1790688164245:0
[ 4672343ms] [ERROR] Failed to load resource: the server responded with a status of 424 (Failed Dependency) @ https://jupyter.hpc.hse.ru/hub/user/aoshavrina/api/kernels/4e17dc8b-5eba-4990-88c4-2de8b2d67d2b?1790688167190:0
[ 4672978ms] [ERROR] Failed to load resource: the server responded with a status of 424 (Failed Dependency) @ https://jupyter.hpc.hse.ru/hub/user/aoshavrina/api/kernels/68fedb24-6334-4703-8ae7-0ef85e4354d9?1790688167844:0
[ 4675382ms] [ERROR] Failed to load resource: the server responded with a status of 424 (Failed Dependency) @ https://jupyter.hpc.hse.ru/hub/user/aoshavrina/api/kernels/eba0e010-f0c7-491a-8b44-427819e4200f?1790688170240:0
[ 4675522ms] [ERROR] Failed to load resource: the server responded with a status of 424 (Failed Dependency) @ https://jupyter.hpc.hse.ru/hub/user/aoshavrina/api/kernels/4e17dc8b-5eba-4990-88c4-2de8b2d67d2b?1790688170396:0
[ 4679494ms] [ERROR] Failed to load resource: the server responded with a status of 424 (Failed Dependency) @ https://jupyter.hpc.hse.ru/hub/user/aoshavrina/api/contents?content=1&1790688174366:0
[ 4689566ms] [ERROR] Failed to load resource: the server responded with a status of 424 (Failed Dependency) @ https://jupyter.hpc.hse.ru/hub/user/aoshavrina/api/contents?content=1&1790688184440:0
[ 4692459ms] [ERROR] Failed to load resource: the server responded with a status of 424 (Failed Dependency) @ https://jupyter.hpc.hse.ru/hub/user/aoshavrina/api/kernels/eba0e010-f0c7-491a-8b44-427819e4200f?1790688187336:0
[ 4698560ms] [ERROR] Failed to load resource: the server responded with a status of 424 (Failed Dependency) @ https://jupyter.hpc.hse.ru/hub/user/aoshavrina/api/kernels/68fedb24-6334-4703-8ae7-0ef85e4354d9?1790688193420:0
[ 4699419ms] [ERROR] Failed to load resource: the server responded with a status of 424 (Failed Dependency) @ https://jupyter.hpc.hse.ru/hub/user/aoshavrina/api/kernels/4e17dc8b-5eba-4990-88c4-2de8b2d67d2b?1790688194291:0
[ 4699627ms] [ERROR] Failed to load resource: the server responded with a status of 424 (Failed Dependency) @ https://jupyter.hpc.hse.ru/hub/user/aoshavrina/api/contents?content=1&1790688194505:0
[ 4701136ms] [ERROR] Failed to load resource: the server responded with a status of 424 (Failed Dependency) @ https://jupyter.hpc.hse.ru/hub/user/aoshavrina/api/kernels/68fedb24-6334-4703-8ae7-0ef85e4354d9?1790688195930:0
[ 4703589ms] [ERROR] Failed to load resource: the server responded with a status of 424 (Failed Dependency) @ https://jupyter.hpc.hse.ru/hub/user/aoshavrina/api/kernels/4e17dc8b-5eba-4990-88c4-2de8b2d67d2b?1790688198468:0
[ 4709794ms] [ERROR] Failed to load resource: the server responded with a status of 424 (Failed Dependency) @ https://jupyter.hpc.hse.ru/hub/user/aoshavrina/api/contents?content=1&1790688204568:0
[ 4711534ms] [ERROR] Failed to load resource: the server responded with a status of 424 (Failed Dependency) @ https://jupyter.hpc.hse.ru/hub/user/aoshavrina/api/kernels/eba0e010-f0c7-491a-8b44-427819e4200f?1790688206401:0
[ 4712482ms] [ERROR] Failed to load resource: the server responded with a status of 424 (Failed Dependency) @ https://jupyter.hpc.hse.ru/hub/user/aoshavrina/api/kernels/4e17dc8b-5eba-4990-88c4-2de8b2d67d2b?1790688207363:0
[ 4715671ms] [ERROR] Failed to load resource: the server responded with a status of 424 (Failed Dependency) @ https://jupyter.hpc.hse.ru/hub/user/aoshavrina/api/kernels/4e17dc8b-5eba-4990-88c4-2de8b2d67d2b?1790688210536:0
[ 4719905ms] [ERROR] Failed to load resource: the server responded with a status of 424 (Failed Dependency) @ https://jupyter.hpc.hse.ru/hub/user/aoshavrina/api/contents?content=1&1790688214733:0
[ 4721700ms] [ERROR] Failed to load resource: the server responded with a status of 424 (Failed Dependency) @ https://jupyter.hpc.hse.ru/hub/user/aoshavrina/api/kernels/eba0e010-f0c7-491a-8b44-427819e4200f?1790688216483:0
[ 4721711ms] [ERROR] Failed to load resource: the server responded with a status of 424 (Failed Dependency) @ https://jupyter.hpc.hse.ru/hub/user/aoshavrina/api/kernels/68fedb24-6334-4703-8ae7-0ef85e4354d9?1790688216507:0
[ 4725211ms] [ERROR] Failed to load resource: the server responded with a status of 424 (Failed Dependency) @ https://jupyter.hpc.hse.ru/hub/user/aoshavrina/api/kernels/68fedb24-6334-4703-8ae7-0ef85e4354d9?1790688220079:0
[ 4729981ms] [ERROR] Failed to load resource: the server responded with a status of 424 (Failed Dependency) @ https://jupyter.hpc.hse.ru/hub/user/aoshavrina/api/contents?content=1&1790688224857:0
[ 4733551ms] [ERROR] Failed to load resource: the server responded with a status of 424 (Failed Dependency) @ https://jupyter.hpc.hse.ru/hub/user/aoshavrina/api/kernels/4e17dc8b-5eba-4990-88c4-2de8b2d67d2b?1790688228426:0
[ 4734734ms] [ERROR] Failed to load resource: the server responded with a status of 424 (Failed Dependency) @ https://jupyter.hpc.hse.ru/hub/user/aoshavrina/api/kernels/4e17dc8b-5eba-4990-88c4-2de8b2d67d2b?1790688229613:0
[ 4735758ms] [ERROR] Failed to load resource: the server responded with a status of 424 (Failed Dependency) @ https://jupyter.hpc.hse.ru/hub/user/aoshavrina/api/kernels/eba0e010-f0c7-491a-8b44-427819e4200f?1790688230640:0
[ 4740051ms] [ERROR] Failed to load resource: the server responded with a status of 424 (Failed Dependency) @ https://jupyter.hpc.hse.ru/hub/user/aoshavrina/api/contents?content=1&1790688234925:0
[ 4745610ms] [ERROR] Failed to load resource: the server responded with a status of 424 (Failed Dependency) @ https://jupyter.hpc.hse.ru/hub/user/aoshavrina/api/kernels/4e17dc8b-5eba-4990-88c4-2de8b2d67d2b?1790688240489:0
[ 4746776ms] [ERROR] Failed to load resource: the server responded with a status of 424 (Failed Dependency) @ https://jupyter.hpc.hse.ru/hub/user/aoshavrina/api/kernels/68fedb24-6334-4703-8ae7-0ef85e4354d9?1790688241656:0
[ 4750113ms] [ERROR] Failed to load resource: the server responded with a status of 424 (Failed Dependency) @ https://jupyter.hpc.hse.ru/hub/user/aoshavrina/api/contents?content=1&1790688244993:0
[ 4750286ms] [ERROR] Failed to load resource: the server responded with a status of 424 (Failed Dependency) @ https://jupyter.hpc.hse.ru/hub/user/aoshavrina/api/kernels/68fedb24-6334-4703-8ae7-0ef85e4354d9?1790688245163:0
[ 4755834ms] [ERROR] Failed to load resource: the server responded with a status of 424 (Failed Dependency) @ https://jupyter.hpc.hse.ru/hub/user/aoshavrina/api/kernels/eba0e010-f0c7-491a-8b44-427819e4200f?1790688250708:0
[ 4760191ms] [ERROR] Failed to load resource: the server responded with a status of 424 (Failed Dependency) @ https://jupyter.hpc.hse.ru/hub/user/aoshavrina/api/contents?content=1&1790688255062:0
[ 4763693ms] [ERROR] Failed to load resource: the server responded with a status of 424 (Failed Dependency) @ https://jupyter.hpc.hse.ru/hub/user/aoshavrina/api/kernels/4e17dc8b-5eba-4990-88c4-2de8b2d67d2b?1790688258557:0
[ 4763812ms] [ERROR] Failed to load resource: the server responded with a status of 424 (Failed Dependency) @ https://jupyter.hpc.hse.ru/hub/user/aoshavrina/api/kernels/4e17dc8b-5eba-4990-88c4-2de8b2d67d2b?1790688258683:0
[ 4767898ms] [ERROR] Failed to load resource: the server responded with a status of 424 (Failed Dependency) @ https://jupyter.hpc.hse.ru/hub/user/aoshavrina/api/kernels/eba0e010-f0c7-491a-8b44-427819e4200f?1790688262772:0
[ 4770270ms] [ERROR] Failed to load resource: the server responded with a status of 424 (Failed Dependency) @ https://jupyter.hpc.hse.ru/hub/user/aoshavrina/api/contents?content=1&1790688265141:0
[ 4771836ms] [ERROR] Failed to load resource: the server responded with a status of 424 (Failed Dependency) @ https://jupyter.hpc.hse.ru/hub/user/aoshavrina/api/kernels/68fedb24-6334-4703-8ae7-0ef85e4354d9?1790688266714:0
[ 4773768ms] [ERROR] Failed to load resource: the server responded with a status of 424 (Failed Dependency) @ https://jupyter.hpc.hse.ru/hub/user/aoshavrina/api/kernels/4e17dc8b-5eba-4990-88c4-2de8b2d67d2b?1790688268638:0
[ 4777340ms] [ERROR] Failed to load resource: the server responded with a status of 424 (Failed Dependency) @ https://jupyter.hpc.hse.ru/hub/user/aoshavrina/api/kernels/68fedb24-6334-4703-8ae7-0ef85e4354d9?1790688272223:0
[ 4780334ms] [ERROR] Failed to load resource: the server responded with a status of 424 (Failed Dependency) @ https://jupyter.hpc.hse.ru/hub/user/aoshavrina/api/contents?content=1&1790688275219:0
[ 4784882ms] [ERROR] Failed to load resource: the server responded with a status of 424 (Failed Dependency) @ https://jupyter.hpc.hse.ru/hub/user/aoshavrina/api/kernels/4e17dc8b-5eba-4990-88c4-2de8b2d67d2b?1790688279761:0
[ 4786971ms] [ERROR] Failed to load resource: the server responded with a status of 424 (Failed Dependency) @ https://jupyter.hpc.hse.ru/hub/user/aoshavrina/api/kernels/eba0e010-f0c7-491a-8b44-427819e4200f?1790688281849:0
[ 4789885ms] [ERROR] Failed to load resource: the server responded with a status of 424 (Failed Dependency) @ https://jupyter.hpc.hse.ru/hub/user/aoshavrina/api/kernels/4e17dc8b-5eba-4990-88c4-2de8b2d67d2b?1790688284705:0
[ 4790403ms] [ERROR] Failed to load resource: the server responded with a status of 424 (Failed Dependency) @ https://jupyter.hpc.hse.ru/hub/user/aoshavrina/api/contents?content=1&1790688285274:0
[ 4798916ms] [ERROR] Failed to load resource: the server responded with a status of 424 (Failed Dependency) @ https://jupyter.hpc.hse.ru/hub/user/aoshavrina/api/kernels/68fedb24-6334-4703-8ae7-0ef85e4354d9?1790688293780:0
[ 4800467ms] [ERROR] Failed to load resource: the server responded with a status of 424 (Failed Dependency) @ https://jupyter.hpc.hse.ru/hub/user/aoshavrina/api/contents?content=1&1790688295340:0
[ 4804043ms] [ERROR] Failed to load resource: the server responded with a status of 424 (Failed Dependency) @ https://jupyter.hpc.hse.ru/hub/user/aoshavrina/api/kernels/eba0e010-f0c7-491a-8b44-427819e4200f?1790688298923:0
[ 4805950ms] [ERROR] Failed to load resource: the server responded with a status of 424 (Failed Dependency) @ https://jupyter.hpc.hse.ru/hub/user/aoshavrina/api/kernels/4e17dc8b-5eba-4990-88c4-2de8b2d67d2b?1790688300831:0
[ 4807400ms] [ERROR] Failed to load resource: the server responded with a status of 424 (Failed Dependency) @ https://jupyter.hpc.hse.ru/hub/user/aoshavrina/api/kernels/68fedb24-6334-4703-8ae7-0ef85e4354d9?1790688302285:0
[ 4808948ms] [ERROR] Failed to load resource: the server responded with a status of 424 (Failed Dependency) @ https://jupyter.hpc.hse.ru/hub/user/aoshavrina/api/kernels/4e17dc8b-5eba-4990-88c4-2de8b2d67d2b?1790688303832:0
[ 4810533ms] [ERROR] Failed to load resource: the server responded with a status of 424 (Failed Dependency) @ https://jupyter.hpc.hse.ru/hub/user/aoshavrina/api/contents?content=1&1790688305416:0
[ 4810983ms] [ERROR] Failed to load resource: the server responded with a status of 424 (Failed Dependency) @ https://jupyter.hpc.hse.ru/hub/user/aoshavrina/api/kernels/68fedb24-6334-4703-8ae7-0ef85e4354d9?1790688305868:0
[ 4819020ms] [ERROR] Failed to load resource: the server responded with a status of 424 (Failed Dependency) @ https://jupyter.hpc.hse.ru/hub/user/aoshavrina/api/kernels/4e17dc8b-5eba-4990-88c4-2de8b2d67d2b?1790688313891:0
[ 4820597ms] [ERROR] Failed to load resource: the server responded with a status of 424 (Failed Dependency) @ https://jupyter.hpc.hse.ru/hub/user/aoshavrina/api/contents?content=1&1790688315476:0
[ 4822016ms] [ERROR] Failed to load resource: the server responded with a status of 424 (Failed Dependency) @ https://jupyter.hpc.hse.ru/hub/user/aoshavrina/api/kernels/4e17dc8b-5eba-4990-88c4-2de8b2d67d2b?1790688316892:0
[ 4823047ms] [ERROR] Failed to load resource: the server responded with a status of 424 (Failed Dependency) @ https://jupyter.hpc.hse.ru/hub/user/aoshavrina/api/kernels/68fedb24-6334-4703-8ae7-0ef85e4354d9?1790688317923:0
[ 4826466ms] [ERROR] Failed to load resource: the server responded with a status of 424 (Failed Dependency) @ https://jupyter.hpc.hse.ru/hub/user/aoshavrina/api/kernels/68fedb24-6334-4703-8ae7-0ef85e4354d9?1790688321343:0
[ 4830667ms] [ERROR] Failed to load resource: the server responded with a status of 424 (Failed Dependency) @ https://jupyter.hpc.hse.ru/hub/user/aoshavrina/api/contents?content=1&1790688325543:0
[ 4834141ms] [ERROR] Failed to load resource: the server responded with a status of 424 (Failed Dependency) @ https://jupyter.hpc.hse.ru/hub/user/aoshavrina/api/kernels/eba0e010-f0c7-491a-8b44-427819e4200f?1790688328996:0
[ 4834167ms] [ERROR] Failed to load resource: the server responded with a status of 424 (Failed Dependency) @ https://jupyter.hpc.hse.ru/hub/user/aoshavrina/api/kernels/68fedb24-6334-4703-8ae7-0ef85e4354d9?1790688328998:0
[ 4837092ms] [ERROR] Failed to load resource: the server responded with a status of 424 (Failed Dependency) @ https://jupyter.hpc.hse.ru/hub/user/aoshavrina/api/kernels/4e17dc8b-5eba-4990-88c4-2de8b2d67d2b?1790688331961:0
[ 4838454ms] [ERROR] Failed to load resource: the server responded with a status of 424 (Failed Dependency) @ https://jupyter.hpc.hse.ru/hub/user/aoshavrina/api/terminals?1790688333333:0
[ 4839435ms] [ERROR] Failed to load resource: the server responded with a status of 424 (Failed Dependency) @ https://jupyter.hpc.hse.ru/hub/user/aoshavrina/api/kernels?1790688334303:0
[ 4840737ms] [ERROR] Failed to load resource: the server responded with a status of 424 (Failed Dependency) @ https://jupyter.hpc.hse.ru/hub/user/aoshavrina/api/contents?content=1&1790688335610:0
[ 4841522ms] [ERROR] Failed to load resource: the server responded with a status of 424 (Failed Dependency) @ https://jupyter.hpc.hse.ru/hub/user/aoshavrina/api/kernels/68fedb24-6334-4703-8ae7-0ef85e4354d9?1790688336403:0
[ 4846510ms] [ERROR] Failed to load resource: the server responded with a status of 424 (Failed Dependency) @ https://jupyter.hpc.hse.ru/hub/user/aoshavrina/api/sessions?1790688341388:0
[ 4847087ms] [ERROR] Failed to load resource: the server responded with a status of 424 (Failed Dependency) @ https://jupyter.hpc.hse.ru/hub/user/aoshavrina/api/kernels/4e17dc8b-5eba-4990-88c4-2de8b2d67d2b?1790688341966:0
[ 4847159ms] [ERROR] Failed to load resource: the server responded with a status of 424 (Failed Dependency) @ https://jupyter.hpc.hse.ru/hub/user/aoshavrina/api/kernels/4e17dc8b-5eba-4990-88c4-2de8b2d67d2b?1790688342043:0
[ 4847206ms] [ERROR] Failed to load resource: the server responded with a status of 424 (Failed Dependency) @ https://jupyter.hpc.hse.ru/hub/user/aoshavrina/api/kernels/eba0e010-f0c7-491a-8b44-427819e4200f?1790688342089:0
[ 4850804ms] [ERROR] Failed to load resource: the server responded with a status of 424 (Failed Dependency) @ https://jupyter.hpc.hse.ru/hub/user/aoshavrina/api/contents?content=1&1790688345687:0
[ 4852580ms] [ERROR] Failed to load resource: the server responded with a status of 424 (Failed Dependency) @ https://jupyter.hpc.hse.ru/hub/user/aoshavrina/api/kernels/68fedb24-6334-4703-8ae7-0ef85e4354d9?1790688347462:0
[ 4853231ms] [ERROR] Failed to load resource: the server responded with a status of 424 (Failed Dependency) @ https://jupyter.hpc.hse.ru/hub/user/aoshavrina/api/kernels/68fedb24-6334-4703-8ae7-0ef85e4354d9?1790688348116:0
[ 4857271ms] [ERROR] Failed to load resource: the server responded with a status of 424 (Failed Dependency) @ https://jupyter.hpc.hse.ru/hub/user/aoshavrina/api/kernels/eba0e010-f0c7-491a-8b44-427819e4200f?1790688352152:0
[ 4859189ms] [ERROR] Failed to load resource: the server responded with a status of 424 (Failed Dependency) @ https://jupyter.hpc.hse.ru/hub/user/aoshavrina/api/kernelspecs?1790688354072:0
[ 4860871ms] [ERROR] Failed to load resource: the server responded with a status of 424 (Failed Dependency) @ https://jupyter.hpc.hse.ru/hub/user/aoshavrina/api/contents?content=1&1790688355740:0
[ 4868158ms] [ERROR] Failed to load resource: the server responded with a status of 424 (Failed Dependency) @ https://jupyter.hpc.hse.ru/hub/user/aoshavrina/api/kernels/4e17dc8b-5eba-4990-88c4-2de8b2d67d2b?1790688363037:0
[ 4870944ms] [ERROR] Failed to load resource: the server responded with a status of 424 (Failed Dependency) @ https://jupyter.hpc.hse.ru/hub/user/aoshavrina/api/contents?content=1&1790688365815:0
[ 4871226ms] [ERROR] Failed to load resource: the server responded with a status of 424 (Failed Dependency) @ https://jupyter.hpc.hse.ru/hub/user/aoshavrina/api/kernels/4e17dc8b-5eba-4990-88c4-2de8b2d67d2b?1790688366111:0
[ 4873297ms] [ERROR] Failed to load resource: the server responded with a status of 424 (Failed Dependency) @ https://jupyter.hpc.hse.ru/hub/user/aoshavrina/api/kernels/68fedb24-6334-4703-8ae7-0ef85e4354d9?1790688368177:0
[ 4874339ms] [ERROR] Failed to load resource: the server responded with a status of 424 (Failed Dependency) @ https://jupyter.hpc.hse.ru/hub/user/aoshavrina/api/kernels/eba0e010-f0c7-491a-8b44-427819e4200f?1790688369220:0
[ 4878647ms] [ERROR] Failed to load resource: the server responded with a status of 424 (Failed Dependency) @ https://jupyter.hpc.hse.ru/hub/user/aoshavrina/api/kernels/68fedb24-6334-4703-8ae7-0ef85e4354d9?1790688373529:0
[ 4881009ms] [ERROR] Failed to load resource: the server responded with a status of 424 (Failed Dependency) @ https://jupyter.hpc.hse.ru/hub/user/aoshavrina/api/contents?content=1&1790688375890:0
[ 4885282ms] [ERROR] Failed to load resource: the server responded with a status of 424 (Failed Dependency) @ https://jupyter.hpc.hse.ru/hub/user/aoshavrina/api/kernels/4e17dc8b-5eba-4990-88c4-2de8b2d67d2b?1790688380167:0
[ 4888223ms] [ERROR] Failed to load resource: the server responded with a status of 424 (Failed Dependency) @ https://jupyter.hpc.hse.ru/hub/user/aoshavrina/api/kernels/4e17dc8b-5eba-4990-88c4-2de8b2d67d2b?1790688383104:0
[ 4888356ms] [ERROR] Failed to load resource: the server responded with a status of 424 (Failed Dependency) @ https://jupyter.hpc.hse.ru/hub/user/aoshavrina/api/kernels/68fedb24-6334-4703-8ae7-0ef85e4354d9?1790688383241:0
[ 4891079ms] [ERROR] Failed to load resource: the server responded with a status of 424 (Failed Dependency) @ https://jupyter.hpc.hse.ru/hub/user/aoshavrina/api/contents?content=1&1790688385956:0
[ 4900410ms] [ERROR] Failed to load resource: the server responded with a status of 424 (Failed Dependency) @ https://jupyter.hpc.hse.ru/hub/user/aoshavrina/api/kernels/eba0e010-f0c7-491a-8b44-427819e4200f?1790688395285:0
[ 4901139ms] [ERROR] Failed to load resource: the server responded with a status of 424 (Failed Dependency) @ https://jupyter.hpc.hse.ru/hub/user/aoshavrina/api/contents?content=1&1790688396017:0
[ 4902353ms] [ERROR] Failed to load resource: the server responded with a status of 424 (Failed Dependency) @ https://jupyter.hpc.hse.ru/hub/user/aoshavrina/api/kernels/4e17dc8b-5eba-4990-88c4-2de8b2d67d2b?1790688397230:0
[ 4902727ms] [ERROR] Failed to load resource: the server responded with a status of 424 (Failed Dependency) @ https://jupyter.hpc.hse.ru/hub/user/aoshavrina/api/kernels/68fedb24-6334-4703-8ae7-0ef85e4354d9?1790688397587:0
[ 4911204ms] [ERROR] Failed to load resource: the server responded with a status of 424 (Failed Dependency) @ https://jupyter.hpc.hse.ru/hub/user/aoshavrina/api/contents?content=1&1790688406084:0
[ 4911419ms] [ERROR] Failed to load resource: the server responded with a status of 424 (Failed Dependency) @ https://jupyter.hpc.hse.ru/hub/user/aoshavrina/api/kernels/68fedb24-6334-4703-8ae7-0ef85e4354d9?1790688406301:0
[ 4914290ms] [ERROR] Failed to load resource: the server responded with a status of 424 (Failed Dependency) @ https://jupyter.hpc.hse.ru/hub/user/aoshavrina/api/kernels/4e17dc8b-5eba-4990-88c4-2de8b2d67d2b?1790688409172:0
[ 4914411ms] [ERROR] Failed to load resource: the server responded with a status of 424 (Failed Dependency) @ https://jupyter.hpc.hse.ru/hub/user/aoshavrina/api/kernels/4e17dc8b-5eba-4990-88c4-2de8b2d67d2b?1790688409296:0
[ 4914462ms] [ERROR] Failed to load resource: the server responded with a status of 424 (Failed Dependency) @ https://jupyter.hpc.hse.ru/hub/user/aoshavrina/api/kernels/eba0e010-f0c7-491a-8b44-427819e4200f?1790688409347:0
[ 4921269ms] [ERROR] Failed to load resource: the server responded with a status of 424 (Failed Dependency) @ https://jupyter.hpc.hse.ru/hub/user/aoshavrina/api/contents?content=1&1790688416143:0
[ 4921482ms] [ERROR] Failed to load resource: the server responded with a status of 424 (Failed Dependency) @ https://jupyter.hpc.hse.ru/hub/user/aoshavrina/api/kernels/68fedb24-6334-4703-8ae7-0ef85e4354d9?1790688416359:0
[ 4922845ms] [ERROR] Failed to load resource: the server responded with a status of 424 (Failed Dependency) @ https://jupyter.hpc.hse.ru/hub/user/aoshavrina/api/sessions?1790688417719:0
[ 4923783ms] [ERROR] Failed to load resource: the server responded with a status of 424 (Failed Dependency) @ https://jupyter.hpc.hse.ru/hub/user/aoshavrina/api/kernels/68fedb24-6334-4703-8ae7-0ef85e4354d9?1790688418670:0
[ 4924343ms] [ERROR] Failed to load resource: the server responded with a status of 424 (Failed Dependency) @ https://jupyter.hpc.hse.ru/hub/user/aoshavrina/api/kernels/4e17dc8b-5eba-4990-88c4-2de8b2d67d2b?1790688419230:0
[ 4924471ms] [ERROR] Failed to load resource: the server responded with a status of 424 (Failed Dependency) @ https://jupyter.hpc.hse.ru/hub/user/aoshavrina/api/kernels/4e17dc8b-5eba-4990-88c4-2de8b2d67d2b?1790688419355:0
[ 4925520ms] [ERROR] Failed to load resource: the server responded with a status of 424 (Failed Dependency) @ https://jupyter.hpc.hse.ru/hub/user/aoshavrina/api/kernels/eba0e010-f0c7-491a-8b44-427819e4200f?1790688420401:0
[ 4931337ms] [ERROR] Failed to load resource: the server responded with a status of 424 (Failed Dependency) @ https://jupyter.hpc.hse.ru/hub/user/aoshavrina/api/contents?content=1&1790688426216:0
[ 4938856ms] [ERROR] Failed to load resource: the server responded with a status of 424 (Failed Dependency) @ https://jupyter.hpc.hse.ru/hub/user/aoshavrina/api/kernels/68fedb24-6334-4703-8ae7-0ef85e4354d9?1790688433723:0
[ 4939546ms] [ERROR] Failed to load resource: the server responded with a status of 424 (Failed Dependency) @ https://jupyter.hpc.hse.ru/hub/user/aoshavrina/api/kernels/68fedb24-6334-4703-8ae7-0ef85e4354d9?1790688434428:0
[ 4941393ms] [ERROR] Failed to load resource: the server responded with a status of 424 (Failed Dependency) @ https://jupyter.hpc.hse.ru/hub/user/aoshavrina/api/contents?content=1&1790688436277:0
[ 4941535ms] [ERROR] Failed to load resource: the server responded with a status of 424 (Failed Dependency) @ https://jupyter.hpc.hse.ru/hub/user/aoshavrina/api/kernels/4e17dc8b-5eba-4990-88c4-2de8b2d67d2b?1790688436418:0
[ 4943590ms] [ERROR] Failed to load resource: the server responded with a status of 424 (Failed Dependency) @ https://jupyter.hpc.hse.ru/hub/user/aoshavrina/api/kernels/eba0e010-f0c7-491a-8b44-427819e4200f?1790688438468:0
[ 4951680ms] [ERROR] Failed to load resource: the server responded with a status of 424 (Failed Dependency) @ https://jupyter.hpc.hse.ru/hub/user/aoshavrina/api/contents?content=1&1790688446334:0
[ 4952409ms] [ERROR] Failed to load resource: the server responded with a status of 424 (Failed Dependency) @ https://jupyter.hpc.hse.ru/hub/user/aoshavrina/api/kernels/4e17dc8b-5eba-4990-88c4-2de8b2d67d2b?1790688447288:0
[ 4953656ms] [ERROR] Failed to load resource: the server responded with a status of 424 (Failed Dependency) @ https://jupyter.hpc.hse.ru/hub/user/aoshavrina/api/kernels/eba0e010-f0c7-491a-8b44-427819e4200f?1790688448538:0
[ 4960929ms] [ERROR] Failed to load resource: the server responded with a status of 424 (Failed Dependency) @ https://jupyter.hpc.hse.ru/hub/user/aoshavrina/api/kernels/68fedb24-6334-4703-8ae7-0ef85e4354d9?1790688455795:0
[ 4961732ms] [ERROR] Failed to load resource: the server responded with a status of 424 (Failed Dependency) @ https://jupyter.hpc.hse.ru/hub/user/aoshavrina/api/contents?content=1&1790688456616:0
[ 4964608ms] [ERROR] Failed to load resource: the server responded with a status of 424 (Failed Dependency) @ https://jupyter.hpc.hse.ru/hub/user/aoshavrina/api/kernels/68fedb24-6334-4703-8ae7-0ef85e4354d9?1790688459492:0
[ 4967599ms] [ERROR] Failed to load resource: the server responded with a status of 424 (Failed Dependency) @ https://jupyter.hpc.hse.ru/hub/user/aoshavrina/api/kernels/4e17dc8b-5eba-4990-88c4-2de8b2d67d2b?1790688462483:0
[ 4971723ms] [ERROR] Failed to load resource: the server responded with a status of 424 (Failed Dependency) @ https://jupyter.hpc.hse.ru/hub/user/aoshavrina/api/kernels/eba0e010-f0c7-491a-8b44-427819e4200f?1790688466606:0
[ 4971795ms] [ERROR] Failed to load resource: the server responded with a status of 424 (Failed Dependency) @ https://jupyter.hpc.hse.ru/hub/user/aoshavrina/api/contents?content=1&1790688466684:0
[ 4974002ms] [ERROR] Failed to load resource: the server responded with a status of 424 (Failed Dependency) @ https://jupyter.hpc.hse.ru/hub/user/aoshavrina/api/kernels/68fedb24-6334-4703-8ae7-0ef85e4354d9?1790688468877:0
[ 4978670ms] [ERROR] Failed to load resource: the server responded with a status of 424 (Failed Dependency) @ https://jupyter.hpc.hse.ru/hub/user/aoshavrina/api/kernels/68fedb24-6334-4703-8ae7-0ef85e4354d9?1790688473550:0
[ 4980663ms] [ERROR] Failed to load resource: the server responded with a status of 424 (Failed Dependency) @ https://jupyter.hpc.hse.ru/hub/user/aoshavrina/api/kernels/4e17dc8b-5eba-4990-88c4-2de8b2d67d2b?1790688475539:0
[ 4981864ms] [ERROR] Failed to load resource: the server responded with a status of 424 (Failed Dependency) @ https://jupyter.hpc.hse.ru/hub/user/aoshavrina/api/contents?content=1&1790688476743:0
[ 4982476ms] [ERROR] Failed to load resource: the server responded with a status of 424 (Failed Dependency) @ https://jupyter.hpc.hse.ru/hub/user/aoshavrina/api/kernels/4e17dc8b-5eba-4990-88c4-2de8b2d67d2b?1790688477353:0
[ 4991930ms] [ERROR] Failed to load resource: the server responded with a status of 424 (Failed Dependency) @ https://jupyter.hpc.hse.ru/hub/user/aoshavrina/api/contents?content=1&1790688486811:0
[ 4992074ms] [ERROR] Failed to load resource: the server responded with a status of 424 (Failed Dependency) @ https://jupyter.hpc.hse.ru/hub/user/aoshavrina/api/kernels/68fedb24-6334-4703-8ae7-0ef85e4354d9?1790688486952:0
[ 4996545ms] [ERROR] Failed to load resource: the server responded with a status of 424 (Failed Dependency) @ https://jupyter.hpc.hse.ru/hub/user/aoshavrina/api/kernels/4e17dc8b-5eba-4990-88c4-2de8b2d67d2b?1790688491421:0
[ 4997720ms] [ERROR] Failed to load resource: the server responded with a status of 424 (Failed Dependency) @ https://jupyter.hpc.hse.ru/hub/user/aoshavrina/api/kernels/4e17dc8b-5eba-4990-88c4-2de8b2d67d2b?1790688492603:0
[ 4998786ms] [ERROR] Failed to load resource: the server responded with a status of 424 (Failed Dependency) @ https://jupyter.hpc.hse.ru/hub/user/aoshavrina/api/kernels/eba0e010-f0c7-491a-8b44-427819e4200f?1790688493667:0
[ 5002225ms] [ERROR] Failed to load resource: the server responded with a status of 424 (Failed Dependency) @ https://jupyter.hpc.hse.ru/hub/user/aoshavrina/api/contents?content=1&1790688496869:0
[ 5007793ms] [ERROR] Failed to load resource: the server responded with a status of 424 (Failed Dependency) @ https://jupyter.hpc.hse.ru/hub/user/aoshavrina/api/kernels/4e17dc8b-5eba-4990-88c4-2de8b2d67d2b?1790688502667:0
[ 5008732ms] [ERROR] Failed to load resource: the server responded with a status of 424 (Failed Dependency) @ https://jupyter.hpc.hse.ru/hub/user/aoshavrina/api/kernels/68fedb24-6334-4703-8ae7-0ef85e4354d9?1790688503619:0
[ 5009844ms] [ERROR] Failed to load resource: the server responded with a status of 424 (Failed Dependency) @ https://jupyter.hpc.hse.ru/hub/user/aoshavrina/api/kernels/eba0e010-f0c7-491a-8b44-427819e4200f?1790688504725:0
[ 5011142ms] [ERROR] Failed to load resource: the server responded with a status of 424 (Failed Dependency) @ https://jupyter.hpc.hse.ru/hub/user/aoshavrina/api/kernels/68fedb24-6334-4703-8ae7-0ef85e4354d9?1790688506013:0
[ 5011618ms] [ERROR] Failed to load resource: the server responded with a status of 424 (Failed Dependency) @ https://jupyter.hpc.hse.ru/hub/user/aoshavrina/api/kernels/4e17dc8b-5eba-4990-88c4-2de8b2d67d2b?1790688506493:0
[ 5012284ms] [ERROR] Failed to load resource: the server responded with a status of 424 (Failed Dependency) @ https://jupyter.hpc.hse.ru/hub/user/aoshavrina/api/contents?content=1&1790688507164:0
[ 5021082ms] [ERROR] Failed to load resource: the server responded with a status of 424 (Failed Dependency) @ https://jupyter.hpc.hse.ru/hub/user/aoshavrina/api/kernels/4e17dc8b-5eba-4990-88c4-2de8b2d67d2b?1790688515730:0
[ 5022357ms] [ERROR] Failed to load resource: the server responded with a status of 424 (Failed Dependency) @ https://jupyter.hpc.hse.ru/hub/user/aoshavrina/api/contents?content=1&1790688517234:0
[ 5030794ms] [ERROR] Failed to load resource: the server responded with a status of 424 (Failed Dependency) @ https://jupyter.hpc.hse.ru/hub/user/aoshavrina/api/kernels/68fedb24-6334-4703-8ae7-0ef85e4354d9?1790688525678:0
[ 5031147ms] [ERROR] Failed to load resource: the server responded with a status of 424 (Failed Dependency) @ https://jupyter.hpc.hse.ru/hub/user/aoshavrina/api/kernels/4e17dc8b-5eba-4990-88c4-2de8b2d67d2b?1790688526024:0
[ 5032409ms] [ERROR] Failed to load resource: the server responded with a status of 424 (Failed Dependency) @ https://jupyter.hpc.hse.ru/hub/user/aoshavrina/api/contents?content=1&1790688527293:0
[ 5034909ms] [ERROR] Failed to load resource: the server responded with a status of 424 (Failed Dependency) @ https://jupyter.hpc.hse.ru/hub/user/aoshavrina/api/kernels/eba0e010-f0c7-491a-8b44-427819e4200f?1790688529793:0
[ 5037204ms] [ERROR] Failed to load resource: the server responded with a status of 424 (Failed Dependency) @ https://jupyter.hpc.hse.ru/hub/user/aoshavrina/api/kernels/68fedb24-6334-4703-8ae7-0ef85e4354d9?1790688532082:0
[ 5038678ms] [ERROR] Failed to load resource: the server responded with a status of 424 (Failed Dependency) @ https://jupyter.hpc.hse.ru/hub/user/aoshavrina/api/kernels/4e17dc8b-5eba-4990-88c4-2de8b2d67d2b?1790688533561:0
[ 5042487ms] [ERROR] Failed to load resource: the server responded with a status of 424 (Failed Dependency) @ https://jupyter.hpc.hse.ru/hub/user/aoshavrina/api/contents?content=1&1790688537357:0
[ 5048212ms] [ERROR] Failed to load resource: the server responded with a status of 424 (Failed Dependency) @ https://jupyter.hpc.hse.ru/hub/user/aoshavrina/api/kernels/4e17dc8b-5eba-4990-88c4-2de8b2d67d2b?1790688543096:0
[ 5052553ms] [ERROR] Failed to load resource: the server responded with a status of 424 (Failed Dependency) @ https://jupyter.hpc.hse.ru/hub/user/aoshavrina/api/contents?content=1&1790688547432:0
[ 5057746ms] [ERROR] Failed to load resource: the server responded with a status of 424 (Failed Dependency) @ https://jupyter.hpc.hse.ru/hub/user/aoshavrina/api/kernels/4e17dc8b-5eba-4990-88c4-2de8b2d67d2b?1790688552627:0
[ 5057849ms] [ERROR] Failed to load resource: the server responded with a status of 424 (Failed Dependency) @ https://jupyter.hpc.hse.ru/hub/user/aoshavrina/api/kernels/68fedb24-6334-4703-8ae7-0ef85e4354d9?1790688552735:0
[ 5060261ms] [ERROR] Failed to load resource: the server responded with a status of 424 (Failed Dependency) @ https://jupyter.hpc.hse.ru/hub/user/aoshavrina/api/kernels/68fedb24-6334-4703-8ae7-0ef85e4354d9?1790688555144:0
[ 5061971ms] [ERROR] Failed to load resource: the server responded with a status of 424 (Failed Dependency) @ https://jupyter.hpc.hse.ru/hub/user/aoshavrina/api/kernels/eba0e010-f0c7-491a-8b44-427819e4200f?1790688556853:0
[ 5062609ms] [ERROR] Failed to load resource: the server responded with a status of 424 (Failed Dependency) @ https://jupyter.hpc.hse.ru/hub/user/aoshavrina/api/contents?content=1&1790688557492:0
[ 5068809ms] [ERROR] Failed to load resource: the server responded with a status of 424 (Failed Dependency) @ https://jupyter.hpc.hse.ru/hub/user/aoshavrina/api/kernels/4e17dc8b-5eba-4990-88c4-2de8b2d67d2b?1790688563692:0
[ 5071325ms] [ERROR] Failed to load resource: the server responded with a status of 424 (Failed Dependency) @ https://jupyter.hpc.hse.ru/hub/user/aoshavrina/api/kernels/68fedb24-6334-4703-8ae7-0ef85e4354d9?1790688566209:0
[ 5072669ms] [ERROR] Failed to load resource: the server responded with a status of 424 (Failed Dependency) @ https://jupyter.hpc.hse.ru/hub/user/aoshavrina/api/contents?content=1&1790688567550:0
[ 5078282ms] [ERROR] Failed to load resource: the server responded with a status of 424 (Failed Dependency) @ https://jupyter.hpc.hse.ru/hub/user/aoshavrina/api/kernels/4e17dc8b-5eba-4990-88c4-2de8b2d67d2b?1790688573163:0
[ 5082728ms] [ERROR] Failed to load resource: the server responded with a status of 424 (Failed Dependency) @ https://jupyter.hpc.hse.ru/hub/user/aoshavrina/api/contents?content=1&1790688577608:0
[ 5083869ms] [ERROR] Failed to load resource: the server responded with a status of 424 (Failed Dependency) @ https://jupyter.hpc.hse.ru/hub/user/aoshavrina/api/kernels/4e17dc8b-5eba-4990-88c4-2de8b2d67d2b?1790688578748:0
[ 5083918ms] [ERROR] Failed to load resource: the server responded with a status of 424 (Failed Dependency) @ https://jupyter.hpc.hse.ru/hub/user/aoshavrina/api/kernels/68fedb24-6334-4703-8ae7-0ef85e4354d9?1790688578795:0
[ 5089030ms] [ERROR] Failed to load resource: the server responded with a status of 424 (Failed Dependency) @ https://jupyter.hpc.hse.ru/hub/user/aoshavrina/api/kernels/eba0e010-f0c7-491a-8b44-427819e4200f?1790688583914:0
[ 5090404ms] [ERROR] Failed to load resource: the server responded with a status of 424 (Failed Dependency) @ https://jupyter.hpc.hse.ru/hub/user/aoshavrina/api/kernels/68fedb24-6334-4703-8ae7-0ef85e4354d9?1790688585274:0
[ 5092793ms] [ERROR] Failed to load resource: the server responded with a status of 424 (Failed Dependency) @ https://jupyter.hpc.hse.ru/hub/user/aoshavrina/api/contents?content=1&1790688587670:0
[ 5097960ms] [ERROR] Failed to load resource: the server responded with a status of 424 (Failed Dependency) @ https://jupyter.hpc.hse.ru/hub/user/aoshavrina/api/kernels/4e17dc8b-5eba-4990-88c4-2de8b2d67d2b?1790688592820:0
[ 5099089ms] [ERROR] Failed to load resource: the server responded with a status of 424 (Failed Dependency) @ https://jupyter.hpc.hse.ru/hub/user/aoshavrina/api/kernels/eba0e010-f0c7-491a-8b44-427819e4200f?1790688593969:0
[ 5100344ms] [ERROR] Failed to load resource: the server responded with a status of 424 (Failed Dependency) @ https://jupyter.hpc.hse.ru/hub/user/aoshavrina/api/kernels/4e17dc8b-5eba-4990-88c4-2de8b2d67d2b?1790688595230:0
[ 5102856ms] [ERROR] Failed to load resource: the server responded with a status of 424 (Failed Dependency) @ https://jupyter.hpc.hse.ru/hub/user/aoshavrina/api/contents?content=1&1790688597734:0
[ 5103031ms] [ERROR] Failed to load resource: the server responded with a status of 424 (Failed Dependency) @ https://jupyter.hpc.hse.ru/hub/user/aoshavrina/api/sessions?1790688597890:0
[ 5108976ms] [ERROR] Failed to load resource: the server responded with a status of 424 (Failed Dependency) @ https://jupyter.hpc.hse.ru/hub/user/aoshavrina/api/kernels/68fedb24-6334-4703-8ae7-0ef85e4354d9?1790688603858:0
[ 5112914ms] [ERROR] Failed to load resource: the server responded with a status of 424 (Failed Dependency) @ https://jupyter.hpc.hse.ru/hub/user/aoshavrina/api/contents?content=1&1790688607796:0
[ 5117025ms] [ERROR] Failed to load resource: the server responded with a status of 424 (Failed Dependency) @ https://jupyter.hpc.hse.ru/hub/user/aoshavrina/api/kernels/4e17dc8b-5eba-4990-88c4-2de8b2d67d2b?1790688611909:0
[ 5117474ms] [ERROR] Failed to load resource: the server responded with a status of 424 (Failed Dependency) @ https://jupyter.hpc.hse.ru/hub/user/aoshavrina/api/kernels/68fedb24-6334-4703-8ae7-0ef85e4354d9?1790688612357:0
[ 5122162ms] [ERROR] Failed to load resource: the server responded with a status of 424 (Failed Dependency) @ https://jupyter.hpc.hse.ru/hub/user/aoshavrina/api/kernels/eba0e010-f0c7-491a-8b44-427819e4200f?1790688617036:0
[ 5122408ms] [ERROR] Failed to load resource: the server responded with a status of 424 (Failed Dependency) @ https://jupyter.hpc.hse.ru/hub/user/aoshavrina/api/kernels/4e17dc8b-5eba-4990-88c4-2de8b2d67d2b?1790688617285:0
[ 5123000ms] [ERROR] Failed to load resource: the server responded with a status of 424 (Failed Dependency) @ https://jupyter.hpc.hse.ru/hub/user/aoshavrina/api/contents?content=1&1790688617864:0
[ 5131119ms] [ERROR] Failed to load resource: the server responded with a status of 424 (Failed Dependency) @ https://jupyter.hpc.hse.ru/hub/user/aoshavrina/api/kernels/4e17dc8b-5eba-4990-88c4-2de8b2d67d2b?1790688625968:0
[ 5133071ms] [ERROR] Failed to load resource: the server responded with a status of 424 (Failed Dependency) @ https://jupyter.hpc.hse.ru/hub/user/aoshavrina/api/contents?content=1&1790688627950:0
[ 5135227ms] [ERROR] Failed to load resource: the server responded with a status of 424 (Failed Dependency) @ https://jupyter.hpc.hse.ru/hub/user/aoshavrina/api/kernels/eba0e010-f0c7-491a-8b44-427819e4200f?1790688630106:0
[ 5137018ms] [ERROR] Failed to load resource: the server responded with a status of 424 (Failed Dependency) @ https://jupyter.hpc.hse.ru/hub/user/aoshavrina/api/terminals?1790688631896:0
[ 5137047ms] [ERROR] Failed to load resource: the server responded with a status of 424 (Failed Dependency) @ https://jupyter.hpc.hse.ru/hub/user/aoshavrina/api/kernels/68fedb24-6334-4703-8ae7-0ef85e4354d9?1790688631919:0
[ 5139506ms] [ERROR] Failed to load resource: the server responded with a status of 424 (Failed Dependency) @ https://jupyter.hpc.hse.ru/hub/user/aoshavrina/api/kernels?1790688634388:0
[ 5142532ms] [ERROR] Failed to load resource: the server responded with a status of 424 (Failed Dependency) @ https://jupyter.hpc.hse.ru/hub/user/aoshavrina/api/kernels/68fedb24-6334-4703-8ae7-0ef85e4354d9?1790688637411:0
[ 5143146ms] [ERROR] Failed to load resource: the server responded with a status of 424 (Failed Dependency) @ https://jupyter.hpc.hse.ru/hub/user/aoshavrina/api/contents?content=1&1790688638020:0
[ 5149118ms] [ERROR] Failed to load resource: the server responded with a status of 424 (Failed Dependency) @ https://jupyter.hpc.hse.ru/hub/user/aoshavrina/api/kernels/68fedb24-6334-4703-8ae7-0ef85e4354d9?1790688643989:0
[ 5150480ms] [ERROR] Failed to load resource: the server responded with a status of 424 (Failed Dependency) @ https://jupyter.hpc.hse.ru/hub/user/aoshavrina/api/kernels/4e17dc8b-5eba-4990-88c4-2de8b2d67d2b?1790688645360:0
[ 5153211ms] [ERROR] Failed to load resource: the server responded with a status of 424 (Failed Dependency) @ https://jupyter.hpc.hse.ru/hub/user/aoshavrina/api/contents?content=1&1790688648096:0
[ 5154174ms] [ERROR] Failed to load resource: the server responded with a status of 424 (Failed Dependency) @ https://jupyter.hpc.hse.ru/hub/user/aoshavrina/api/kernels/4e17dc8b-5eba-4990-88c4-2de8b2d67d2b?1790688649059:0
[ 5158324ms] [ERROR] Failed to load resource: the server responded with a status of 424 (Failed Dependency) @ https://jupyter.hpc.hse.ru/hub/user/aoshavrina/api/kernels/eba0e010-f0c7-491a-8b44-427819e4200f?1790688653175:0
[ 5159270ms] [ERROR] Failed to load resource: the server responded with a status of 424 (Failed Dependency) @ https://jupyter.hpc.hse.ru/hub/user/aoshavrina/api/kernelspecs?1790688654149:0
[ 5163274ms] [ERROR] Failed to load resource: the server responded with a status of 424 (Failed Dependency) @ https://jupyter.hpc.hse.ru/hub/user/aoshavrina/api/contents?content=1&1790688658151:0
[ 5166603ms] [ERROR] Failed to load resource: the server responded with a status of 424 (Failed Dependency) @ https://jupyter.hpc.hse.ru/hub/user/aoshavrina/api/kernels/68fedb24-6334-4703-8ae7-0ef85e4354d9?1790688661485:0
[ 5170540ms] [ERROR] Failed to load resource: the server responded with a status of 424 (Failed Dependency) @ https://jupyter.hpc.hse.ru/hub/user/aoshavrina/api/kernels/4e17dc8b-5eba-4990-88c4-2de8b2d67d2b?1790688665422:0
[ 5172173ms] [ERROR] Failed to load resource: the server responded with a status of 424 (Failed Dependency) @ https://jupyter.hpc.hse.ru/hub/user/aoshavrina/api/kernels/68fedb24-6334-4703-8ae7-0ef85e4354d9?1790688667056:0
[ 5173326ms] [ERROR] Failed to load resource: the server responded with a status of 424 (Failed Dependency) @ https://jupyter.hpc.hse.ru/hub/user/aoshavrina/api/contents?content=1&1790688668212:0
[ 5175273ms] [ERROR] Failed to load resource: the server responded with a status of 424 (Failed Dependency) @ https://jupyter.hpc.hse.ru/hub/user/aoshavrina/api/kernels/4e17dc8b-5eba-4990-88c4-2de8b2d67d2b?1790688670124:0
[ 5175376ms] [ERROR] Failed to load resource: the server responded with a status of 424 (Failed Dependency) @ https://jupyter.hpc.hse.ru/hub/user/aoshavrina/api/kernels/eba0e010-f0c7-491a-8b44-427819e4200f?1790688670264:0
[ 5177675ms] [ERROR] Failed to load resource: the server responded with a status of 424 (Failed Dependency) @ https://jupyter.hpc.hse.ru/hub/user/aoshavrina/api/kernels/68fedb24-6334-4703-8ae7-0ef85e4354d9?1790688672555:0
[ 5183388ms] [ERROR] Failed to load resource: the server responded with a status of 424 (Failed Dependency) @ https://jupyter.hpc.hse.ru/hub/user/aoshavrina/api/contents?content=1&1790688678269:0
[ 5190435ms] [ERROR] Failed to load resource: the server responded with a status of 424 (Failed Dependency) @ https://jupyter.hpc.hse.ru/hub/user/aoshavrina/api/kernels/eba0e010-f0c7-491a-8b44-427819e4200f?1790688685319:0
[ 5192608ms] [ERROR] Failed to load resource: the server responded with a status of 424 (Failed Dependency) @ https://jupyter.hpc.hse.ru/hub/user/aoshavrina/api/kernels/4e17dc8b-5eba-4990-88c4-2de8b2d67d2b?1790688687480:0
[ 5193454ms] [ERROR] Failed to load resource: the server responded with a status of 424 (Failed Dependency) @ https://jupyter.hpc.hse.ru/hub/user/aoshavrina/api/contents?content=1&1790688688335:0
[ 5199752ms] [ERROR] Failed to load resource: the server responded with a status of 424 (Failed Dependency) @ https://jupyter.hpc.hse.ru/hub/user/aoshavrina/api/kernels/68fedb24-6334-4703-8ae7-0ef85e4354d9?1790688694617:0
[ 5200575ms] [ERROR] Failed to load resource: the server responded with a status of 424 (Failed Dependency) @ https://jupyter.hpc.hse.ru/hub/user/aoshavrina/api/kernels/4e17dc8b-5eba-4990-88c4-2de8b2d67d2b?1790688695221:0
[ 5202227ms] [ERROR] Failed to load resource: the server responded with a status of 424 (Failed Dependency) @ https://jupyter.hpc.hse.ru/hub/user/aoshavrina/api/kernels/68fedb24-6334-4703-8ae7-0ef85e4354d9?1790688697113:0
[ 5203513ms] [ERROR] Failed to load resource: the server responded with a status of 424 (Failed Dependency) @ https://jupyter.hpc.hse.ru/hub/user/aoshavrina/api/contents?content=1&1790688698395:0
[ 5205727ms] [ERROR] Failed to load resource: the server responded with a status of 424 (Failed Dependency) @ https://jupyter.hpc.hse.ru/hub/user/aoshavrina/api/kernels/eba0e010-f0c7-491a-8b44-427819e4200f?1790688700371:0
[ 5213583ms] [ERROR] Failed to load resource: the server responded with a status of 424 (Failed Dependency) @ https://jupyter.hpc.hse.ru/hub/user/aoshavrina/api/contents?content=1&1790688708463:0
[ 5220627ms] [ERROR] Failed to load resource: the server responded with a status of 424 (Failed Dependency) @ https://jupyter.hpc.hse.ru/hub/user/aoshavrina/api/kernels/4e17dc8b-5eba-4990-88c4-2de8b2d67d2b?1790688715512:0
[ 5221669ms] [ERROR] Failed to load resource: the server responded with a status of 424 (Failed Dependency) @ https://jupyter.hpc.hse.ru/hub/user/aoshavrina/api/kernels/4e17dc8b-5eba-4990-88c4-2de8b2d67d2b?1790688716554:0
[ 5223637ms] [ERROR] Failed to load resource: the server responded with a status of 424 (Failed Dependency) @ https://jupyter.hpc.hse.ru/hub/user/aoshavrina/api/contents?content=1&1790688718520:0
[ 5225529ms] [ERROR] Failed to load resource: the server responded with a status of 424 (Failed Dependency) @ https://jupyter.hpc.hse.ru/hub/user/aoshavrina/api/kernels/68fedb24-6334-4703-8ae7-0ef85e4354d9?1790688720167:0
[ 5226792ms] [ERROR] Failed to load resource: the server responded with a status of 424 (Failed Dependency) @ https://jupyter.hpc.hse.ru/hub/user/aoshavrina/api/kernels/eba0e010-f0c7-491a-8b44-427819e4200f?1790688721669:0
[ 5229830ms] [ERROR] Failed to load resource: the server responded with a status of 424 (Failed Dependency) @ https://jupyter.hpc.hse.ru/hub/user/aoshavrina/api/kernels/68fedb24-6334-4703-8ae7-0ef85e4354d9?1790688724694:0
[ 5233732ms] [ERROR] Failed to load resource: the server responded with a status of 424 (Failed Dependency) @ https://jupyter.hpc.hse.ru/hub/user/aoshavrina/api/contents?content=1&1790688728580:0
[ 5237867ms] [ERROR] Failed to load resource: the server responded with a status of 424 (Failed Dependency) @ https://jupyter.hpc.hse.ru/hub/user/aoshavrina/api/kernels/eba0e010-f0c7-491a-8b44-427819e4200f?1790688732734:0
[ 5243810ms] [ERROR] Failed to load resource: the server responded with a status of 424 (Failed Dependency) @ https://jupyter.hpc.hse.ru/hub/user/aoshavrina/api/contents?content=1&1790688738684:0
[ 5246756ms] [ERROR] Failed to load resource: the server responded with a status of 424 (Failed Dependency) @ https://jupyter.hpc.hse.ru/hub/user/aoshavrina/api/kernels/4e17dc8b-5eba-4990-88c4-2de8b2d67d2b?1790688741577:0
[ 5246795ms] [ERROR] Failed to load resource: the server responded with a status of 424 (Failed Dependency) @ https://jupyter.hpc.hse.ru/hub/user/aoshavrina/api/kernels/4e17dc8b-5eba-4990-88c4-2de8b2d67d2b?1790688741608:0
[ 5251601ms] [ERROR] Failed to load resource: the server responded with a status of 424 (Failed Dependency) @ https://jupyter.hpc.hse.ru/hub/user/aoshavrina/api/kernels/68fedb24-6334-4703-8ae7-0ef85e4354d9?1790688746479:0
[ 5251928ms] [ERROR] Failed to load resource: the server responded with a status of 424 (Failed Dependency) @ https://jupyter.hpc.hse.ru/hub/user/aoshavrina/api/kernels/eba0e010-f0c7-491a-8b44-427819e4200f?1790688746806:0
[ 5253880ms] [ERROR] Failed to load resource: the server responded with a status of 424 (Failed Dependency) @ https://jupyter.hpc.hse.ru/hub/user/aoshavrina/api/contents?content=1&1790688748749:0
[ 5259891ms] [ERROR] Failed to load resource: the server responded with a status of 424 (Failed Dependency) @ https://jupyter.hpc.hse.ru/hub/user/aoshavrina/api/kernels/68fedb24-6334-4703-8ae7-0ef85e4354d9?1790688754773:0
[ 5263863ms] [ERROR] Failed to load resource: the server responded with a status of 424 (Failed Dependency) @ https://jupyter.hpc.hse.ru/hub/user/aoshavrina/api/kernels/4e17dc8b-5eba-4990-88c4-2de8b2d67d2b?1790688758745:0
[ 5263941ms] [ERROR] Failed to load resource: the server responded with a status of 424 (Failed Dependency) @ https://jupyter.hpc.hse.ru/hub/user/aoshavrina/api/contents?content=1&1790688758823:0
[ 5263986ms] [ERROR] Failed to load resource: the server responded with a status of 424 (Failed Dependency) @ https://jupyter.hpc.hse.ru/hub/user/aoshavrina/api/kernels/eba0e010-f0c7-491a-8b44-427819e4200f?1790688758870:0
[ 5268874ms] [ERROR] Failed to load resource: the server responded with a status of 424 (Failed Dependency) @ https://jupyter.hpc.hse.ru/hub/user/aoshavrina/api/kernels/68fedb24-6334-4703-8ae7-0ef85e4354d9?1790688763541:0
[ 5273047ms] [ERROR] Failed to load resource: the server responded with a status of 424 (Failed Dependency) @ https://jupyter.hpc.hse.ru/hub/user/aoshavrina/api/kernels/4e17dc8b-5eba-4990-88c4-2de8b2d67d2b?1790688767700:0
[ 5273999ms] [ERROR] Failed to load resource: the server responded with a status of 424 (Failed Dependency) @ https://jupyter.hpc.hse.ru/hub/user/aoshavrina/api/contents?content=1&1790688768882:0
[ 5283938ms] [ERROR] Failed to load resource: the server responded with a status of 424 (Failed Dependency) @ https://jupyter.hpc.hse.ru/hub/user/aoshavrina/api/kernels/68fedb24-6334-4703-8ae7-0ef85e4354d9?1790688778811:0
[ 5284067ms] [ERROR] Failed to load resource: the server responded with a status of 424 (Failed Dependency) @ https://jupyter.hpc.hse.ru/hub/user/aoshavrina/api/contents?content=1&1790688778947:0
[ 5284204ms] [ERROR] Failed to load resource: the server responded with a status of 405 (Method Not Allowed) @ https://jupyter.hpc.hse.ru/user/aoshavrina/api/contents?1790688778997:0
[ 5284205ms] [WARNING] Showing error: r: Invalid response: 405 Method Not Allowed
    at r.create (https://jupyter.hpc.hse.ru/user/aoshavrina/static/lab/jlab_core.fc632a0f38747f007842.js?v=fc632a0f38747f007842:2:1095654)
    at async g.newUntitled (https://jupyter.hpc.hse.ru/user/aoshavrina/static/lab/jlab_core.fc632a0f38747f007842.js?v=fc632a0f38747f007842:2:1048271) @ https://jupyter.hpc.hse.ru/user/aoshavrina/static/lab/jlab_core.fc632a0f38747f007842.js?v=fc632a0f38747f007842:1
[ 5285041ms] [ERROR] Failed to load resource: the server responded with a status of 424 (Failed Dependency) @ https://jupyter.hpc.hse.ru/hub/user/aoshavrina/api/kernels/eba0e010-f0c7-491a-8b44-427819e4200f?1790688779922:0
[ 5285959ms] [ERROR] Failed to load resource: the server responded with a status of 424 (Failed Dependency) @ https://jupyter.hpc.hse.ru/hub/user/aoshavrina/api/kernels/4e17dc8b-5eba-4990-88c4-2de8b2d67d2b?1790688780836:0
[ 5287129ms] [ERROR] Failed to load resource: the server responded with a status of 405 (Method Not Allowed) @ https://jupyter.hpc.hse.ru/user/aoshavrina/api/contents?1790688781952:0
[ 5287130ms] [WARNING] Showing error: r: Invalid response: 405 Method Not Allowed
    at r.create (https://jupyter.hpc.hse.ru/user/aoshavrina/static/lab/jlab_core.fc632a0f38747f007842.js?v=fc632a0f38747f007842:2:1095654)
    at async g.newUntitled (https://jupyter.hpc.hse.ru/user/aoshavrina/static/lab/jlab_core.fc632a0f38747f007842.js?v=fc632a0f38747f007842:2:1048271) @ https://jupyter.hpc.hse.ru/user/aoshavrina/static/lab/jlab_core.fc632a0f38747f007842.js?v=fc632a0f38747f007842:1
[ 5288950ms] [ERROR] Failed to load resource: the server responded with a status of 424 (Failed Dependency) @ https://jupyter.hpc.hse.ru/hub/user/aoshavrina/api/kernels/68fedb24-6334-4703-8ae7-0ef85e4354d9?1790688783830:0
[ 5290732ms] [ERROR] Failed to load resource: the server responded with a status of 405 (Method Not Allowed) @ https://jupyter.hpc.hse.ru/user/aoshavrina/lab/api/workspaces/default?1790688785324:0
[ 5293037ms] [ERROR] Failed to load resource: the server responded with a status of 424 (Failed Dependency) @ https://jupyter.hpc.hse.ru/hub/user/aoshavrina/api/contents?content=1&1790688787667:0
[ 5293432ms] [ERROR] Failed to load resource: the server responded with a status of 405 (Method Not Allowed) @ https://jupyter.hpc.hse.ru/user/aoshavrina/lab/api/workspaces/default?1790688788181:0
[ 5295006ms] [ERROR] Failed to load resource: the server responded with a status of 424 (Failed Dependency) @ https://jupyter.hpc.hse.ru/hub/user/aoshavrina/api/kernels/68fedb24-6334-4703-8ae7-0ef85e4354d9?1790688789876:0
[ 5296113ms] [ERROR] Failed to load resource: the server responded with a status of 424 (Failed Dependency) @ https://jupyter.hpc.hse.ru/hub/user/aoshavrina/api/kernels/4e17dc8b-5eba-4990-88c4-2de8b2d67d2b?1790688790994:0
[ 5298185ms] [ERROR] Failed to load resource: the server responded with a status of 424 (Failed Dependency) @ https://jupyter.hpc.hse.ru/hub/user/aoshavrina/api/contents?content=1&1790688793061:0
[ 5298292ms] [ERROR] Failed to load resource: the server responded with a status of 424 (Failed Dependency) @ https://jupyter.hpc.hse.ru/hub/user/aoshavrina/api/contents?content=1&1790688793164:0
[ 5299251ms] [ERROR] Failed to load resource: the server responded with a status of 424 (Failed Dependency) @ https://jupyter.hpc.hse.ru/hub/user/aoshavrina/api/kernels/68fedb24-6334-4703-8ae7-0ef85e4354d9?1790688793888:0
[ 5299997ms] [ERROR] Failed to load resource: the server responded with a status of 424 (Failed Dependency) @ https://jupyter.hpc.hse.ru/hub/user/aoshavrina/api/contents/war_and_peace_schweinhart_draft.ipynb?content=0&1790688794869:0
[ 5299998ms] [WARNING] Showing error: r: JupyterHub server no longer running at /user/aoshavrina/api/contents/war_and_peace_schweinhart_draft.ipynb. Restart the server at https://jupyter.hpc.hse.ru/hub/spawn/aoshavrina
    at r.create (https://jupyter.hpc.hse.ru/user/aoshavrina/static/lab/jlab_core.fc632a0f38747f007842.js?v=fc632a0f38747f007842:2:1095583)
    at async g.get (https://jupyter.hpc.hse.ru/user/aoshavrina/static/lab/jlab_core.fc632a0f38747f007842.js?v=fc632a0f38747f007842:2:1047591)
    at async h._save (https://jupyter.hpc.hse.ru/user/aoshavrina/static/lab/jlab_core.fc632a0f38747f007842.js?v=fc632a0f38747f007842:2:515542) @ https://jupyter.hpc.hse.ru/user/aoshavrina/static/lab/jlab_core.fc632a0f38747f007842.js?v=fc632a0f38747f007842:1
[ 5300006ms] r: JupyterHub server no longer running at /user/aoshavrina/api/contents/war_and_peace_schweinhart_draft.ipynb. Restart the server at https://jupyter.hpc.hse.ru/hub/spawn/aoshavrina
    at r.create (https://jupyter.hpc.hse.ru/user/aoshavrina/static/lab/jlab_core.fc632a0f38747f007842.js?v=fc632a0f38747f007842:2:1095583)
    at async g.get (https://jupyter.hpc.hse.ru/user/aoshavrina/static/lab/jlab_core.fc632a0f38747f007842.js?v=fc632a0f38747f007842:2:1047591)
    at async h._save (https://jupyter.hpc.hse.ru/user/aoshavrina/static/lab/jlab_core.fc632a0f38747f007842.js?v=fc632a0f38747f007842:2:515542)
[ 5300106ms] [ERROR] Failed to load resource: the server responded with a status of 424 (Failed Dependency) @ https://jupyter.hpc.hse.ru/hub/user/aoshavrina/api/contents?content=1&1790688794983:0
[ 5310178ms] [ERROR] Failed to load resource: the server responded with a status of 424 (Failed Dependency) @ https://jupyter.hpc.hse.ru/hub/user/aoshavrina/api/contents?content=1&1790688805044:0
[ 5311106ms] [ERROR] Failed to load resource: the server responded with a status of 424 (Failed Dependency) @ https://jupyter.hpc.hse.ru/hub/user/aoshavrina/api/kernels/eba0e010-f0c7-491a-8b44-427819e4200f?1790688805982:0
[ 5311428ms] [ERROR] Failed to load resource: the server responded with a status of 424 (Failed Dependency) @ https://jupyter.hpc.hse.ru/hub/user/aoshavrina/api/contents?content=1&1790688806308:0
[ 5313515ms] [ERROR] Failed to load resource: the server responded with a status of 405 (Method Not Allowed) @ https://jupyter.hpc.hse.ru/user/aoshavrina/lab/api/workspaces/default?1790688808268:0
[ 5314069ms] [ERROR] Failed to load resource: the server responded with a status of 424 (Failed Dependency) @ https://jupyter.hpc.hse.ru/hub/user/aoshavrina/api/kernels/68fedb24-6334-4703-8ae7-0ef85e4354d9?1790688808943:0
[ 5314974ms] [ERROR] Failed to load resource: the server responded with a status of 424 (Failed Dependency) @ https://jupyter.hpc.hse.ru/hub/user/aoshavrina/api/contents?content=1&1790688809816:0
[ 5315025ms] [ERROR] Failed to load resource: the server responded with a status of 424 (Failed Dependency) @ https://jupyter.hpc.hse.ru/hub/user/aoshavrina/api/kernels/4e17dc8b-5eba-4990-88c4-2de8b2d67d2b?1790688809896:0
[ 5315549ms] [ERROR] Failed to load resource: the server responded with a status of 405 (Method Not Allowed) @ https://jupyter.hpc.hse.ru/user/aoshavrina/lab/api/workspaces/default?1790688810332:0
[ 5316171ms] [ERROR] Failed to load resource: the server responded with a status of 424 (Failed Dependency) @ https://jupyter.hpc.hse.ru/hub/user/aoshavrina/api/kernels/4e17dc8b-5eba-4990-88c4-2de8b2d67d2b?1790688811050:0
[ 5319325ms] [ERROR] Failed to load resource: the server responded with a status of 424 (Failed Dependency) @ https://jupyter.hpc.hse.ru/hub/user/aoshavrina/api/kernels/68fedb24-6334-4703-8ae7-0ef85e4354d9?1790688814201:0
[ 5325052ms] [ERROR] Failed to load resource: the server responded with a status of 424 (Failed Dependency) @ https://jupyter.hpc.hse.ru/hub/user/aoshavrina/api/contents?content=1&1790688819927:0
[ 5333165ms] [ERROR] Failed to load resource: the server responded with a status of 424 (Failed Dependency) @ https://jupyter.hpc.hse.ru/hub/user/aoshavrina/api/kernels/eba0e010-f0c7-491a-8b44-427819e4200f?1790688828047:0
[ 5335121ms] [ERROR] Failed to load resource: the server responded with a status of 424 (Failed Dependency) @ https://jupyter.hpc.hse.ru/hub/user/aoshavrina/api/contents?content=1&1790688830000:0
[ 5337236ms] [ERROR] Failed to load resource: the server responded with a status of 424 (Failed Dependency) @ https://jupyter.hpc.hse.ru/hub/user/aoshavrina/api/kernels/4e17dc8b-5eba-4990-88c4-2de8b2d67d2b?1790688832116:0
[ 5339131ms] [ERROR] Failed to load resource: the server responded with a status of 424 (Failed Dependency) @ https://jupyter.hpc.hse.ru/hub/user/aoshavrina/api/kernels/68fedb24-6334-4703-8ae7-0ef85e4354d9?1790688834010:0
[ 5344102ms] [ERROR] Failed to load resource: the server responded with a status of 424 (Failed Dependency) @ https://jupyter.hpc.hse.ru/hub/user/aoshavrina/api/kernels/4e17dc8b-5eba-4990-88c4-2de8b2d67d2b?1790688838965:0
[ 5345186ms] [ERROR] Failed to load resource: the server responded with a status of 424 (Failed Dependency) @ https://jupyter.hpc.hse.ru/hub/user/aoshavrina/api/contents?content=1&1790688840062:0
[ 5349393ms] [ERROR] Failed to load resource: the server responded with a status of 424 (Failed Dependency) @ https://jupyter.hpc.hse.ru/hub/user/aoshavrina/api/kernels/68fedb24-6334-4703-8ae7-0ef85e4354d9?1790688844276:0
[ 5351306ms] [ERROR] Failed to load resource: the server responded with a status of 424 (Failed Dependency) @ https://jupyter.hpc.hse.ru/hub/user/aoshavrina/api/kernels/4e17dc8b-5eba-4990-88c4-2de8b2d67d2b?1790688846176:0
[ 5355249ms] [ERROR] Failed to load resource: the server responded with a status of 424 (Failed Dependency) @ https://jupyter.hpc.hse.ru/hub/user/aoshavrina/api/contents?content=1&1790688850125:0
[ 5358158ms] [ERROR] Failed to load resource: the server responded with a status of 424 (Failed Dependency) @ https://jupyter.hpc.hse.ru/hub/user/aoshavrina/api/kernels/4e17dc8b-5eba-4990-88c4-2de8b2d67d2b?1790688853040:0
[ 5358239ms] [ERROR] Failed to load resource: the server responded with a status of 424 (Failed Dependency) @ https://jupyter.hpc.hse.ru/hub/user/aoshavrina/api/kernels/eba0e010-f0c7-491a-8b44-427819e4200f?1790688853118:0
[ 5365318ms] [ERROR] Failed to load resource: the server responded with a status of 424 (Failed Dependency) @ https://jupyter.hpc.hse.ru/hub/user/aoshavrina/api/contents?content=1&1790688860189:0
[ 5365450ms] [ERROR] Failed to load resource: the server responded with a status of 424 (Failed Dependency) @ https://jupyter.hpc.hse.ru/hub/user/aoshavrina/api/kernels/68fedb24-6334-4703-8ae7-0ef85e4354d9?1790688860331:0
[ 5368190ms] [ERROR] Failed to load resource: the server responded with a status of 424 (Failed Dependency) @ https://jupyter.hpc.hse.ru/hub/user/aoshavrina/api/kernels/68fedb24-6334-4703-8ae7-0ef85e4354d9?1790688863074:0
[ 5369227ms] [ERROR] Failed to load resource: the server responded with a status of 424 (Failed Dependency) @ https://jupyter.hpc.hse.ru/hub/user/aoshavrina/api/kernels/4e17dc8b-5eba-4990-88c4-2de8b2d67d2b?1790688864109:0
[ 5369323ms] [ERROR] Failed to load resource: the server responded with a status of 424 (Failed Dependency) @ https://jupyter.hpc.hse.ru/hub/user/aoshavrina/api/kernels/eba0e010-f0c7-491a-8b44-427819e4200f?1790688864187:0
[ 5371370ms] [ERROR] Failed to load resource: the server responded with a status of 424 (Failed Dependency) @ https://jupyter.hpc.hse.ru/hub/user/aoshavrina/api/kernels/4e17dc8b-5eba-4990-88c4-2de8b2d67d2b?1790688866251:0
[ 5375391ms] [ERROR] Failed to load resource: the server responded with a status of 424 (Failed Dependency) @ https://jupyter.hpc.hse.ru/hub/user/aoshavrina/api/contents?content=1&1790688870264:0
[ 5383387ms] [ERROR] Failed to load resource: the server responded with a status of 424 (Failed Dependency) @ https://jupyter.hpc.hse.ru/hub/user/aoshavrina/api/kernels/eba0e010-f0c7-491a-8b44-427819e4200f?1790688878263:0
[ 5385457ms] [ERROR] Failed to load resource: the server responded with a status of 424 (Failed Dependency) @ https://jupyter.hpc.hse.ru/hub/user/aoshavrina/api/contents?content=1&1790688880332:0
[ 5386250ms] [ERROR] Failed to load resource: the server responded with a status of 424 (Failed Dependency) @ https://jupyter.hpc.hse.ru/hub/user/aoshavrina/api/kernels/68fedb24-6334-4703-8ae7-0ef85e4354d9?1790688881130:0
[ 5387288ms] [ERROR] Failed to load resource: the server responded with a status of 424 (Failed Dependency) @ https://jupyter.hpc.hse.ru/hub/user/aoshavrina/api/kernels/4e17dc8b-5eba-4990-88c4-2de8b2d67d2b?1790688882164:0
[ 5390531ms] [ERROR] Failed to load resource: the server responded with a status of 424 (Failed Dependency) @ https://jupyter.hpc.hse.ru/hub/user/aoshavrina/api/kernels/68fedb24-6334-4703-8ae7-0ef85e4354d9?1790688885397:0
[ 5390810ms] [ERROR] Failed to load resource: the server responded with a status of 424 (Failed Dependency) @ https://jupyter.hpc.hse.ru/hub/user/aoshavrina/api/contents/war_and_peace_schweinhart_draft.ipynb?content=0&1790688885674:0
[ 5390811ms] [WARNING] Showing error: r: JupyterHub server no longer running at /user/aoshavrina/api/contents/war_and_peace_schweinhart_draft.ipynb. Restart the server at https://jupyter.hpc.hse.ru/hub/spawn/aoshavrina
    at r.create (https://jupyter.hpc.hse.ru/user/aoshavrina/static/lab/jlab_core.fc632a0f38747f007842.js?v=fc632a0f38747f007842:2:1095583)
    at async g.get (https://jupyter.hpc.hse.ru/user/aoshavrina/static/lab/jlab_core.fc632a0f38747f007842.js?v=fc632a0f38747f007842:2:1047591)
    at async h._save (https://jupyter.hpc.hse.ru/user/aoshavrina/static/lab/jlab_core.fc632a0f38747f007842.js?v=fc632a0f38747f007842:2:515542) @ https://jupyter.hpc.hse.ru/user/aoshavrina/static/lab/jlab_core.fc632a0f38747f007842.js?v=fc632a0f38747f007842:1
[ 5390813ms] [ERROR] Error in Auto-Save JupyterHub server no longer running at /user/aoshavrina/api/contents/war_and_peace_schweinhart_draft.ipynb. Restart the server at https://jupyter.hpc.hse.ru/hub/spawn/aoshavrina @ https://jupyter.hpc.hse.ru/user/aoshavrina/static/lab/jlab_core.fc632a0f38747f007842.js?v=fc632a0f38747f007842:1
[ 5394439ms] [ERROR] Failed to load resource: the server responded with a status of 424 (Failed Dependency) @ https://jupyter.hpc.hse.ru/hub/user/aoshavrina/api/kernels/4e17dc8b-5eba-4990-88c4-2de8b2d67d2b?1790688889313:0
[ 5395521ms] [ERROR] Failed to load resource: the server responded with a status of 424 (Failed Dependency) @ https://jupyter.hpc.hse.ru/hub/user/aoshavrina/api/contents?content=1&1790688890397:0
[ 5401312ms] [ERROR] Failed to load resource: the server responded with a status of 424 (Failed Dependency) @ https://jupyter.hpc.hse.ru/hub/user/aoshavrina/api/kernels/68fedb24-6334-4703-8ae7-0ef85e4354d9?1790688896193:0
[ 5403106ms] [ERROR] Failed to load resource: the server responded with a status of 424 (Failed Dependency) @ https://jupyter.hpc.hse.ru/hub/user/aoshavrina/api/sessions?1790688897985:0
[ 5405447ms] [ERROR] Failed to load resource: the server responded with a status of 424 (Failed Dependency) @ https://jupyter.hpc.hse.ru/hub/user/aoshavrina/api/kernels/eba0e010-f0c7-491a-8b44-427819e4200f?1790688900328:0
[ 5405587ms] [ERROR] Failed to load resource: the server responded with a status of 424 (Failed Dependency) @ https://jupyter.hpc.hse.ru/hub/user/aoshavrina/api/contents?content=1&1790688900470:0
[ 5406371ms] [ERROR] Failed to load resource: the server responded with a status of 424 (Failed Dependency) @ https://jupyter.hpc.hse.ru/hub/user/aoshavrina/api/kernels/4e17dc8b-5eba-4990-88c4-2de8b2d67d2b?1790688901239:0
[ 5408500ms] [ERROR] Failed to load resource: the server responded with a status of 424 (Failed Dependency) @ https://jupyter.hpc.hse.ru/hub/user/aoshavrina/api/kernels/4e17dc8b-5eba-4990-88c4-2de8b2d67d2b?1790688903381:0
[ 5410590ms] [ERROR] Failed to load resource: the server responded with a status of 424 (Failed Dependency) @ https://jupyter.hpc.hse.ru/hub/user/aoshavrina/api/kernels/68fedb24-6334-4703-8ae7-0ef85e4354d9?1790688905470:0
[ 5415380ms] [ERROR] Failed to load resource: the server responded with a status of 424 (Failed Dependency) @ https://jupyter.hpc.hse.ru/hub/user/aoshavrina/api/kernels/68fedb24-6334-4703-8ae7-0ef85e4354d9?1790688910257:0
[ 5415639ms] [ERROR] Failed to load resource: the server responded with a status of 424 (Failed Dependency) @ https://jupyter.hpc.hse.ru/hub/user/aoshavrina/api/contents?content=1&1790688910525:0
[ 5420435ms] [ERROR] Failed to load resource: the server responded with a status of 424 (Failed Dependency) @ https://jupyter.hpc.hse.ru/hub/user/aoshavrina/api/kernels/4e17dc8b-5eba-4990-88c4-2de8b2d67d2b?1790688915318:0
[ 5422506ms] [ERROR] Failed to load resource: the server responded with a status of 424 (Failed Dependency) @ https://jupyter.hpc.hse.ru/hub/user/aoshavrina/api/kernels/eba0e010-f0c7-491a-8b44-427819e4200f?1790688917387:0
[ 5425709ms] [ERROR] Failed to load resource: the server responded with a status of 424 (Failed Dependency) @ https://jupyter.hpc.hse.ru/hub/user/aoshavrina/api/contents?content=1&1790688920590:0
[ 5428561ms] [ERROR] Failed to load resource: the server responded with a status of 424 (Failed Dependency) @ https://jupyter.hpc.hse.ru/hub/user/aoshavrina/api/kernels/4e17dc8b-5eba-4990-88c4-2de8b2d67d2b?1790688923442:0
[ 5429655ms] [ERROR] Failed to load resource: the server responded with a status of 424 (Failed Dependency) @ https://jupyter.hpc.hse.ru/hub/user/aoshavrina/api/kernels/68fedb24-6334-4703-8ae7-0ef85e4354d9?1790688924539:0
[ 5435779ms] [ERROR] Failed to load resource: the server responded with a status of 424 (Failed Dependency) @ https://jupyter.hpc.hse.ru/hub/user/aoshavrina/api/contents?content=1&1790688930654:0
[ 5436434ms] [ERROR] Failed to load resource: the server responded with a status of 424 (Failed Dependency) @ https://jupyter.hpc.hse.ru/hub/user/aoshavrina/api/kernels/68fedb24-6334-4703-8ae7-0ef85e4354d9?1790688931317:0
[ 5437086ms] [ERROR] Failed to load resource: the server responded with a status of 424 (Failed Dependency) @ https://jupyter.hpc.hse.ru/hub/user/aoshavrina/api/terminals?1790688931970:0
[ 5438504ms] [ERROR] Failed to load resource: the server responded with a status of 424 (Failed Dependency) @ https://jupyter.hpc.hse.ru/hub/user/aoshavrina/api/kernels/4e17dc8b-5eba-4990-88c4-2de8b2d67d2b?1790688933385:0
[ 5439587ms] [ERROR] Failed to load resource: the server responded with a status of 424 (Failed Dependency) @ https://jupyter.hpc.hse.ru/hub/user/aoshavrina/api/kernels?1790688934455:0
[ 5440623ms] [ERROR] Failed to load resource: the server responded with a status of 424 (Failed Dependency) @ https://jupyter.hpc.hse.ru/hub/user/aoshavrina/api/kernels/4e17dc8b-5eba-4990-88c4-2de8b2d67d2b?1790688935503:0
[ 5443716ms] [ERROR] Failed to load resource: the server responded with a status of 424 (Failed Dependency) @ https://jupyter.hpc.hse.ru/hub/user/aoshavrina/api/kernels/68fedb24-6334-4703-8ae7-0ef85e4354d9?1790688938597:0
[ 5445838ms] [ERROR] Failed to load resource: the server responded with a status of 424 (Failed Dependency) @ https://jupyter.hpc.hse.ru/hub/user/aoshavrina/api/contents?content=1&1790688940720:0
[ 5446562ms] [ERROR] Failed to load resource: the server responded with a status of 424 (Failed Dependency) @ https://jupyter.hpc.hse.ru/hub/user/aoshavrina/api/kernels/eba0e010-f0c7-491a-8b44-427819e4200f?1790688941444:0
[ 5455938ms] [ERROR] Failed to load resource: the server responded with a status of 424 (Failed Dependency) @ https://jupyter.hpc.hse.ru/hub/user/aoshavrina/api/contents?content=1&1790688950776:0
[ 5458498ms] [ERROR] Failed to load resource: the server responded with a status of 424 (Failed Dependency) @ https://jupyter.hpc.hse.ru/hub/user/aoshavrina/api/kernels/68fedb24-6334-4703-8ae7-0ef85e4354d9?1790688953375:0
[ 5459346ms] [ERROR] Failed to load resource: the server responded with a status of 424 (Failed Dependency) @ https://jupyter.hpc.hse.ru/hub/user/aoshavrina/api/kernelspecs?1790688954228:0
[ 5464679ms] [ERROR] Failed to load resource: the server responded with a status of 424 (Failed Dependency) @ https://jupyter.hpc.hse.ru/hub/user/aoshavrina/api/kernels/4e17dc8b-5eba-4990-88c4-2de8b2d67d2b?1790688959562:0
[ 5466005ms] [ERROR] Failed to load resource: the server responded with a status of 424 (Failed Dependency) @ https://jupyter.hpc.hse.ru/hub/user/aoshavrina/api/contents?content=1&1790688960885:0
[ 5466562ms] [ERROR] Failed to load resource: the server responded with a status of 424 (Failed Dependency) @ https://jupyter.hpc.hse.ru/hub/user/aoshavrina/api/kernels/4e17dc8b-5eba-4990-88c4-2de8b2d67d2b?1790688961446:0
[ 5468778ms] [ERROR] Failed to load resource: the server responded with a status of 424 (Failed Dependency) @ https://jupyter.hpc.hse.ru/hub/user/aoshavrina/api/kernels/68fedb24-6334-4703-8ae7-0ef85e4354d9?1790688963660:0
[ 5472563ms] [ERROR] Failed to load resource: the server responded with a status of 424 (Failed Dependency) @ https://jupyter.hpc.hse.ru/hub/user/aoshavrina/api/kernels/68fedb24-6334-4703-8ae7-0ef85e4354d9?1790688967439:0
[ 5472616ms] [ERROR] Failed to load resource: the server responded with a status of 424 (Failed Dependency) @ https://jupyter.hpc.hse.ru/hub/user/aoshavrina/api/kernels/eba0e010-f0c7-491a-8b44-427819e4200f?1790688967501:0
[ 5476071ms] [ERROR] Failed to load resource: the server responded with a status of 424 (Failed Dependency) @ https://jupyter.hpc.hse.ru/hub/user/aoshavrina/api/contents?content=1&1790688970953:0
[ 5484683ms] [ERROR] Failed to load resource: the server responded with a status of 424 (Failed Dependency) @ https://jupyter.hpc.hse.ru/hub/user/aoshavrina/api/kernels/eba0e010-f0c7-491a-8b44-427819e4200f?1790688979567:0
[ 5484834ms] [ERROR] Failed to load resource: the server responded with a status of 424 (Failed Dependency) @ https://jupyter.hpc.hse.ru/hub/user/aoshavrina/api/kernels/68fedb24-6334-4703-8ae7-0ef85e4354d9?1790688979722:0
[ 5486139ms] [ERROR] Failed to load resource: the server responded with a status of 424 (Failed Dependency) @ https://jupyter.hpc.hse.ru/hub/user/aoshavrina/api/contents?content=1&1790688981010:0
[ 5488628ms] [ERROR] Failed to load resource: the server responded with a status of 424 (Failed Dependency) @ https://jupyter.hpc.hse.ru/hub/user/aoshavrina/api/kernels/68fedb24-6334-4703-8ae7-0ef85e4354d9?1790688983507:0
[ 5490739ms] [ERROR] Failed to load resource: the server responded with a status of 424 (Failed Dependency) @ https://jupyter.hpc.hse.ru/hub/user/aoshavrina/api/kernels/4e17dc8b-5eba-4990-88c4-2de8b2d67d2b?1790688985620:0
[ 5491621ms] [ERROR] Failed to load resource: the server responded with a status of 424 (Failed Dependency) @ https://jupyter.hpc.hse.ru/hub/user/aoshavrina/api/kernels/4e17dc8b-5eba-4990-88c4-2de8b2d67d2b?1790688986507:0
[ 5496209ms] [ERROR] Failed to load resource: the server responded with a status of 424 (Failed Dependency) @ https://jupyter.hpc.hse.ru/hub/user/aoshavrina/api/contents?content=1&1790688991091:0
[ 5498746ms] [ERROR] Failed to load resource: the server responded with a status of 424 (Failed Dependency) @ https://jupyter.hpc.hse.ru/hub/user/aoshavrina/api/kernels/eba0e010-f0c7-491a-8b44-427819e4200f?1790688993620:0
[ 5499901ms] [ERROR] Failed to load resource: the server responded with a status of 424 (Failed Dependency) @ https://jupyter.hpc.hse.ru/hub/user/aoshavrina/api/kernels/68fedb24-6334-4703-8ae7-0ef85e4354d9?1790688994783:0
[ 5502802ms] [ERROR] Failed to load resource: the server responded with a status of 424 (Failed Dependency) @ https://jupyter.hpc.hse.ru/hub/user/aoshavrina/api/kernels/4e17dc8b-5eba-4990-88c4-2de8b2d67d2b?1790688997681:0
[ 5506270ms] [ERROR] Failed to load resource: the server responded with a status of 424 (Failed Dependency) @ https://jupyter.hpc.hse.ru/hub/user/aoshavrina/api/contents?content=1&1790689001155:0
[ 5507682ms] [ERROR] Failed to load resource: the server responded with a status of 424 (Failed Dependency) @ https://jupyter.hpc.hse.ru/hub/user/aoshavrina/api/kernels/68fedb24-6334-4703-8ae7-0ef85e4354d9?1790689002565:0
[ 5510674ms] [ERROR] Failed to load resource: the server responded with a status of 424 (Failed Dependency) @ https://jupyter.hpc.hse.ru/hub/user/aoshavrina/api/kernels/4e17dc8b-5eba-4990-88c4-2de8b2d67d2b?1790689005558:0
[ 5510807ms] [ERROR] Failed to load resource: the server responded with a status of 424 (Failed Dependency) @ https://jupyter.hpc.hse.ru/hub/user/aoshavrina/api/contents/war_and_peace_schweinhart_draft.ipynb?content=0&1790689005683:0
[ 5510808ms] [WARNING] Showing error: r: JupyterHub server no longer running at /user/aoshavrina/api/contents/war_and_peace_schweinhart_draft.ipynb. Restart the server at https://jupyter.hpc.hse.ru/hub/spawn/aoshavrina
    at r.create (https://jupyter.hpc.hse.ru/user/aoshavrina/static/lab/jlab_core.fc632a0f38747f007842.js?v=fc632a0f38747f007842:2:1095583)
    at async g.get (https://jupyter.hpc.hse.ru/user/aoshavrina/static/lab/jlab_core.fc632a0f38747f007842.js?v=fc632a0f38747f007842:2:1047591)
    at async h._save (https://jupyter.hpc.hse.ru/user/aoshavrina/static/lab/jlab_core.fc632a0f38747f007842.js?v=fc632a0f38747f007842:2:515542) @ https://jupyter.hpc.hse.ru/user/aoshavrina/static/lab/jlab_core.fc632a0f38747f007842.js?v=fc632a0f38747f007842:1
[ 5510808ms] [ERROR] Error in Auto-Save JupyterHub server no longer running at /user/aoshavrina/api/contents/war_and_peace_schweinhart_draft.ipynb. Restart the server at https://jupyter.hpc.hse.ru/hub/spawn/aoshavrina @ https://jupyter.hpc.hse.ru/user/aoshavrina/static/lab/jlab_core.fc632a0f38747f007842.js?v=fc632a0f38747f007842:1
[ 5514965ms] [ERROR] Failed to load resource: the server responded with a status of 424 (Failed Dependency) @ https://jupyter.hpc.hse.ru/hub/user/aoshavrina/api/kernels/68fedb24-6334-4703-8ae7-0ef85e4354d9?1790689009846:0
[ 5516330ms] [ERROR] Failed to load resource: the server responded with a status of 424 (Failed Dependency) @ https://jupyter.hpc.hse.ru/hub/user/aoshavrina/api/contents?content=1&1790689011212:0
[ 5516856ms] [ERROR] Failed to load resource: the server responded with a status of 424 (Failed Dependency) @ https://jupyter.hpc.hse.ru/hub/user/aoshavrina/api/kernels/4e17dc8b-5eba-4990-88c4-2de8b2d67d2b?1790689011739:0
[ 5520744ms] [ERROR] Failed to load resource: the server responded with a status of 424 (Failed Dependency) @ https://jupyter.hpc.hse.ru/hub/user/aoshavrina/api/kernels/68fedb24-6334-4703-8ae7-0ef85e4354d9?1790689015625:0
[ 5520803ms] [ERROR] Failed to load resource: the server responded with a status of 424 (Failed Dependency) @ https://jupyter.hpc.hse.ru/hub/user/aoshavrina/api/kernels/eba0e010-f0c7-491a-8b44-427819e4200f?1790689015689:0
[ 5524732ms] [ERROR] Failed to load resource: the server responded with a status of 424 (Failed Dependency) @ https://jupyter.hpc.hse.ru/hub/user/aoshavrina/api/kernels/4e17dc8b-5eba-4990-88c4-2de8b2d67d2b?1790689019612:0
[ 5525025ms] [ERROR] Failed to load resource: the server responded with a status of 424 (Failed Dependency) @ https://jupyter.hpc.hse.ru/hub/user/aoshavrina/api/kernels/68fedb24-6334-4703-8ae7-0ef85e4354d9?1790689019909:0
[ 5526394ms] [ERROR] Failed to load resource: the server responded with a status of 424 (Failed Dependency) @ https://jupyter.hpc.hse.ru/hub/user/aoshavrina/api/contents?content=1&1790689021272:0
[ 5530872ms] [ERROR] Failed to load resource: the server responded with a status of 424 (Failed Dependency) @ https://jupyter.hpc.hse.ru/hub/user/aoshavrina/api/kernels/eba0e010-f0c7-491a-8b44-427819e4200f?1790689025748:0
[ 5536454ms] [ERROR] Failed to load resource: the server responded with a status of 424 (Failed Dependency) @ https://jupyter.hpc.hse.ru/hub/user/aoshavrina/api/contents?content=1&1790689031333:0
[ 5536787ms] [ERROR] Failed to load resource: the server responded with a status of 424 (Failed Dependency) @ https://jupyter.hpc.hse.ru/hub/user/aoshavrina/api/kernels/4e17dc8b-5eba-4990-88c4-2de8b2d67d2b?1790689031673:0
[ 5539084ms] [ERROR] Failed to load resource: the server responded with a status of 424 (Failed Dependency) @ https://jupyter.hpc.hse.ru/hub/user/aoshavrina/api/kernels/68fedb24-6334-4703-8ae7-0ef85e4354d9?1790689033968:0
[ 5545803ms] [ERROR] Failed to load resource: the server responded with a status of 424 (Failed Dependency) @ https://jupyter.hpc.hse.ru/hub/user/aoshavrina/api/kernels/68fedb24-6334-4703-8ae7-0ef85e4354d9?1790689040688:0
[ 5545910ms] [ERROR] Failed to load resource: the server responded with a status of 424 (Failed Dependency) @ https://jupyter.hpc.hse.ru/hub/user/aoshavrina/api/kernels/4e17dc8b-5eba-4990-88c4-2de8b2d67d2b?1790689040797:0
[ 5546521ms] [ERROR] Failed to load resource: the server responded with a status of 424 (Failed Dependency) @ https://jupyter.hpc.hse.ru/hub/user/aoshavrina/api/contents?content=1&1790689041405:0
[ 5551952ms] [ERROR] Failed to load resource: the server responded with a status of 424 (Failed Dependency) @ https://jupyter.hpc.hse.ru/hub/user/aoshavrina/api/kernels/eba0e010-f0c7-491a-8b44-427819e4200f?1790689046817:0
[ 5556588ms] [ERROR] Failed to load resource: the server responded with a status of 424 (Failed Dependency) @ https://jupyter.hpc.hse.ru/hub/user/aoshavrina/api/contents?content=1&1790689051468:0
[ 5557979ms] [ERROR] Failed to load resource: the server responded with a status of 424 (Failed Dependency) @ https://jupyter.hpc.hse.ru/hub/user/aoshavrina/api/kernels/4e17dc8b-5eba-4990-88c4-2de8b2d67d2b?1790689052853:0
